yy-mm-dd,TP-ERA5_K,TP-EDA_K,PP-ERA5_mm,WM-ERA5_ms,WD-EDA_ms,RD_ERA5-Jm2,CHLA_S2-ugL
2023-01-01,295.7217,295.1,0.293731689453125,2.2360146,0.555556,4020688.0,
2023-01-02,294.56003,293.4,1.131156086921692,1.4618145,0.555556,3622236.0,
2023-01-03,294.49945,293.8,0.0018805265426635,1.6028203,0.277778,3707736.0,
2023-01-04,295.61148,295.45,0.0008553267689421,1.5245689,0.555556,3976584.0,
2023-01-05,297.53647,295.85,0.000435113790445,1.880835,0.555556,3959032.0,
2023-01-06,297.9845,296.6,0.2943158149719238,2.1436594,0.555556,3809516.0,
2023-01-07,299.3539,298.35,0.1999437808990478,2.4283433,0.555556,3568664.0,
2023-01-08,299.67307,298.9,0.1135021448135376,1.8523116,0.555556,3345056.0,
2023-01-09,298.8384,298.15,0.4288405179977417,2.2043965,0.555556,3652880.0,
2023-01-10,299.83044,298.9,0.5672872066497803,2.1949008,0.555556,3602748.0,
2023-01-11,297.39722,296.15,6.675213813781738,1.635055,0.555556,1316152.0,
2023-01-12,292.43265,289.7,0.039885651320219,1.4602866,0.555556,3841936.0,
2023-01-13,291.96603,292.65,0.0,1.6167141,0.555556,3994088.0,
2023-01-14,295.41556,294.7,0.1272559165954589,1.7169828,0.555556,3149778.0,
2023-01-15,296.81027,295.6,0.0753348171710968,1.6400732,0.555556,3852378.0,
2023-01-16,298.12946,298.7,0.0995397567749023,2.0680745,0.555556,3593656.0,
2023-01-17,298.4393,297.65,0.9657368063926696,1.5623436,0.555556,3310852.0,
2023-01-18,296.5548,298.05,0.0776082202792167,1.7299467,0.555556,3310422.0,
2023-01-19,297.86615,299.65,1.0124473571777344,1.9568634,0.833334,3780818.0,
2023-01-20,300.86063,303.15,5.200192451477051,2.7743511,1.111112,3732448.0,
2023-01-21,296.35104,297.7,0.1460909843444824,2.278311,0.555556,3758224.0,
2023-01-22,297.1852,297.9,0.0270530581474304,1.690529,0.555556,3349116.0,
2023-01-23,297.30536,296.35,0.2717971801757812,1.9977149,0.833334,3666232.0,
2023-01-24,298.13455,297.1,3.2990612983703613,1.7339233,0.555556,3187318.0,
2023-01-25,295.5606,297.35,0.1500248908996582,1.5644306,0.833334,3784404.0,
2023-01-26,296.2168,297.25,8.655444145202637,1.7038435,0.555556,2052000.0,
2023-01-27,295.60617,294.6,0.5335062742233276,1.4075063,0.277778,3273444.0,
2023-01-28,294.20956,295.05,0.4465281963348388,1.4891981,0.277778,2499500.0,
2023-01-29,294.68832,294.8,1.1128634214401243,1.2631154,0.0,3444030.0,
2023-01-30,295.13925,297.35,1.2964814901351929,1.330064,0.555556,3034006.0,
2023-01-31,297.07648,298.45,2.312600612640381,1.1886212,0.277778,3259022.0,
2023-02-01,296.89462,297.25,7.035300254821777,1.5811992,0.555556,2716682.0,
2023-02-02,293.47717,294.15,0.1996606588363647,1.3684597,0.555556,3234896.0,
2023-02-03,293.2042,294.1,0.0957846641540527,2.2866838,0.555556,3270962.0,
2023-02-04,292.95682,294.85,0.0038444995880126,1.5984119,0.555556,3871554.0,
2023-02-05,295.62607,295.0,0.000435113790445,1.8503379,0.833334,3871694.0,
2023-02-06,297.00558,296.4,0.3198832273483276,1.9355282,0.555556,3825994.0,69.1781343283582
2023-02-07,298.51846,298.4,1.418337106704712,1.9963278,0.555556,3422480.0,
2023-02-08,297.20724,296.45,0.6546556949615479,1.4293975,0.555556,3715446.0,70.84088607594936
2023-02-09,297.4608,298.3,0.0008597968844696,1.310782,0.833334,3820176.0,
2023-02-10,297.10886,297.0,0.0004276633262634,1.7667732,0.555556,3575200.0,
2023-02-11,298.23233,297.5,0.90104341506958,2.5666811,0.555556,3249426.0,109.28300000000009
2023-02-12,300.12054,301.0,0.1498758792877197,2.8580115,1.111112,3267374.0,
2023-02-13,298.37296,297.6,0.7727295160293579,2.6955059,0.833334,3484628.0,90.73647887323946
2023-02-14,296.37753,296.85,0.0700831562280654,1.529291,0.555556,3319550.0,
2023-02-15,297.42703,298.3,8.315913200378418,1.7968026,0.833334,3127034.0,
2023-02-16,294.7556,293.1,0.00038743019104,2.486136,1.111112,2867650.0,
2023-02-17,286.05844,282.25,0.000852346420288,3.0830295,0.833334,3864674.0,
2023-02-18,285.66272,284.15,0.0008680065511725,1.8486953,0.833334,3772502.0,67.15302521008408
2023-02-19,289.07578,289.45,0.0,2.711599,1.3888900000000002,3708072.0,
2023-02-20,291.69254,292.5,0.0008702276973053,2.50592,0.833334,3664796.0,
2023-02-21,294.00723,294.0,2.0727663040161133,2.2969463,0.833334,2972238.0,91.13862068965516
2023-02-22,293.36813,293.85,0.4274442195892334,1.7859589,0.833334,3500568.0,
2023-02-23,294.3003,294.6,2.2550673484802246,1.8086201,0.555556,3157972.0,62.61078947368424
2023-02-24,293.3904,294.6,1.5631914138793943,1.1607262,0.555556,3439192.0,
2023-02-25,294.57697,295.0,1.7413792610168457,1.8199425,0.555556,3343802.0,
2023-02-26,294.17078,294.05,0.0786185264587402,1.5460958,0.555556,3513418.0,
2023-02-27,295.40945,295.55,0.0077491458505392,1.9006017,0.833334,3450106.0,
2023-02-28,296.75436,296.85,3.305286169052124,2.5615253,0.555556,3220516.0,92.5483673469387
2023-03-01,296.8147,296.55,0.0,1.3258324,0.555556,3629540.0,
2023-03-02,296.06427,297.05,0.0008523463038727,1.9586962,0.555556,3559066.0,
2023-03-03,296.266,296.5,0.000435113790445,2.0075796,0.555556,3401550.0,95.73721428571426
2023-03-04,297.2803,298.0,0.0104159116744995,1.6286474,0.555556,3348697.0,
2023-03-05,297.97928,298.1,0.5617619156837463,2.5215588,0.833334,2641488.0,62.8336585365853
2023-03-06,296.6354,297.7,0.0104904174804687,2.6555502,0.833334,3466676.0,
2023-03-07,295.63498,294.8,0.0422298908233642,1.9197859,0.555556,3483730.0,
2023-03-08,296.37354,296.15,6.111804395914078e-07,1.8362247,0.833334,3475934.0,107.15525423728812
2023-03-09,298.45364,298.15,0.000435113790445,2.2607834,0.555556,3472650.0,
2023-03-10,298.63455,298.35,0.0008583068847656,2.077317,0.833334,3433306.0,67.52155405405406
2023-03-11,299.16843,299.25,0.0004368268128018,2.8274715,0.555556,3242910.0,
2023-03-12,299.33365,299.6,0.0942349433898925,2.5296752,0.555556,3131350.0,
2023-03-13,299.57974,299.75,4.066124439239502,2.281833,0.555556,2633806.0,70.71096069868995
2023-03-14,296.1077,297.1,0.4591942131519317,1.2007118,0.555556,3236507.0,
2023-03-15,296.63437,298.05,0.0852700322866439,1.3022193,0.555556,3335740.0,51.98193370165743
2023-03-16,296.78183,298.15,0.0008525970042683,1.452198,0.277778,3373995.0,
2023-03-17,296.94955,297.4,0.0,1.3978133,0.555556,3256907.0,
2023-03-18,297.0471,297.3,0.1985877752304077,1.6590109,0.555556,2940435.0,65.89729729729726
2023-03-19,297.25333,298.2,0.4081757366657257,1.5190401,0.555556,2662564.5,
2023-03-20,295.58047,294.4,0.7634460926055908,1.5496999,0.277778,2299924.0,
2023-03-21,294.82254,293.15,2.102196216583252,1.4662896,0.277778,2237686.0,
2023-03-22,293.38904,292.2,4.238086700439453,1.1708766,0.277778,1774508.0,
2023-03-23,293.21823,293.55,1.6036033630371094,1.1544387,0.277778,766040.0,
2023-03-24,292.28818,293.7,0.2291947603225708,1.1499404,0.0,2213802.0,
2023-03-25,292.80612,295.15,0.0180006027221679,1.6069878,0.555556,2436612.0,
2023-03-26,291.4602,292.3,0.0770986080169677,1.5491022,0.555556,2647540.0,
2023-03-27,291.86237,293.8,0.0004321336746215,2.7528698,1.111112,3055408.0,
2023-03-28,294.86557,297.1,0.0096112489700317,2.9062824,1.666668,2232048.0,
2023-03-29,293.07455,293.7,0.0053271651268005,2.9749153,1.111112,2885402.0,
2023-03-30,290.79742,291.9,0.6858706474304199,1.6817698,0.277778,1406928.0,
2023-03-31,289.36893,290.1,0.0008583068847656,2.1151772,0.555556,3034326.0,
2023-04-01,288.3887,290.55,0.1724637150764465,1.855544,0.555556,719008.0,
2023-04-02,289.54068,289.75,0.6388574838638306,1.7973565,0.277778,1181994.0,
2023-04-03,291.42038,294.05,1.1061429977416992,1.294948,0.277778,1860918.0,
2023-04-04,289.78012,292.15,0.1279413700103759,1.921842,0.277778,1640464.0,
2023-04-05,289.83545,293.25,0.2324879169464111,1.6722344,0.555556,2215244.0,
2023-04-06,291.2566,292.6,0.3534201979637146,1.534689,0.555556,2492020.0,
2023-04-07,292.31058,294.6,0.0120997428894042,1.1212424,0.555556,2188988.0,
2023-04-08,292.4668,294.1,0.0008523463620804,1.9944648,0.833334,2808066.0,
2023-04-09,292.5911,292.9,0.0057518482208251,2.5430558,1.111112,2387962.0,48.711612903225785
2023-04-10,292.5342,292.65,0.000876186939422,2.1057718,0.555556,2407858.0,
2023-04-11,293.62506,293.65,0.4047602415084839,2.4449332,0.833334,1400274.0,
2023-04-12,290.51804,289.9,1.1629276275634766,2.1962376,0.555556,1162174.0,
2023-04-13,283.79663,284.8,0.1332461833953857,2.169141,0.277778,1518118.0,
2023-04-14,283.91666,287.1,0.0359335504472255,1.5221978,0.277778,2155320.0,
2023-04-15,284.82205,287.7,0.0983700156211853,0.76203126,0.277778,1440986.0,
2023-04-16,286.79968,288.55,0.0979062169790268,0.86023647,0.277778,2092372.0,
2023-04-17,286.6279,288.25,0.1082196831703186,1.3531548,0.555556,2607468.0,
2023-04-18,287.62692,287.15,0.0008702276973053,1.3469619,0.555556,2738548.0,
2023-04-19,288.3109,288.65,0.0,2.0179713,0.555556,2748236.0,61.3426804123711
2023-04-20,288.45618,288.45,0.0,2.0032148,0.555556,2243970.0,
2023-04-21,287.98242,289.7,0.03892183303833,2.4147694,0.833334,2337184.0,
2023-04-22,288.60294,290.65,0.4803836345672607,1.4261848,0.277778,2090376.0,
2023-04-23,288.30353,289.55,1.7339885234832764,1.0152794,0.277778,1673634.0,
2023-04-24,287.4988,288.35,0.0171319115906953,0.824776,0.277778,2486536.0,
2023-04-25,287.7396,289.8,0.0,1.2269255,0.277778,2634204.0,
2023-04-26,289.0311,289.4,0.0,1.5064253,0.277778,2644362.0,
2023-04-27,289.9335,290.05,0.0008523463038727,2.2544336,0.833334,2614586.0,33.22978947368417
2023-04-28,290.83548,292.45,0.0008523463038727,3.6345851,1.3888900000000002,2565560.0,
2023-04-29,292.23877,298.5,0.5649775266647339,3.4386866,2.5000020000000003,1864802.0,33.397328767123255
2023-04-30,291.6671,292.3,0.353790819644928,3.530487,1.3888900000000002,1183070.0,
2023-05-01,284.34195,286.9,0.0004276632098481,2.0253158,0.277778,1917518.0,
2023-05-02,284.62503,287.05,0.0,1.227752,0.277778,2255912.0,
2023-05-03,284.1735,285.55,0.0805497169494628,1.1609538,0.277778,2259932.0,
2023-05-04,284.5403,284.55,1.7324090003967283,1.3073856,0.277778,510936.0,
2023-05-05,285.05704,286.05,0.0541955232620239,1.2813491,0.277778,2047384.0,
2023-05-06,286.07065,286.7,0.0008583068847656,1.4260205,0.277778,2444112.0,
2023-05-07,286.54434,287.25,0.0008583068847656,1.5349878,0.277778,2428776.0,35.57783783783779
2023-05-08,287.5275,286.55,0.0008583068847656,1.5515814,0.277778,2450180.0,
2023-05-09,287.2203,287.3,0.003710389137268,2.0173674,0.833334,2290836.0,33.25587628865976
2023-05-10,287.15332,287.4,0.0095143904909491,1.6217963,0.277778,2025464.0,
2023-05-11,288.46594,289.05,0.0008681182516738,1.1510645,0.277778,2310284.0,
2023-05-12,288.2085,288.5,0.0008583068847656,1.7758112,0.555556,2364272.0,
2023-05-13,288.8683,288.05,0.0,2.0358593,0.555556,2375016.0,
2023-05-14,289.81335,290.2,0.0008598481072112,2.109187,0.277778,2358416.0,
2023-05-15,289.77774,290.2,0.0008821489172987,2.7135231,0.833334,2256236.0,
2023-05-16,290.5862,291.85,0.1826882362365722,2.9914124,2.222224,1696436.0,
2023-05-17,290.13577,292.55,1.197606325149536,2.0626395,1.3888900000000002,2271124.0,
2023-05-18,287.36423,287.25,0.2758949995040893,1.9349966,0.277778,1359856.0,
2023-05-19,287.90442,292.35,0.0704675912857055,1.1722804,0.555556,1570476.0,49.69206896551722
2023-05-20,284.97034,286.55,0.0703409314155578,2.044338,0.277778,1500992.0,
2023-05-21,286.47318,289.15,0.002436339855194,1.6446935,0.555556,2010756.0,
2023-05-22,287.63998,289.45,0.0133663415908813,1.7619256,0.555556,1436132.0,
2023-05-23,288.08517,290.75,0.0367537140846252,2.5808594,1.3888900000000002,975976.0,
2023-05-24,289.3242,292.0,0.2638325095176697,1.5375417,0.277778,987024.0,
2023-05-25,290.0725,292.4,1.2587831020355225,1.1535615,0.277778,1214152.0,
2023-05-26,289.9117,290.4,0.1115649938583374,1.7805892,0.277778,1206552.0,
2023-05-27,283.33902,284.85,0.0062659382820129,2.4445078,0.555556,2150996.0,
2023-05-28,282.2031,283.3,0.036776065826416,1.3354421,0.277778,1233636.0,
2023-05-29,282.21323,283.95,0.0008523463038727,1.8875489,0.833334,1941496.0,
2023-05-30,284.33463,284.6,0.0,1.5782446,0.277778,2152488.0,
2023-05-31,286.3752,287.2,0.0008583068847656,1.9296209,0.833334,2093696.0,
2023-06-01,286.2745,285.95,0.0028721988201141,2.183236,1.111112,1998544.0,
2023-06-02,288.8782,291.15,0.0242739915847778,2.9721754,1.944446,1820700.0,
2023-06-03,287.9751,289.35,0.7335842251777649,1.4733042,0.277778,647680.0,
2023-06-04,286.04272,286.35,0.0013411045074462,2.3330727,0.277778,1844816.0,
2023-06-05,286.23245,288.8,0.009387731552124,1.4517193,0.277778,1870412.0,
2023-06-06,288.21506,288.6,0.0953972339630127,2.3738084,1.944446,1040874.0,
2023-06-07,286.68265,288.4,0.0053495168685913,1.3564863,0.277778,1982860.0,
2023-06-08,290.05063,292.75,0.0030398368835449,2.621328,2.222224,2001028.0,
2023-06-09,287.93307,290.65,0.0021755693014711,3.4765074,1.111112,2120416.0,
2023-06-10,282.19238,282.7,0.0267848372459411,1.9549804,0.277778,1895980.0,
2023-06-11,281.21936,279.6,0.0008583068847656,1.3865877,0.277778,2127772.0,
2023-06-12,279.0753,277.65,0.0008762739016674,1.3218415,0.277778,2153292.0,
2023-06-13,278.90625,287.7,0.0008583068847656,1.0966054,0.277778,2177528.0,33.35028571428572
2023-06-14,278.84525,290.3,0.0008733910508453,1.9068922,0.277778,1773840.0,
2023-06-15,279.35645,279.75,0.0008845485863275,1.7498068,0.277778,2115532.0,
2023-06-16,280.0071,279.9,0.0008631195523776,1.8335744,0.277778,2064272.0,27.02525423728811
2023-06-17,279.8774,278.0,0.0001788139343261,1.2697135,0.277778,1702000.0,
2023-06-18,279.82272,280.5,0.1620054244995117,2.466304,0.833334,1339668.0,
2023-06-19,281.78323,283.8,0.1075752079486846,1.536377,0.0,796192.0,
2023-06-20,282.68137,282.3,0.3248974680900574,1.076878,0.277778,1994968.0,
2023-06-21,282.4622,281.1,0.000859797000885,1.1059041,0.277778,1938688.0,
2023-06-22,282.58936,273.6,0.0008821489172987,2.1126778,1.111112,2023328.0,
2023-06-23,285.74536,287.65,0.0008597968844696,1.9874862,0.555556,2039296.0,
2023-06-24,287.8749,289.35,0.0008523463620804,2.1985166,0.277778,2055376.0,
2023-06-25,285.76306,286.25,0.000426173210144,1.7835003,0.277778,2093530.0,
2023-06-26,286.6331,288.1,0.1951754093170166,2.6330366,0.555556,1207326.0,21.80774999999996
2023-06-27,284.6787,286.65,0.0151582062244415,1.300024,0.555556,2131498.0,
2023-06-28,283.0453,282.65,0.0008583068847656,2.0505197,0.277778,2028668.0,18.59619047619046
2023-06-29,281.26404,280.4,0.0008583068847656,1.9933916,0.555556,1944076.0,
2023-06-30,282.2631,282.8,0.0008583068847656,1.9176556,0.833334,1870956.0,
2023-07-01,283.0287,284.1,0.013589859008789,2.2790701,0.833334,1815372.0,
2023-07-02,289.0522,291.45,0.0008612872334197,3.3926477,1.666668,2002144.0,
2023-07-03,288.9069,289.55,0.0020265583880245,2.5182757,0.555556,1697534.0,
2023-07-04,290.30972,292.7,0.2833753824234009,2.2312977,0.833334,1282412.0,
2023-07-05,287.0781,285.95,0.1897662878036499,1.6053449,0.277778,962362.0,
2023-07-06,284.77243,286.1,0.1520067453384399,1.4214922,0.277778,1330274.0,
2023-07-07,282.97934,285.25,0.0019967555999755,1.53833,0.277778,2036280.0,
2023-07-08,283.7565,288.0,0.0734776258468627,1.2485813,0.555556,1004640.0,
2023-07-09,284.76675,285.3,1.0379105806350708,1.1646439,0.277778,543138.0,
2023-07-10,285.12515,285.1,0.8016228675842285,1.1262367,0.0,359480.0,
2023-07-11,282.32263,282.9,0.6755292415618896,1.3082088,0.277778,641604.0,
2023-07-12,280.51688,280.15,0.0069011002779006,2.1655517,0.555556,1939400.0,
2023-07-13,278.38284,273.3,0.0008583068847656,1.5233756,0.555556,2061636.0,
2023-07-14,277.84592,270.7,0.0,2.1514452,1.3888900000000002,2163580.0,
2023-07-15,279.46155,279.75,0.0175628811120986,1.8398987,0.555556,2104960.0,
2023-07-16,280.0869,276.0,0.0163018703460693,1.2142576,0.277778,1917300.0,
2023-07-17,278.7073,278.0,0.0008583068847656,1.2949615,0.277778,2080406.0,
2023-07-18,278.09473,278.8349609375,0.0008672475814819,1.945073,1.111112,2050248.0,26.83551470588237
2023-07-19,279.07208,279.7981262207031,0.0008383042295463,2.7162094,0.833334,2208522.0,
2023-07-20,282.6349,283.3091735839844,0.0008583068847656,2.679806,1.666668,1987248.0,
2023-07-21,286.91965,287.5317077636719,0.0077550294809043,3.1280801,2.222224,2180766.0,
2023-07-22,288.46716,289.0567626953125,0.0047624106518924,2.4063432,0.833334,2238084.0,
2023-07-23,282.80887,283.48065185546875,0.0016704202862456,2.502518,0.277778,1986752.0,
2023-07-24,281.29358,281.98736572265625,0.0121176056563854,1.5142974,0.555556,2140408.0,
2023-07-25,280.76596,281.4674072265625,0.0004410743713378,1.2186931,0.555556,2320696.0,
2023-07-26,281.3013,279.4,0.000426173210144,1.7057624,0.277778,2338712.0,36.7628301886792
2023-07-27,282.57327,283.0,0.0,1.9501919,0.833334,2311460.0,
2023-07-28,282.50497,283.1,0.0008597968844696,1.6382779,0.277778,2352268.0,30.994174757281503
2023-07-29,284.9819,286.8,0.0,2.923849,1.666668,2249414.0,
2023-07-30,287.61856,290.05,0.0008523463038727,2.1347606,1.111112,2194954.0,
2023-07-31,287.52408,288.65,0.0008523463038727,2.4028943,0.833334,2343694.0,
2023-08-01,292.0962,295.25,0.0036209819372743,2.70119,1.666668,2358404.0,
2023-08-02,291.6038,292.35,0.255778431892395,2.2529852,0.833334,2047818.0,61.761458333333344
2023-08-03,286.4149,288.1,0.0008583068847656,2.3632917,0.555556,2414024.0,
2023-08-04,285.73154,285.65,0.0008583068847656,1.4370055,0.555556,2385694.0,
2023-08-05,286.5952,290.0,0.0,1.6886133,0.555556,2394224.0,
2023-08-06,288.16653,288.1,0.0008523463038727,2.5871913,0.833334,2484000.0,
2023-08-07,284.34702,283.75,0.2386868000030517,2.6944609,0.555556,1813120.0,36.6803636363636
2023-08-08,281.41266,281.75,0.0008583068847656,1.0307267,0.277778,2399412.0,
2023-08-09,282.7443,282.8,0.0,1.8051363,0.277778,2525868.0,
2023-08-10,287.1388,287.25,0.000426173210144,2.8775444,1.944446,2507554.0,52.8473548387097
2023-08-11,284.30383,282.35,0.0008583068847656,1.9702826,0.833334,2544848.0,
2023-08-12,282.8202,281.25,0.0004351138486526,1.2451905,0.555556,2575468.0,
2023-08-13,284.29697,284.1,0.0,2.6513155,1.666668,2642632.0,
2023-08-14,288.72815,289.75,0.0,2.4941099,0.833334,2365694.0,
2023-08-15,290.57925,291.8,0.0,3.1679688,2.222224,2549062.0,49.04374301675978
2023-08-16,291.8861,291.6,0.098884105682373,2.0527294,0.555556,2503682.0,
2023-08-17,288.79712,286.95,0.0486001372337341,1.695652,0.555556,2669612.0,60.65989795918368
2023-08-18,284.5222,283.85,0.0,2.3313348,0.555556,2647726.0,
2023-08-19,284.1951,282.35,0.000435113790445,2.4204257,1.111112,2653396.0,
2023-08-20,284.53207,284.2,0.0004276633262634,2.0805836,0.555556,2727400.0,58.906697674418574
2023-08-21,289.80237,292.15,0.0027567148208618,3.5518131,2.5000020000000003,2677486.0,
2023-08-22,286.48373,287.2,0.0008579699206165,2.4197652,0.833334,2719732.0,44.90559055118104
2023-08-23,282.924,284.2,0.0534877181053161,1.7522761,0.555556,2686930.0,
2023-08-24,284.61252,286.3,0.0442713499069213,2.0137951,0.555556,2613472.0,
2023-08-25,283.83517,282.95,0.0863000750541687,1.2046293,0.555556,2220320.0,
2023-08-26,282.18173,282.1,0.0021010637283325,1.6973389,0.555556,2687400.0,
2023-08-27,283.12943,284.8,0.0,1.970966,0.833334,2846746.0,50.57551020408163
2023-08-28,283.78293,283.65,0.0017166138859465,3.1603978,1.3888900000000002,2889746.0,
2023-08-29,285.68454,285.2,0.0004336237325333,1.8455194,0.555556,2898504.0,
2023-08-30,289.44595,290.0,0.000435113790445,2.961878,1.666668,2867130.0,54.05053571428572
2023-08-31,286.2847,284.7,0.0008583068847656,2.6371324,0.555556,2816062.0,
2023-09-01,289.619,290.4,1.2192726135253906,1.8647572,0.555556,581596.0,
2023-09-02,285.8759,285.85,1.6315877437591553,2.5485747,0.555556,2120004.0,
2023-09-03,282.21274,283.2,0.1020729541778564,2.161302,0.555556,2433536.0,
2023-09-04,282.56772,283.0,0.0,2.2755253,0.555556,2868644.0,
2023-09-05,282.36618,283.2,0.0594407320022583,1.7960306,0.833334,1209790.0,
2023-09-06,282.06073,285.15,0.1209974288940429,1.8959599,0.555556,1742010.0,
2023-09-07,285.0162,286.45,0.0970587134361267,1.356599,0.555556,1642848.0,
2023-09-08,282.96094,283.2,0.0017166137695312,0.99204797,0.277778,2995026.0,
2023-09-09,285.55136,285.65,0.0008553267689421,2.2124634,0.833334,3034668.0,
2023-09-10,290.25833,294.05,0.2043098211288452,2.5549576,1.3888900000000002,3077776.0,
2023-09-11,292.55093,294.8,0.0859200954437255,3.3691988,1.666668,2382996.0,
2023-09-12,284.53183,284.1,0.0281512737274169,2.79084,0.555556,3160646.0,
2023-09-13,284.2311,284.6,0.0008628144860267,1.4209484,0.833334,3135768.0,
2023-09-14,286.63376,285.8,0.000426173210144,2.852267,1.666668,3216366.0,
2023-09-15,291.4342,295.6,0.0,3.6745493,2.5000020000000003,3212146.0,
2023-09-16,293.58234,295.1,0.0008597968844696,2.6587355,1.3888900000000002,2909166.0,42.50799999999997
2023-09-17,288.25192,290.15,0.0,3.1246078,1.111112,3181420.0,
2023-09-18,284.3809,285.05,0.0008583068847656,3.1086786,0.833334,3207070.0,
2023-09-19,285.66373,284.75,0.0430643558502197,1.3590103,0.555556,3007064.0,53.53297872340429
2023-09-20,286.90158,286.8,0.0026188790798187,1.4222533,0.555556,3216894.0,
2023-09-21,290.69836,291.1,0.1538420915603637,2.0387185,0.833334,2161398.0,
2023-09-22,290.2946,292.6,0.0965893268585205,1.7066079,0.555556,2614334.5,
2023-09-23,290.6418,291.8,0.1785717904567718,1.4315653,0.555556,1803293.5,
2023-09-24,288.11346,290.2,0.0611022114753723,1.6756893,0.555556,2562556.5,
2023-09-25,289.48508,290.9,0.0562146306037902,1.7322677,0.555556,2009010.0,
2023-09-26,286.397,285.55,0.0,2.9039078,0.833334,3466430.0,
2023-09-27,286.57043,284.65,0.0,1.8610567,0.555556,3370667.0,
2023-09-28,288.10114,286.6,0.0008523463038727,2.5277138,0.833334,2903135.0,
2023-09-29,287.53702,286.4,0.0008583068847656,2.4711015,0.555556,3296535.0,
2023-09-30,287.5062,287.85,0.0004410743713378,1.6592216,0.555556,3420857.0,
2023-10-01,289.40936,288.15,0.0,2.76272,0.833334,3405572.0,59.95502463054189
2023-10-02,291.0969,290.7,0.1128315776586532,2.912511,0.833334,2912049.0,
2023-10-03,289.45367,287.8,0.1571178436279297,1.635748,0.833334,3509689.0,
2023-10-04,286.16055,285.0,0.000870227755513,2.5971909,0.555556,3499149.0,58.97916666666668
2023-10-05,288.3232,286.7,0.169605016708374,2.377813,1.3888900000000002,3227425.0,
2023-10-06,290.34534,288.55,0.0280141830444335,2.0821362,0.555556,3406510.0,
2023-10-07,290.29007,288.6,0.0008583068847656,1.9968868,0.555556,3499434.0,
2023-10-08,292.26492,290.1,0.0008523463038727,2.592761,0.833334,3519695.0,
2023-10-09,294.2764,292.35,0.0976920127868652,3.5174897,1.3888900000000002,3524886.0,66.52020066889631
2023-10-10,296.6644,295.1,0.528290867805481,2.7526543,1.3888900000000002,3157594.0,
2023-10-11,288.78137,287.3,0.0008523463038727,5.0067787,1.111112,3621926.0,
2023-10-12,284.6524,283.85,0.0008672475814819,2.0064037,0.555556,3625638.0,
2023-10-13,286.12112,286.05,0.0008707203087396,2.0890837,0.833334,3611450.0,
2023-10-14,288.3279,287.7,0.0008523463038727,2.3456671,0.833334,3587760.0,62.15277419354839
2023-10-15,292.38235,291.2,0.0008583068847656,2.3466318,0.833334,3544308.0,
2023-10-16,294.78882,294.05,0.0045001506805419,2.528848,0.833334,3500220.0,66.50460317460318
2023-10-17,290.49915,291.75,0.3279298543930053,3.4687088,0.833334,843904.0,
2023-10-18,285.5543,287.9,0.2528056502342224,1.8161168,0.277778,3285600.0,
2023-10-19,288.8132,290.65,0.0008702278719283,1.4564842,0.555556,3627914.0,50.37662162162162
2023-10-20,292.51474,291.8,0.0772491618990898,2.1014984,0.833334,2132960.0,
2023-10-21,295.1117,298.75,1.4085099697113037,2.474219,0.833334,1488364.0,
2023-10-22,293.3088,294.7,1.2328028678894043,2.1059825,0.833334,1866980.0,
2023-10-23,292.323,291.8,0.6955749988555908,1.9409236,0.555556,2619560.0,
2023-10-24,288.50632,289.6,0.1072138547897338,2.750697,0.555556,1486926.0,
2023-10-25,287.95898,290.2,0.1939088106155395,1.706945,0.555556,1964704.0,
2023-10-26,289.50555,293.25,0.8337945342063904,1.9620919,1.111112,3021432.0,
2023-10-27,292.1311,294.8,0.6189206838607788,1.8538008,1.666668,3488140.0,
2023-10-28,293.6479,295.05,0.0350922346115112,2.6369503,1.111112,3724652.0,
2023-10-29,298.2432,300.55,0.4889518022537231,2.8387253,1.111112,2396038.0,68.75347826086954
2023-10-30,288.1821,289.0,0.1560151576995849,3.637638,1.111112,3518522.0,
2023-10-31,287.00635,288.65,0.4132725298404693,2.1933649,0.833334,926890.0,
2023-11-01,281.04684,282.3,2.2457540035247803,2.3385017,0.555556,2462236.0,
2023-11-02,283.23752,284.9,0.0001704320311546,3.1443737,0.833334,3879798.0,
2023-11-03,285.6531,286.05,0.0008706265361979,2.2373421,0.555556,3855402.0,60.0364375
2023-11-04,289.3818,289.25,0.0008612653473392,2.573408,0.833334,3831528.0,
2023-11-05,290.3276,292.45,0.0008726499509066,2.488313,0.833334,3844840.0,46.42546666666666
2023-11-06,293.55472,294.35,0.1539885997772216,3.220146,1.111112,3784140.0,
2023-11-07,298.22388,286.7,0.0008636198472231,2.8428452,1.666668,3775672.0,
2023-11-08,294.7789,295.15,0.0008523463038727,3.2685478,0.555556,3827298.0,66.56919667590026
2023-11-09,292.7407,292.8,0.1705884933471679,2.3361232,0.555556,2714108.0,
2023-11-10,293.82788,297.25,0.0708803534507751,2.1048267,0.555556,3815396.0,
2023-11-11,296.07773,297.1,0.8866041898727417,2.4807043,0.833334,3111564.0,
2023-11-12,291.4869,291.1,0.0251382589340209,3.172497,0.833334,3848086.0,
2023-11-13,289.94016,290.25,0.0561922788619995,2.3210897,0.833334,3327038.0,
2023-11-14,291.60168,291.4,0.7124483585357666,2.0031865,0.555556,3457966.0,
2023-11-15,293.82367,294.7,2.748720407485962,1.4042827,0.833334,3436612.0,
2023-11-16,291.6207,292.7,0.1337975263595581,2.178786,0.833334,3766574.0,
2023-11-17,295.26584,296.3,0.000435113790445,2.6293383,1.3888900000000002,3913864.0,
2023-11-18,292.75003,292.65,0.0008648072252981,2.7560947,1.111112,3652562.0,69.34223255813953
2023-11-19,292.58554,293.6,0.0004351139068603,2.6111133,0.833334,3883810.0,
2023-11-20,297.3032,297.45,5.837857723236084,3.413448,1.3888900000000002,2703648.0,58.68518867924529
2023-11-21,297.46625,296.9,2.628028392791748,1.6965904,0.555556,3278070.0,
2023-11-22,291.97903,295.0,0.0008583068847656,2.5982885,0.833334,3658950.0,
2023-11-23,292.7074,294.95,0.1572072356939315,1.8857495,0.555556,2928970.0,
2023-11-24,293.3773,295.05,0.0010430812835693,2.1084428,0.555556,3383348.0,
2023-11-25,293.9638,295.8,0.3082633316516876,2.4002125,0.833334,3830346.0,82.05417266187055
2023-11-26,295.16287,296.6,0.6722509860992432,2.0336492,0.833334,3511212.0,
2023-11-27,295.56277,297.7,0.136449933052063,2.2275374,0.833334,3642180.0,
2023-11-28,297.4891,299.55,3.957256317138672,2.320734,1.111112,1429568.0,69.79817622950819
2023-11-29,293.9159,293.85,1.084953546524048,1.7095872,0.833334,2064980.0,
2023-11-30,292.08926,294.55,1.868515968322754,1.4982961,0.277778,2971764.0,
2023-12-01,295.67685,299.75,0.0021755695343017,1.860519,0.833334,3824962.0,
2023-12-02,295.84995,297.6,0.2644658088684082,1.6743759,0.833334,1096764.0,
2023-12-03,288.76346,288.35,0.2541318535804748,3.620896,0.833334,2294832.0,
2023-12-04,285.8942,287.15,0.4135072231292724,2.0278003,0.555556,1446200.0,
2023-12-05,287.04626,288.45,0.2805888652801513,1.2546662,0.277778,1855580.0,
2023-12-06,291.3257,294.75,0.0041574239730834,1.5474863,0.555556,3937292.0,
2023-12-07,293.63367,294.3,0.0062435865402221,1.8416805,0.555556,3871028.0,
2023-12-08,293.2513,294.7,0.4071146249771118,2.563113,0.833334,1771296.0,
2023-12-09,292.1141,293.8,0.000859796826262,2.204043,0.555556,4038700.0,
2023-12-10,293.71094,294.0,0.0008597968844696,1.7913891,0.555556,3905380.0,71.35479999999998
2023-12-11,294.33078,294.9,0.1526773124933242,3.4347038,0.833334,3136000.0,
2023-12-12,297.1068,297.05,0.9061992168426514,2.6903775,0.555556,2103448.0,
2023-12-13,297.05246,297.65,0.7131248712539673,1.8292923,0.277778,2514564.0,
2023-12-14,296.2702,298.3,0.5021244287490845,2.484097,0.833334,2631668.0,
2023-12-15,297.3671,299.9,0.5981773138046265,2.0866845,0.555556,3079424.0,
2023-12-16,299.60016,301.9,1.649707555770874,3.525365,1.3888900000000002,3682464.0,
2023-12-17,299.39502,298.85,1.3361871242523191,2.3475616,1.111112,2109976.0,
2023-12-18,290.89053,290.65,0.5152523517608643,3.8177338,1.111112,594272.0,
2023-12-19,285.56198,287.95,0.4170387983322143,2.8364086,0.555556,1845592.0,
2023-12-20,288.20724,291.55,0.1021325588226318,1.3292583,0.277778,2561780.0,
2023-12-21,292.5179,295.35,0.0905245542526245,1.5836462,0.555556,2454472.0,
2023-12-22,294.1492,296.4,0.0732353702187538,1.4710575,0.555556,3151856.0,
2023-12-23,295.9583,299.3,0.6590336561203003,1.4965302,0.833334,3006204.0,
2023-12-24,296.2287,298.5,1.0319576263427734,1.3977293,0.555556,3702108.0,
2023-12-25,296.57962,297.6,0.0008672475814819,2.60909,0.833334,3910932.0,50.63769417475728
2023-12-26,295.98706,296.15,0.0052303075790405,1.9718529,0.833334,3192724.0,
2023-12-27,296.6911,298.35,0.3351569175720215,3.1277153,1.3888900000000002,3425636.0,
2023-12-28,299.00885,301.2,0.028163194656372,2.1839702,0.833334,3811576.0,65.86228637413393
2023-12-29,298.60727,298.0,0.0061988830566406,2.217723,0.555556,3863908.0,
2023-12-30,294.75955,294.95,0.648990273475647,2.4916036,0.555556,1928304.0,
2023-12-31,294.1547,297.15,0.8140355348587036,2.8840587,0.833334,2930948.0,
2024-01-01,294.80054,296.55,1.1666417121887207,1.2118096,0.555556,3375880.0,
2024-01-02,296.3513,296.5,1.0562241077423096,1.3805342,0.277778,3679220.0,115.00044176706822
2024-01-03,296.50607,298.65,0.6143152713775635,1.3794457,0.555556,3542008.0,
2024-01-04,297.39157,297.4,0.0105947256088256,1.4945621,0.833334,3564892.0,51.71301652892561
2024-01-05,298.18393,298.6,0.4189014434814453,2.18488,0.555556,3416350.0,
2024-01-06,297.78506,294.6,8.695099830627441,2.4402883,0.277778,1364776.0,
2024-01-07,293.9877,295.25,0.6184576749801636,1.3456458,0.555556,2403972.0,
2024-01-08,294.2046,297.25,0.2669692039489746,1.4854912,0.555556,1588700.0,
2024-01-09,293.7128,295.4,0.3584921360015869,1.1017166,0.277778,2600904.0,
2024-01-10,294.61227,296.25,1.031853199005127,1.5688481,0.277778,2505400.0,
2024-01-11,293.59738,293.7,0.5122125148773193,2.074828,0.277778,2451180.0,
2024-01-12,293.44342,295.5,0.468321144580841,1.9588509,0.277778,2594898.0,
2024-01-13,295.74228,299.15,1.694798469543457,2.720136,0.833334,3168636.0,
2024-01-14,295.68552,296.45,0.0306516885757446,2.3665736,0.555556,3038044.0,
2024-01-15,295.43298,296.8,5.5289716720581055,2.2551365,0.555556,2281788.0,
2024-01-16,293.86252,295.25,0.0005885958671569,3.2078598,0.555556,4042440.0,
2024-01-17,293.2207,294.0,0.0004544854164123,2.1157143,0.555556,3934136.0,57.86625000000004
2024-01-18,294.56442,296.25,0.1119971275329589,1.4618298,0.555556,3480142.0,
2024-01-19,295.95642,298.6,0.0441372394561767,1.805338,0.555556,3377898.0,
2024-01-20,295.08182,295.4,0.0877827405929565,1.8160986,0.555556,3695742.0,
2024-01-21,293.74893,295.85,0.0008761882781982,1.6492981,0.555556,3782982.0,
2024-01-22,294.27414,294.0,0.0008583068847656,1.5905069,0.555556,4027710.0,57.13490476190477
2024-01-23,293.87305,293.95,0.0001490116119384,1.8034395,0.555556,3925404.0,
2024-01-24,295.06116,295.3,0.0008523463038727,1.766208,0.555556,3931296.0,45.14028985507248
2024-01-25,296.15372,295.5,0.0,2.331565,0.833334,3942388.0,
2024-01-26,295.71997,295.55,0.0,2.5362127,0.833334,3935692.0,
2024-01-27,295.79248,296.15,0.000435113790445,2.1057677,0.555556,3825252.0,61.05864383561643
2024-01-28,296.40213,296.6,0.0880956649780273,2.1177008,0.833334,3613178.0,
2024-01-29,298.02307,298.85,0.0984072685241699,1.5871729,0.555556,3619518.0,43.89296296296296
2024-01-30,299.8394,300.0,0.1877650469541549,1.7813689,0.833334,3667380.0,
2024-01-31,299.34766,302.1,0.0008672475814819,1.7646557,0.833334,3708298.0,
2024-02-01,300.1661,300.6,0.0008597968844696,2.3265865,0.833334,3895574.0,51.15920353982303
2024-02-02,299.70425,299.4,0.4829615354537964,2.2505457,0.833334,3554374.0,
2024-02-03,300.94806,302.3,0.7132440805435181,1.8275334,0.555556,2931430.0,47.36656108597286
2024-02-04,297.82217,295.6,3.001302480697632,2.210267,0.555556,3148856.0,
2024-02-05,298.04517,299.3,5.374163627624512,2.261885,0.833334,3439490.0,
2024-02-06,299.25504,301.75,0.9755343198776244,2.2269819,0.555556,3292710.0,
2024-02-07,300.56067,301.1,4.5076904296875,2.1550224,0.555556,3194456.0,
2024-02-08,299.58014,299.8,7.794484615325928,2.0203702,0.555556,2373680.0,
2024-02-09,294.7606,294.95,0.1482665538787841,1.308647,0.277778,2983506.0,
2024-02-10,295.34933,299.1,0.4815161228179931,1.1664062,0.555556,3365114.0,
2024-02-11,296.6698,298.6,3.76678991317749,1.7878662,0.555556,1327492.0,
2024-02-12,295.27957,294.25,0.2480689436197281,2.4891152,0.555556,3530794.0,
2024-02-13,290.56265,290.65,0.0008616452687419,2.6492476,0.555556,3830386.0,
2024-02-14,290.6642,291.7,0.0008597968844696,1.6455215,0.555556,3814764.0,
2024-02-15,292.51254,294.55,0.0,1.9504051,0.555556,3776012.0,
2024-02-16,294.4514,296.35,0.0077039003372192,1.9208039,0.555556,3702250.0,119.20385714285716
2024-02-17,294.83444,296.65,0.1928508281707763,1.7931105,0.555556,1943120.0,
2024-02-18,294.6567,296.75,0.0008665269706398,1.3971993,0.555556,3724864.0,
2024-02-19,294.2936,295.4,0.0054291235283017,1.5907732,0.277778,3482802.0,
2024-02-20,295.25613,296.05,0.0036358833312988,1.4636726,0.555556,2833466.0,
2024-02-21,296.28207,298.05,3.228622436523437,1.4733715,0.555556,3371118.0,
2024-02-22,296.87537,298.5,5.55427360534668,1.9806353,0.833334,2524840.0,
2024-02-23,290.80423,294.15,0.2935081720352173,3.0901642,0.555556,2380030.0,
2024-02-24,291.1477,293.45,1.3778507709503174,1.7194614,0.277778,672902.0,
2024-02-25,290.6902,291.65,0.5348106026649475,1.6776069,0.277778,2056898.0,
2024-02-26,293.04678,295.55,0.3828927874565124,1.2081962,0.277778,2482068.0,
2024-02-27,295.20584,297.5,1.1726170778274536,1.2473835,0.555556,2824498.0,
2024-02-28,295.34525,296.95,0.703960657119751,1.2660568,0.555556,2486314.0,
2024-02-29,295.1215,298.0,1.1259801387786863,1.2654451,0.555556,2529930.0,
2024-03-01,295.8425,298.5,1.957863569259644,1.7900132,0.555556,2232358.0,
2024-03-02,296.39474,298.75,0.3774911165237427,1.5912914,0.555556,2831238.0,
2024-03-03,291.92508,293.0,0.0054985284805297,2.8932865,0.277778,2250878.0,
2024-03-04,290.9338,293.65,0.1385450363159179,1.1953764,0.277778,2985783.0,
2024-03-05,292.22696,293.95,0.0270605105906724,1.4274158,0.555556,2955408.0,
2024-03-06,291.6826,292.95,0.1430809497833252,2.6076787,0.833334,1848842.0,
2024-03-07,293.42856,296.35,0.0878721475601196,2.4322758,0.277778,2882298.0,
2024-03-08,296.97086,298.2,0.2768337726593017,2.374053,1.111112,2003161.5,
2024-03-09,295.66516,296.8,0.6524175405502319,1.5828977,0.277778,1874309.0,
2024-03-10,294.70712,297.8,0.2608299255371094,1.8530408,0.277778,2605568.5,
2024-03-11,297.88486,301.5,2.36368179321289,2.4061127,0.833334,3304669.0,
2024-03-12,300.51163,302.05,0.8455142378807068,2.6754086,0.833334,2287119.0,57.22780564263319
2024-03-13,297.69324,298.1488037109375,1.6217827796936035,1.8072714,0.5097735524177551,2296725.25,
2024-03-14,296.23917,296.7158508300781,1.0688302516937256,1.3259655,0.3149391412734985,1124243.5,
2024-03-15,293.983,294.4924621582031,0.8075237274169922,1.4553776,0.3673256039619446,2379561.0,
2024-03-16,294.47427,294.9765930175781,0.7108784914016724,1.3837843,0.338344395160675,1797068.0,
2024-03-17,294.01248,294.5215148925781,0.2250075340270996,2.0120075,0.5926515460014343,2264119.0,
2024-03-18,295.88394,296.3658142089844,0.5043410062789917,1.3300053,0.3165744543075561,2371017.5,
2024-03-19,296.7678,297.23681640625,1.2003183364868164,1.4188169,0.3525257110595703,2757776.0,
2024-03-20,298.48972,298.9337158203125,1.962620735168457,2.5377305,0.8054661750793457,3000518.0,
2024-03-21,289.86154,290.4308776855469,0.0008616343839094,3.4033935,1.155889868736267,3258078.0,
2024-03-22,289.37857,289.9549255371094,0.0008523463038727,1.6586546,0.4496129155158996,3234708.0,66.70411764705881
2024-03-23,290.69064,291.2479248046875,0.0008523463038727,2.6545515,0.8527557849884033,3158474.0,
2024-03-24,292.4456,292.9773864746094,0.2150386571884155,1.592947,0.423014223575592,2642904.0,62.72261363636354
2024-03-25,293.89938,294.4100646972656,0.3254413604736328,1.4840814,0.3789450526237488,2240602.0,
2024-03-26,294.0189,294.52783203125,1.6219019889831543,1.7910751,0.5032172799110413,2811024.0,
2024-03-27,294.51227,295.0140380859375,2.341881275177002,0.9413748,0.1592553257942199,2877202.0,
2024-03-28,293.7607,294.2734069824219,0.0,1.3108686,0.3088278174400329,3034702.0,
2024-03-29,294.7753,295.27325439453125,0.0151991825550794,2.1018536,0.6290215849876404,2740614.0,44.83435483870971
2024-03-30,296.25803,296.73443603515625,0.1223757863044738,1.9450213,0.5655352473258972,2506324.0,
2024-03-31,292.6703,293.1988220214844,0.3682076930999756,1.9882717,0.5830432176589966,1076000.0,
2024-04-01,288.54703,289.1354675292969,0.0034831464290618,2.1945846,0.6665594577789307,2998426.0,
2024-04-02,288.8579,289.4418334960937,0.6307363510131836,1.9291229,0.559099555015564,1775980.0,
2024-04-03,291.24023,291.78955078125,0.0650882720947265,2.189477,0.6644918322563171,2992622.0,
2024-04-04,289.51492,294.85,0.0008642674074508,1.7286663,0.555556,2561750.0,
2024-04-05,290.84927,291.3,3.800436973571777,1.4181653,0.277778,475114.0,
2024-04-06,290.1545,289.4,0.0505466014146804,1.0382069,0.277778,2949254.0,
2024-04-07,289.26855,291.05,0.0008702263585291,1.3709666,0.277778,2981496.0,
2024-04-08,289.90817,292.75,0.2745985984802246,1.7983289,0.555556,2591716.0,41.56529411764713
2024-04-09,289.76746,292.25,0.5702972412109375,2.1689107,0.555556,853822.0,
2024-04-10,286.95398,286.35,0.3464296460151672,2.6133387,0.555556,1045262.0,
2024-04-11,282.19522,282.9,0.2681333422660827,1.7420006,0.277778,291242.0,
2024-04-12,283.23264,285.2,0.3414929509162903,1.5911899,0.277778,559672.0,
2024-04-13,284.63217,286.25,0.5922316312789917,2.5098364,0.0,897514.0,
2024-04-14,287.24463,288.15,1.81428337097168,1.482441,0.277778,2310056.0,
2024-04-15,288.12683,289.45,0.0090450048446655,1.5244551,0.555556,2806226.0,
2024-04-16,288.31015,290.1,0.000426173210144,1.4784073,0.555556,2828884.0,26.48200000000004
2024-04-17,288.72733,288.9,0.0,2.5249188,0.833334,2782464.0,
2024-04-18,289.55502,290.2,0.0008523463038727,2.3752675,0.833334,2777630.0,23.04785714285715
2024-04-19,290.85104,293.9,0.0,3.0950508,1.944446,2705494.0,
2024-04-20,290.506,291.8,0.1025795936584472,1.7260557,0.555556,1941940.0,
2024-04-21,291.21262,294.8,0.1156330108642578,1.2928785,0.277778,2189198.0,
2024-04-22,291.98047,292.85,0.6723791360855103,1.1493953,0.277778,1352470.0,
2024-04-23,288.48788,290.3,0.3310889005661011,1.7681776,0.555556,696818.0,
2024-04-24,284.53253,284.8,0.0271499156951904,0.94300026,0.277778,1762252.0,
2024-04-25,288.02347,287.65,0.1139789819717407,1.6308527,0.277778,2309708.0,
2024-04-26,290.227,290.35,0.5841590166091919,1.2776861,0.277778,1578930.0,
2024-04-27,286.8184,289.5,0.0020787119865417,2.227355,0.277778,2506214.0,
2024-04-28,285.7859,287.6,0.0008583068847656,1.9083128,0.555556,2506144.0,17.098355263157874
2024-04-29,287.94952,291.1,0.0076889991760253,2.138098,0.833334,2511936.0,
2024-04-30,291.02304,292.0,0.5716681480407715,2.02338,0.555556,912182.0,
2024-05-01,285.9379,287.8,0.3111585974693298,2.1941247,0.555556,1782460.0,
2024-05-02,282.7443,284.95,0.0032782554626464,2.2901227,0.277778,1679406.0,
2024-05-03,282.6271,284.45,0.0008523463038727,1.2841622,0.277778,2518904.0,
2024-05-04,284.7238,286.2,0.0008702276973053,2.2548773,0.833334,2501868.0,
2024-05-05,288.13657,287.25,0.0741034746170044,2.0486066,0.555556,1837862.0,
2024-05-06,286.5701,289.95,0.0514835119247436,1.3222437,0.277778,2249008.0,
2024-05-07,287.5,286.85,0.5625933408737183,0.9714677,0.277778,2506976.0,
2024-05-08,286.05435,282.9,0.0008702045306563,2.560695,0.833334,2365008.0,18.130422535211235
2024-05-09,282.46396,282.1,0.0008583068847656,2.2111948,0.555556,2442420.0,
2024-05-10,282.6974,283.3,0.0001490116119384,1.6502906,0.277778,2365152.0,
2024-05-11,282.43982,282.65,0.309675931930542,1.4770344,0.277778,1191964.0,44.5698245614035
2024-05-12,280.7154,280.25,0.119844451546669,1.8686409,0.277778,1605688.0,
2024-05-13,278.7258,280.45,0.0229459255933761,2.1721032,0.277778,2164796.0,
2024-05-14,279.566,280.2,0.0008583068847656,1.2608093,0.555556,2313536.0,
2024-05-15,279.22702,280.25,0.0008742006029933,2.3652804,0.555556,2084432.0,
2024-05-16,280.2631,280.75,0.371485948562622,1.4511375,0.277778,1746560.0,
2024-05-17,281.46555,282.1568298339844,0.1921579241752624,1.2832148,0.2976334691047668,1894368.0,
2024-05-18,280.4103,281.1169128417969,0.0015973928384482,1.1312404,0.2361136376857757,2323092.0,27.865539568345334
2024-05-19,280.50565,281.2108764648437,0.0,1.499949,0.385368287563324,2182500.0,
2024-05-20,282.1058,286.6,0.0008523463038727,3.233517,1.666668,1828316.0,
2024-05-21,282.02515,282.9,0.0501275062561035,1.742108,0.277778,1486560.0,
2024-05-22,281.69766,282.85,0.5751550197601318,1.1290358,0.277778,549708.0,
2024-05-23,281.54257,280.95,0.145393431186676,1.7755123,0.555556,1280068.0,
2024-05-24,278.3342,280.05,0.2189353108406067,1.7683506,0.277778,1529992.0,
2024-05-25,277.74503,279.4,0.0258982181549072,1.5648347,0.277778,1275688.0,
2024-05-26,275.38144,276.6,0.0380873680114746,1.256815,0.277778,2048512.0,
2024-05-27,278.45627,277.75,0.0,0.8864114,0.277778,2210744.0,
2024-05-28,278.555,279.15,0.0008583068847656,1.7912092,0.555556,2142000.0,17.7302127659574
2024-05-29,281.83127,283.65,0.0008597968844696,2.5286562,1.111112,2186312.0,
2024-05-30,282.49988,283.25,0.0,1.7588195,0.277778,2171352.0,
2024-05-31,282.2357,281.0,0.0008583068847656,1.9915756,0.277778,2176652.0,26.31846938775509
2024-06-01,284.84787,285.4900207519531,0.0373125076293945,2.1075866,0.631342351436615,1642152.0,
2024-06-02,282.30136,282.9804992675781,0.0008672475814819,2.6567848,0.8536598682403564,2059404.0,
2024-06-03,279.00046,282.9,0.0,1.6302115,0.833334,2014980.0,
2024-06-04,280.68723,281.3898010253906,0.0,2.1067982,0.6310231685638428,2096930.0,
2024-06-05,283.7921,285.9,0.0008523463038727,1.9287678,0.833334,2023506.0,
2024-06-06,286.92398,288.1,0.0010430812835693,1.9456735,0.277778,1982880.0,
2024-06-07,288.0663,287.85,0.0,1.8833709,0.277778,1759762.0,
2024-06-08,289.35315,290.75,0.0,2.1745086,0.277778,2054412.0,
2024-06-09,289.3262,291.75,0.0008523463038727,2.4536288,0.555556,2083804.0,
2024-06-10,285.29916,284.2,0.0008702276973053,1.5430651,0.277778,2033352.0,38.94666666666667
2024-06-11,286.04895,286.5,0.0008523463038727,1.7271551,0.555556,1946004.0,
2024-06-12,288.73373,290.9,0.0211894512176513,2.6046963,1.666668,2033400.0,
2024-06-13,292.3102,295.9,0.2628713846206665,3.0475042,1.666668,1131952.0,
2024-06-14,287.3611,288.3,0.0349525362253189,3.0057843,0.555556,1898964.0,
2024-06-15,284.2463,284.25,0.0008583068847656,1.64827,0.277778,1927172.0,
2024-06-16,284.6074,286.15,0.000435113790445,1.391715,0.277778,1991128.0,
2024-06-17,283.53128,284.3,0.0008523463038727,1.8709707,0.555556,2085708.0,21.842894736842123
2024-06-18,285.54724,286.6,0.3229379653930664,2.2891693,0.555556,1233964.0,
2024-06-19,282.40555,282.5,0.0032931566238403,1.9959378,0.277778,1733998.0,
2024-06-20,282.23923,284.75,0.0034850090742111,1.7075793,0.277778,1815174.0,
2024-06-21,286.595,288.05,0.1486539840698242,2.100576,0.277778,1316800.0,
2024-06-22,285.09695,289.55,0.8782073855400085,1.3487588,0.277778,1087840.0,
2024-06-23,280.78995,283.05,0.0263452529907226,2.5074244,0.555556,895572.0,
2024-06-24,278.11145,281.0,0.134393572807312,1.4880089,0.277778,754952.0,
2024-06-25,277.50607,278.6,0.0008522765710949,1.2359186,0.555556,2106400.0,
2024-06-26,278.75024,280.45,0.0,1.8871852,0.277778,2113654.0,
2024-06-27,285.4988,285.85,0.000861287175212,3.5675724,1.3888900000000002,2075372.0,
2024-06-28,282.20285,280.1,0.0008583068847656,2.4638834,0.555556,2114780.0,
2024-06-29,279.88223,278.1,0.0008583068847656,1.3231181,0.555556,2125002.0,
2024-06-30,280.81192,281.95,0.0008523463038727,2.5180297,1.3888900000000002,2127972.0,32.46271739130433
2024-07-01,282.92972,282.1,0.0,1.7521414,0.277778,2150304.0,
2024-07-02,283.4634,284.6,0.0,1.7548691,0.277778,2101736.0,16.33219999999996
2024-07-03,281.97574,281.9,0.0008583068847656,2.0138626,0.277778,2105156.0,
2024-07-04,280.36435,270.8,0.0008513141074217,1.5814558,0.0,1997292.0,
2024-07-05,279.32016,280.9,0.0008622420136816,1.2226105,0.555556,2121376.0,
2024-07-06,278.38126,279.9,0.0,1.729725,0.277778,2146204.0,
2024-07-07,276.8301,276.1,0.0,1.4223205,0.277778,2147028.0,35.52230769230767
2024-07-08,276.3848,282.7,0.0008583068847656,1.1377646,0.277778,1969108.0,
2024-07-09,275.53583,275.75,0.0003110617399215,1.3905624,0.277778,2176816.0,
2024-07-10,275.89276,270.9,0.0008523463038727,1.067057,0.277778,2180148.0,
2024-07-11,275.82196,276.59521484375,0.0008583068847656,1.6376816,0.0,2181944.0,
2024-07-12,276.93997,276.6,0.0,1.5433588,0.555556,2220314.0,30.451743119266062
2024-07-13,276.6841,287.4,0.0008583068847656,1.6401962,0.277778,2267372.0,
2024-07-14,276.50705,288.3,0.000426173210144,1.6224192,0.277778,2280020.0,
2024-07-15,277.62305,291.0,0.0030025839805603,2.2665837,0.555556,2141900.0,21.57786885245901
2024-07-16,281.20404,280.6,0.0,1.9882418,1.111112,2262262.0,
2024-07-17,281.27994,281.9739074707031,0.0008523463038727,2.28726,0.7040748000144958,2223574.0,24.683163265306128
2024-07-18,284.19855,284.8501281738281,0.2398193180561065,2.3791842,0.7412860989570618,1271660.0,
2024-07-19,282.07156,282.4,0.2363324165344238,2.4519675,0.277778,1199260.0,
2024-07-20,279.92828,279.85,0.1414477527141571,1.4176426,0.277778,645924.0,
2024-07-21,280.10568,280.65,0.0296588987112045,1.1528764,0.277778,2228882.0,
2024-07-22,283.00076,284.05,0.0105947256088256,1.3117603,0.555556,1869346.0,27.210454545454525
2024-07-23,284.56006,285.65,0.0085122883319854,2.7214768,0.833334,2267828.0,
2024-07-24,286.4779,286.75,0.0008583070593886,2.0987206,0.555556,2340470.0,
2024-07-25,285.12546,284.9,0.0,2.3916388,0.555556,2298276.0,22.230204081632607
2024-07-26,285.1226,285.0,0.0,1.9262828,0.555556,2319300.0,
2024-07-27,284.37173,285.02081298828125,0.0008583068847656,1.5590901,0.4093088507652282,2167382.0,35.40556818181814
2024-07-28,281.75986,282.4468688964844,0.0008612899109721,1.9938179,0.5852883458137512,2330890.0,
2024-07-29,280.8817,278.1,0.0008583068847656,1.8222438,0.0,2362048.0,
2024-07-30,281.3739,281.9,0.0008523463038727,2.9350398,1.666668,2347826.0,
2024-07-31,284.62073,287.5,0.0008601675508543,2.8429577,1.666668,2073142.0,
2024-08-01,288.77246,290.5,0.1764893531799316,2.8667886,0.833334,2358730.0,
2024-08-02,293.58127,294.2,0.5776882171630859,3.3780575,2.222224,2401394.0,
2024-08-03,288.39478,288.98541259765625,0.2285689115524292,3.0495949,1.012670874595642,2417742.0,
2024-08-04,283.97995,284.6347045898437,0.0,1.4809055,0.3776594400405884,2449764.0,
2024-08-05,284.20377,284.75,0.0,1.7435856,0.555556,2407524.0,
2024-08-06,284.0533,283.0,0.0032782554626464,2.3370683,0.555556,2450826.0,
2024-08-07,280.72794,280.0,0.0,2.083594,0.277778,2540850.0,
2024-08-08,278.68777,279.5,0.0,2.1027994,0.555556,2645022.0,
2024-08-09,278.85797,278.5,0.0,1.2742538,0.277778,2651374.0,19.95288888888888
2024-08-10,281.84912,283.0,0.0008583068847656,2.5255685,0.833334,2584234.0,
2024-08-11,283.5912,282.0,0.0008583068847656,1.9967599,0.277778,2593436.0,
2024-08-12,283.70834,282.0,0.0,1.7626581,0.555556,2623490.0,
2024-08-13,284.38904,288.0,0.0,3.317711,1.944446,2643660.0,
2024-08-14,286.1902,285.5,0.0,2.2088764,0.833334,2632214.0,29.87921658986174
2024-08-15,286.69205,285.5,0.0008583068847656,1.7079172,0.277778,2486896.0,
2024-08-16,287.6204,284.5,0.0518560409545898,1.5424185,0.277778,2569548.0,
2024-08-17,285.30685,285.0,0.011146068572998,1.4230636,0.277778,2540488.0,
2024-08-18,285.2266,285.5,0.0448971986770629,1.3606672,0.555556,1733488.0,
2024-08-19,282.09225,283.5,0.3246963024139404,2.1265833,0.277778,692788.0,
2024-08-20,280.5146,282.0,0.1623628139495849,1.8638436,0.277778,1750320.0,
2024-08-21,281.53607,281.5,0.0779628753662109,1.4117883,0.555556,2579998.0,
2024-08-22,280.52542,280.5,0.2776384353637695,1.6582226,0.555556,2139946.0,
2024-08-23,278.85748,279.0,0.340580940246582,1.138153,0.277778,2455896.0,
2024-08-24,278.88913,279.5,0.0011622905731201,1.2785515,0.277778,2837524.0,19.67643835616434
2024-08-25,279.9014,278.5,0.0,1.7869959,0.555556,2810218.0,
2024-08-26,281.67813,282.5,0.0,2.8616588,0.833334,2858906.0,24.70133333333333
2024-08-27,282.93835,282.5,0.0008583068847656,2.0312436,0.555556,2674042.0,
2024-08-28,283.48035,283.0,0.0008523463038727,1.9772738,0.555556,2837834.0,
2024-08-29,284.09964,286.0,0.6968080997467041,1.9730835,0.277778,1351278.0,
2024-08-30,283.35812,285.5,0.2621859014034271,2.2695448,0.555556,1925522.0,
2024-08-31,282.55533,283.5,0.0008523463038727,1.790418,0.0,2931422.0,
2024-09-01,283.23654,284.0,0.0008583068847656,1.7418251,0.0,2986874.0,
2024-09-02,289.1388,294.5,0.0007227063179016,3.4292831,1.944446,2979596.0,
2024-09-03,286.46533,287.0,0.000435113790445,3.2984152,0.555556,3026030.0,39.01595330739297
2024-09-04,286.2025,287.5,0.0,1.4594539,0.277778,3031616.0,
2024-09-05,286.83218,284.5,0.0,2.9120624,1.3888900000000002,3035142.0,39.26044052863437
2024-09-06,289.2672,291.0,0.0,2.487338,1.111112,3003754.0,
2024-09-07,288.19473,287.0,0.0008523463038727,1.7420444,0.277778,2985162.0,
2024-09-08,289.4691,289.0,0.0008523463038727,1.6764297,0.555556,3010284.0,36.81280991735539
2024-09-09,291.22,290.0,0.1066923141479492,1.2192729,0.555556,3004424.0,
2024-09-10,292.77628,295.5,0.5655661225318909,2.5397139,1.944446,1782930.0,
2024-09-11,286.6193,286.5,0.0004351139068603,3.2020378,0.833334,3118230.0,
2024-09-12,286.07977,285.0,0.118151307106018,1.723838,0.0,2917094.0,
2024-09-13,286.95645,286.0,0.000435113790445,1.7861382,0.555556,3182144.0,
2024-09-14,286.58304,285.5,0.0358551740646362,2.099068,0.555556,3167572.0,
2024-09-15,287.49414,286.0,0.000426173210144,2.2092884,0.833334,3216940.0,39.935925925925936
2024-09-16,289.00436,287.0,0.5103200674057007,2.6604388,0.833334,3077854.0,
2024-09-17,290.13107,290.0,0.0008583068847656,3.025493,1.111112,3177260.0,
2024-09-18,292.42838,292.5,0.0705420970916748,2.6659176,0.833334,3173610.0,60.85101204819278
2024-09-19,296.10495,296.0,0.0,3.6031113,1.666668,3293414.0,
2024-09-20,290.7434,288.0,0.0053644180297851,2.088212,0.555556,2949648.0,50.31013157894735
2024-09-21,292.89957,293.0,0.0134289264678955,2.994768,0.833334,3221224.0,
2024-09-22,295.38846,295.5,0.0028982758522033,2.881842,1.111112,3205840.0,
2024-09-23,289.88586,289.0,0.0008523463038727,2.1071682,0.555556,3294867.0,
2024-09-24,289.39975,288.0,0.1849085092544555,1.946507,0.277778,3012100.5,
2024-09-25,289.29666,288.0,0.014081597328186,2.2184143,0.833334,3363014.0,
2024-09-26,286.7417,287.0,0.0008662028121761,2.8075647,0.555556,3402830.0,
2024-09-27,288.13806,280.0,0.0,2.713786,0.0,3379450.0,
2024-09-28,292.45294,292.9846496582031,0.000435113790445,2.4544966,0.7717728018760681,3357733.0,42.3237931034483
2024-09-29,295.374,295.8632507324219,0.0008583068847656,2.914345,0.9579211473464966,3297829.0,
2024-09-30,299.57373,296.0,0.0,3.0000246,0.277778,3437401.0,46.25320652173914
2024-10-01,291.93454,291.5,0.0008523463038727,3.1774273,1.111112,3412290.0,
2024-10-02,288.44797,286.5,0.0008557988330721,2.1252177,0.277778,3457176.0,
2024-10-03,288.8581,286.5,0.000435113790445,1.9896189,0.555556,3480195.0,57.82956043956044
2024-10-04,290.3652,289.0,0.000435113790445,3.0981853,0.833334,3456738.0,
2024-10-05,293.2836,292.0,0.0008583068847656,1.9191093,0.555556,3195197.0,55.11097087378643
2024-10-06,294.76236,294.5,2.519667148590088,1.7083689,0.555556,513865.0,
2024-10-07,290.28873,291.0,0.4328358769416809,1.568078,0.0,1914570.0,
2024-10-08,287.84872,288.5,0.960901379585266,3.02889,0.277778,464470.0,
2024-10-09,285.58347,286.5,0.4086196422576904,2.415516,0.0,2930506.0,
2024-10-10,288.23114,290.5,7.450580596923828e-05,1.1071261,0.277778,3568012.0,
2024-10-11,290.8666,291.0,0.0469684600830078,1.953293,0.277778,2448718.0,
2024-10-12,289.92636,291.0,2.0502805709838867,2.1634848,0.277778,2359596.0,
2024-10-13,289.70224,288.0,5.948990821838379,1.4586767,0.277778,1662884.0,
2024-10-14,290.05298,291.0,0.6459951400756836,1.3998858,0.277778,2038518.0,
2024-10-15,291.0409,292.5,0.0299811363220214,1.6266631,0.277778,2823460.0,
2024-10-16,291.50342,292.5,4.00225830078125,2.5117025,0.555556,1663496.0,
2024-10-17,291.0961,292.5,0.029832124710083,2.0203593,0.277778,3343070.0,
2024-10-18,290.84842,292.0,0.0008583068847656,1.5117707,0.277778,3648422.0,60.890764705882354
2024-10-19,291.47263,294.5,0.0008772329892963,2.7945557,0.833334,3622226.0,
2024-10-20,293.74976,296.5,0.0717043876647949,3.5607116,1.111112,2772262.0,54.3291584158416
2024-10-21,294.00394,295.5,2.327874183654785,1.8934485,0.555556,1472722.0,
2024-10-22,291.7624,291.5,4.396617412567139,1.7926773,0.0,2079468.0,
2024-10-23,292.46838,291.0,0.0808387994766235,1.1588721,0.277778,2676636.0,
2024-10-24,290.87347,291.4281005859375,0.0740468502044677,2.8740768,0.9416204690933228,2993006.0,
2024-10-25,288.55374,287.5,3.5652192309498787e-06,2.7242517,0.833334,3825862.0,
2024-10-26,288.32315,287.5,0.0,1.7970661,0.277778,3717740.0,
2024-10-27,290.35648,290.5,0.0,2.723849,0.833334,3756774.0,
2024-10-28,292.98035,293.5,0.0,2.0663536,0.555556,3767202.0,61.99908108108108
2024-10-29,294.83328,294.5,0.0,2.3594515,0.555556,3741800.0,
2024-10-30,295.61777,295.5,3.892868757247925,2.4004405,0.555556,2398216.0,45.55588957055219
2024-10-31,293.98965,294.5,0.2413913607597351,1.1359805,0.277778,3257960.0,
2024-11-01,295.30353,296.5,0.6321370601654053,2.1999214,0.555556,2285162.0,
2024-11-02,291.11407,294.0,0.0500828027725219,3.5456693,0.833334,2405044.0,
2024-11-03,289.60483,293.5,1.3781487941741943,1.9600792,0.555556,2971652.0,
2024-11-04,293.0557,293.5,0.0834129750728607,2.0687244,0.555556,3332022.0,
2024-11-05,290.91846,291.0,2.0217747688293457,1.8681055,0.555556,2160108.0,
2024-11-06,290.8668,291.5,0.1507550477981567,1.3395833,0.277778,2582046.0,
2024-11-07,291.1437,294.0,0.1261532306671142,2.1780026,0.833334,3311480.0,
2024-11-08,291.95242,292.49139404296875,0.0180304050445556,1.6007237,0.4261623024940491,3308642.0,
2024-11-09,293.3555,293.87408447265625,1.102536916732788,2.8855896,0.946280837059021,3078554.0,39.3513636363636
2024-11-10,296.2496,296.72613525390625,2.6903674602508545,2.5326989,0.803429365158081,3608724.0,
2024-11-11,290.13443,290.6997985839844,0.0,3.1443546,1.051029920578003,3839576.0,
2024-11-12,291.41028,291.9571228027344,0.0008642674074508,1.6641449,0.4518353939056396,3874264.0,63.2862987012987
2024-11-13,293.88187,297.0,0.0005960464477539,1.9662176,0.277778,3784510.0,
2024-11-14,296.32706,295.5,0.000435113790445,2.5848489,0.555556,3885684.0,38.44507042253522
2024-11-15,297.19855,297.66131591796875,0.4559338092803955,3.6957138,1.2742222547531128,3658328.0,
2024-11-16,297.03894,297.5040283203125,0.4150271415710449,2.3320487,0.722205400466919,2212314.0,
2024-11-17,290.15707,290.7221069335937,0.2072434872388839,2.9218066,0.9609416723251344,3270060.0,
2024-11-18,288.199,291.0,1.3494789600372314,2.2219956,0.555556,2250072.0,
2024-11-19,289.48145,290.5,0.3326460719108581,1.539498,0.277778,2949664.0,
2024-11-20,290.68948,292.5,0.91591477394104,1.7711468,0.555556,2381132.0,
2024-11-21,291.578,294.0,0.1124124974012374,1.5944179,0.555556,3896570.0,
2024-11-22,293.74112,295.0,0.0023841857910156,1.9133482,0.555556,3599144.0,60.37769911504423
2024-11-23,294.28494,295.0,0.163242220878601,2.2405727,0.555556,3018462.0,
2024-11-24,296.8313,300.5,3.622509479522705,2.8304834,0.555556,2366144.0,
2024-11-25,294.7229,294.0,3.640517711639404,2.3540483,0.555556,3199172.0,
2024-11-26,295.15198,296.5,1.5683472156524658,1.0656878,0.277778,2670104.0,
2024-11-27,294.4893,295.0,1.3440773487091064,1.1131694,0.277778,2597680.0,
2024-11-28,293.67868,294.5,3.356635570526123,1.4910475,0.555556,816376.0,
2024-11-29,290.60974,287.5,0.7588714361190796,2.0144873,0.0,1083302.0,
2024-11-30,288.88358,287.5,0.7757245302200317,1.3049959,0.0,3163226.0,
2024-12-01,292.63736,293.5,0.0005960464477539,2.7796867,0.555556,3974612.0,
2024-12-02,290.42615,290.0,0.0005960465059615,1.884786,0.277778,3842100.0,67.0048857142857
2024-12-03,290.12393,290.5,0.0008583070593886,2.0617955,0.555556,3989920.0,
2024-12-04,291.84616,292.0,0.0760555267333984,2.8979428,0.833334,3951988.0,52.44412000000002
2024-12-05,294.62305,295.0,1.132659673690796,2.928353,0.833334,3035452.0,
2024-12-06,293.35953,295.0,0.0136600248515605,3.0632331,0.555556,2571962.0,
2024-12-07,289.2271,289.0,0.2099275588989257,2.8057137,0.277778,2674536.0,
2024-12-08,287.59982,288.0,0.0119209289550781,1.7559481,0.277778,3385774.0,
2024-12-09,290.96655,291.5,0.0008523463038727,1.532637,0.277778,4014584.0,
2024-12-10,293.45245,293.5,0.0,2.3678837,0.555556,3509890.0,
2024-12-11,294.79715,289.0,2.664417028427124,2.7189171,0.0,3233476.0,
2024-12-12,296.67004,297.1404724121094,4.148870468139648,2.4370546,0.7647122144699097,4044072.0,
2024-12-13,293.91226,294.4227600097656,0.0040531163103878,2.8749447,0.9419717788696288,4000924.0,
2024-12-14,294.48593,294.98809814453125,0.173419713973999,1.6246042,0.435829222202301,3887584.0,73.71206349206346
2024-12-15,295.42737,295.9158630371094,0.1519769430160522,1.6933193,0.463645339012146,3865156.0,
2024-12-16,294.88998,295.38629150390625,0.1022666692733764,1.7002782,0.4664623141288757,3547104.0,
2024-12-17,294.85672,295.3534851074219,4.443201065063477,2.4623704,0.7749601602554321,1687028.0,
2024-12-18,292.03305,292.5708312988281,0.0008583068847656,1.3147513,0.3103995323181152,4028508.0,
2024-12-19,294.35922,294.8632202148437,0.1318305730819702,1.7911679,0.503254771232605,3849624.0,109.92463687150834
2024-12-20,296.0547,296.5340576171875,2.351179599761963,2.2713075,0.6976171731948853,2113596.0,
2024-12-21,290.55093,291.1102600097656,0.0038431466091424,2.1376667,0.64351886510849,3832064.0,
2024-12-22,292.83548,293.3616027832031,2.555638551712036,1.5699605,0.4137092232704162,3461696.0,67.24775665399238
2024-12-23,294.96594,295.46112060546875,0.3502964973449707,2.6434433,0.8482592105865479,3233864.0,
2024-12-24,293.60544,294.1203918457031,0.0,3.0337934,1.0062743425369265,4011800.0,
2024-12-25,292.77417,293.3012084960937,0.0193715095520019,1.8048319,0.5087860226631165,3912408.0,
2024-12-26,293.91382,294.4242858886719,0.1464784145355224,1.3446792,0.3225144743919372,3577800.0,
2024-12-27,295.15762,295.6500244140625,4.607915878295898,1.3830132,0.3380322456359863,3550388.0,66.25968127490037
2024-12-28,294.40033,294.9037475585937,0.0831782817840576,1.2130795,0.2692424058914184,3826752.0,
2024-12-29,295.4612,295.94921875,1.8578022718429563,1.8607559,0.5314242839813232,3718888.0,51.91456521739129
2024-12-30,295.68082,296.1656188964844,1.8251538276672363,1.5801281,0.4178251028060913,3928440.0,
2024-12-31,297.37936,297.8395080566406,1.7807632684707642,1.9190756,0.5550323724746704,2923872.0,
2025-01-01,295.87473,296.3567199707031,0.7249712944030762,1.1120766,0.2283560931682586,3526560.0,
2025-01-02,296.4686,296.94195556640625,0.8973032832145691,1.2210178,0.2724559009075165,3447716.0,
2025-01-03,296.63474,297.1056823730469,0.0393539667129516,1.0985612,0.2228849828243255,3759320.0,
2025-01-04,297.63022,298.0867004394531,0.0959038734436035,2.0132322,0.5931472778320312,3823836.0,
2025-01-05,297.92136,298.3736267089844,0.3004542589187622,1.9383411,0.5628311038017273,3045256.0,
2025-01-06,297.49326,297.9517517089844,1.3181418180465698,1.8452355,0.5251415967941284,3599624.0,64.6749672489083
2025-01-07,296.4899,296.96295166015625,1.6077158451080322,1.4991151,0.3850307464599609,3475224.0,
2025-01-08,298.10193,298.55157470703125,1.6076117753982544,1.4745197,0.3750744462013244,2765842.0,
2025-01-09,295.31973,295.8097839355469,2.5427439212799072,1.2828488,0.2974852919578552,3418070.0,
2025-01-10,295.35706,295.8465576171875,0.0085234642028808,1.3552696,0.3268014788627624,3947496.0,
2025-01-11,296.24677,296.7233581542969,0.0155568122863769,1.6685324,0.4536114931106567,3584088.0,62.66974193548388
2025-01-12,297.2599,297.7217712402344,0.0211745500564575,1.6472368,0.4449909925460815,3722132.0,
2025-01-13,297.29346,297.7548522949219,0.0008523463038727,1.5201565,0.3935483694076538,3833596.0,44.16586206896551
2025-01-14,298.43185,298.876708984375,0.000852346420288,1.7758207,0.4970422387123108,3926184.0,
2025-01-15,299.46494,299.894775390625,0.1135766506195068,1.7246555,0.4763303399085998,3841340.0,
2025-01-16,299.04654,299.4824523925781,1.2908726930618286,1.6210175,0.4343772530555725,3305456.0,49.96984126984127
2025-01-17,297.55417,298.01177978515625,1.071713924407959,1.5747837,0.4156616330146789,3122084.0,
2025-01-18,295.09555,295.5888671875,0.9022057056427002,1.5328506,0.3986870050430298,3134080.0,
2025-01-19,293.6163,294.131103515625,0.0,2.3966706,0.7483646273612976,4028202.0,
2025-01-20,293.49628,294.0128173828125,0.0008597968844696,1.7411842,0.4830212593078613,3954676.0,
2025-01-21,295.67813,296.1629638671875,0.3989636898040771,1.663858,0.4517192840576172,3220944.0,64.96359281437125
2025-01-22,297.23758,297.69976806640625,0.200631096959114,1.956205,0.5700624585151672,3157016.0,
2025-01-23,296.88358,297.3509216308594,2.0933876037597656,2.5634544,0.8158793449401855,3663550.0,
2025-01-24,298.1598,298.60858154296875,2.355262756347656,1.6807305,0.4585493206977844,3135470.0,
2025-01-25,296.55032,297.0224914550781,0.987023115158081,1.4421936,0.3619887232780456,3380404.0,
2025-01-26,296.91458,297.3814697265625,0.2694129943847656,2.2684975,0.6964796185493469,3182418.0,
2025-01-27,296.55692,297.02899169921875,7.061422824859619,1.7881244,0.5020228028297424,2012292.0,
2025-01-28,293.5945,294.109619140625,0.0581850185990333,1.3775402,0.335816740989685,2986234.0,
2025-01-29,294.93497,295.4306030273437,0.006452202796936,1.3488687,0.3242104053497314,3828184.0,
2025-01-30,296.13272,296.6109619140625,0.0008523463038727,1.6966578,0.4649967551231384,3880014.0,
2025-01-31,296.9602,297.4264221191406,0.0100135803222656,1.9821125,0.580549955368042,3786106.0,63.48401023890782
2025-02-01,297.75726,298.2119140625,0.0008588509517721,1.7425646,0.4835799932479858,3848792.0,
2025-02-02,298.1234,298.57275390625,0.0704824924468994,2.481546,0.7827224731445312,3698484.0,45.21005813953483
2025-02-03,299.6831,300.1097717285156,0.0913739204406738,2.2440977,0.6866025328636169,3350566.0,
2025-02-04,297.76315,298.2177124023437,0.3829598426818847,1.8739386,0.536760687828064,3070726.0,
2025-02-05,296.6985,297.16851806640625,0.0010859221220016,1.4720026,0.3740555047988891,3908576.0,77.69611457742485
2025-02-06,296.55923,297.0312805175781,0.4281401634216308,1.5890541,0.4214383959770202,3631254.0,
2025-02-07,298.38638,298.8318786621094,0.0039935111999511,1.7284688,0.4778739809989929,3720450.0,53.90148437499993
2025-02-08,301.2001,301.604736328125,0.0008046627044677,2.1358402,0.6427794694900513,3592782.0,
2025-02-09,302.7922,303.1737365722656,0.0008627771749161,2.331339,0.7219181060791016,3787810.0,
2025-02-10,302.43262,302.8193664550781,0.3666728734970093,2.8907118,0.9483543634414672,3454256.0,59.38386363636362
2025-02-11,300.04175,300.4632263183594,0.8880048990249634,2.230944,0.6812778115272522,2162048.0,
2025-02-12,292.34085,292.8741760253906,0.0388771295547485,2.1537616,0.6500341296195984,3027498.0,
2025-02-13,293.08975,293.6121826171875,0.1733601093292236,1.4915396,0.3819641470909118,2562854.0,
2025-02-14,297.22183,297.68426513671875,5.63475513458252,2.051114,0.6084820032119751,1947626.0,
2025-02-15,295.12344,295.6163330078125,5.846961975097656,1.2857744,0.2986695766448974,2881170.0,
2025-02-16,294.94717,295.442626953125,0.2185553312301635,1.6273775,0.4369518160820007,3556944.0,
2025-02-17,294.81747,295.3148193359375,0.0143647193908691,1.6597086,0.4500396251678467,3684752.0,76.61461538461535
2025-02-18,293.29678,293.81622314453125,0.0,2.0825658,0.6212137937545776,3673722.0,
2025-02-19,294.92004,295.4158935546875,0.0008583068847656,2.8443604,0.929591178894043,3292718.0,
2025-02-20,296.40164,296.8759765625,0.000435113790445,2.6348898,0.8447966575622559,3087700.0,65.79578124999992
2025-02-21,297.93674,298.3887634277344,0.0027418136596679,2.080062,0.6202002167701721,3425980.0,
2025-02-22,300.14215,300.5621643066406,0.0008523463038727,2.596847,0.8293968439102173,3520972.0,35.25094339622643
2025-02-23,301.06766,301.4742126464844,0.0828802585601806,2.5671291,0.8173668384552002,3444986.0,
2025-02-24,301.10367,301.5097045898437,2.7680249214172363,2.2793624,0.700877845287323,2753340.0,
2025-02-25,297.93457,298.3866577148437,1.6688543558120728,1.5120991,0.3902867436408996,2657522.0,
2025-02-26,296.59677,297.0682678222656,2.161994457244873,0.99527353,0.1810737550258636,2438122.0,
2025-02-27,295.69153,296.1761779785156,1.5148252248764038,1.8917179,0.5439578294754028,2498034.0,
2025-02-28,296.31708,296.7926330566406,1.0713114738464355,1.962143,0.5724661946296692,2025058.0,
2025-03-01,295.13284,295.6256103515625,1.623585820198059,1.4445225,0.3629314303398132,1781404.0,
2025-03-02,294.74463,295.2430419921875,1.4837682247161863,1.8683802,0.5345106720924377,3120910.0,
2025-03-03,296.603,297.07440185546875,0.5389153957366943,2.0223627,0.5968433618545532,3283323.0,
2025-03-04,297.80615,298.2601013183594,0.0765025615692138,2.2879512,0.7043545842170715,3197876.0,
2025-03-05,299.25388,299.6867980957031,0.0836104154586792,2.338229,0.7247071862220764,3303745.0,
2025-03-06,299.8141,300.2388610839844,1.4451146125793457,2.495538,0.7883864641189575,3115082.0,
2025-03-07,299.26932,299.7019958496094,6.882496356964111,2.7830632,0.904777765274048,2112994.0,53.38450450450449
2025-03-08,292.27075,292.8050842285156,0.0004276632098481,3.0825756,1.0260215997695925,3082920.5,
2025-03-09,288.9757,289.55792236328125,0.0008523463038727,1.8630962,0.5323716998100281,3289542.5,
2025-03-10,290.3295,290.8920288085937,1.2658237218856812,2.2036924,0.6702463030815125,2733377.5,
2025-03-11,291.941,292.4801330566406,2.9537081718444824,1.4348288,0.3590073585510254,394626.5,
2025-03-12,285.35474,285.9895324707031,0.1179277896881103,2.350065,0.7294985055923462,1287749.5,
2025-03-13,285.97458,286.6003723144531,0.0227760784327983,1.3183303,0.3118483424186706,1930906.75,
2025-03-14,287.40417,288.0092163085937,0.0644624233245849,2.0161479,0.5943275690078735,1899545.0,
2025-03-15,289.9675,290.5352783203125,1.2908936738967896,1.9739116,0.5772301554679871,2847960.0,
2025-03-16,292.1884,292.7239074707031,0.0388324260711669,1.4912896,0.3818629384040832,3109796.5,
2025-03-17,293.09793,293.6202697753906,0.0046789646148681,1.6458645,0.4444354176521301,3321244.0,56.96135514018693
2025-03-18,294.23993,294.74566650390625,0.0,1.6725721,0.4552468061447143,3309253.0,
2025-03-19,295.27023,295.7610168457031,0.000435113790445,2.634498,0.8446379899978638,3154117.0,58.0949315068493
2025-03-20,294.87036,295.366943359375,2.861708402633667,2.6332436,0.844130277633667,2828510.0,
2025-03-21,293.80875,294.3207397460937,0.1078248023986816,1.2931412,0.3016517162322998,3216662.0,
2025-03-22,293.04346,293.5665588378906,3.3080880641937256,1.4369755,0.3598763942718506,1844882.0,147.55291497975705
2025-03-23,291.676,292.2189636230469,2.686351537704468,1.4156603,0.3512479066848755,415256.0,
2025-03-24,288.04666,288.6423645019531,1.8631815910339355,1.7247248,0.476358413696289,1647684.0,
2025-03-25,287.1302,287.7391967773437,1.165913462638855,2.3966367,0.7483509182929993,1510964.0,
2025-03-26,290.7314,291.2881164550781,0.786811113357544,1.5820595,0.4186069369316101,1183770.0,
2025-03-27,291.82858,293.0,0.4792660474777221,1.0457925,0.0,1849448.0,
2025-03-28,292.16562,292.5,0.2107173502445221,1.201855,0.277778,1508110.0,
2025-03-29,291.571,293.0,1.2726484537124634,1.6915442,0.277778,2622256.0,
2025-03-30,294.51254,294.5,5.330920219421387,3.0772636,1.3888900000000002,2794696.0,
2025-03-31,286.1473,286.0,0.000435113790445,3.3393002,0.555556,3065650.0,
2025-04-01,285.53275,286.1649475097656,0.0004276632098481,1.2961789,0.3028814196586609,3126116.0,
2025-04-02,286.63782,287.25396728515625,0.0161260366439819,1.4445175,0.3629294037818908,3000568.0,
2025-04-03,288.01144,288.6076354980469,0.0176578760147094,2.208083,0.672023594379425,1012636.0,88.40063636363635
2025-04-04,282.11102,282.0,0.0008685360080562,2.1010776,0.277778,3023528.0,
2025-04-05,282.49146,284.0,0.0176727771759033,1.6978878,0.277778,2756378.0,
2025-04-06,283.7092,284.0,0.104561448097229,1.3595594,0.277778,2500454.0,
2025-04-07,285.8966,284.0,0.308295726776123,1.9181204,0.0,2560870.0,
2025-04-08,286.2836,286.9049072265625,0.0488869845867157,2.2512896,0.6895138621330261,2672576.0,
2025-04-09,287.44168,289.0,0.1583695411682129,1.5048555,0.277778,2564322.0,
2025-04-10,288.07938,287.0,0.060349702835083,1.5610509,0.0,1490232.0,
2025-04-11,288.9628,291.5,4.219442367553711,1.7769672,0.277778,2087930.0,
2025-04-12,288.38467,289.0,0.0556707419455051,1.5184349,0.277778,2011734.0,
2025-04-13,287.95297,288.0,0.0126361846923828,1.466355,0.277778,2385586.0,
2025-04-14,287.8085,289.5,1.2729912996292114,2.0949738,0.0,2248640.0,
2025-04-15,288.78052,290.0,0.0620484352111816,1.2316625,0.277778,2030456.0,
2025-04-16,290.2417,292.5,0.0388026237487793,1.841966,0.555556,2225682.0,
2025-04-17,291.38907,292.5,0.848233699798584,1.6646395,0.277778,912210.0,
2025-04-18,289.0845,287.5,0.2546310424804687,1.8351501,0.277778,998312.0,
2025-04-19,284.96783,285.0,0.1692362129688263,1.3564081,0.277778,1144658.0,
2025-04-20,285.10648,285.5,0.0008523463038727,1.459421,0.277778,2737368.0,
2025-04-21,286.6188,283.5,0.0008523463620804,2.0078132,0.555556,2653612.0,
2025-04-22,288.25015,288.8428955078125,0.2614259719848633,2.0378902,0.603128969669342,2210144.0,
2025-04-23,289.43594,294.5,0.4947781562805176,1.4772886,0.833334,1393626.0,
2025-04-24,290.1344,290.69976806640625,0.0099465250968933,1.1834658,0.2572547197341919,2293242.0,
2025-04-25,290.52414,291.0838623046875,0.3832727670669555,2.1340368,0.6420494318008423,1811354.0,
2025-04-26,286.83347,287.44677734375,0.2034604400396347,2.712664,0.8762799501419067,2530682.0,
2025-04-27,287.52664,288.1298828125,0.0008672475814819,1.2029411,0.2651383578777313,2608018.0,
2025-04-28,288.10013,288.6950378417969,0.0,1.5086093,0.3888739943504333,2614576.0,20.15981651376151
2025-04-29,287.85184,288.4503479003906,0.0,2.2648954,0.6950215101242065,2537644.0,
2025-04-30,288.2991,292.5,0.0008597968844696,2.7098238,1.111112,1935256.0,15.387076923076926
2025-05-01,288.92886,290.0,0.0050693745724856,2.3532925,0.833334,2407584.0,
2025-05-02,289.3046,290.0,0.0132322311401367,1.546341,0.277778,2310594.0,
2025-05-03,290.70615,291.5,0.2253204584121704,2.3198538,0.555556,1752772.0,38.7876785714286
2025-05-04,292.06033,295.0,2.450630187988281,1.8576282,0.833334,799684.0,
2025-05-05,289.67853,290.5,0.3028884530067444,1.279739,0.0,1848180.0,
2025-05-06,290.67654,289.0,0.3742501139640808,1.2619122,0.0,1562180.0,
2025-05-07,289.6338,291.5,0.218018889427185,1.322135,0.277778,1520116.0,
2025-05-08,289.34787,290.0,0.0906884670257568,1.4362621,0.277778,1825872.0,
2025-05-09,288.70975,290.0,0.0008583068847656,0.9729557,0.277778,2392748.0,
2025-05-10,289.2637,289.0,0.0008583068847656,1.5736309,0.277778,2349472.0,
2025-05-11,288.47488,288.5,0.0008571271901018,2.8374474,0.555556,2323120.0,48.80392857142851
2025-05-12,288.5241,288.5,0.0008583068847656,2.7712452,0.555556,2321406.0,
2025-05-13,287.98624,288.0,0.009775161743164,2.5154111,0.833334,1667754.0,
2025-05-14,289.0416,292.0,0.3248602151870727,1.4721473,0.0,1087264.0,
2025-05-15,291.8893,293.0,0.4919916987419128,2.1102288,0.833334,997004.0,
2025-05-16,292.70706,294.0,1.4256871938705444,1.9304487,0.555556,1960608.0,
2025-05-17,293.1038,294.5,0.7719844579696655,2.4645789,1.3888900000000002,2056156.0,
2025-05-18,285.71927,285.5,0.0008596797706559,3.0440037,0.555556,2244906.0,
2025-05-19,283.89578,284.0,0.0008523463038727,0.8189923,0.277778,2225592.0,
2025-05-20,283.24936,279.5,0.0156611185520887,1.463678,0.0,1409584.0,33.94616438356162
2025-05-21,283.91937,284.57501220703125,0.2027451992034912,1.1324956,0.2366217672824859,976028.0,
2025-05-22,284.64352,284.0,0.0,1.1030453,0.277778,1930520.0,
2025-05-23,285.04404,285.5,0.0600442290306091,2.089831,0.555556,1812164.0,
2025-05-24,286.88324,288.5,0.0106394290924072,1.1759065,0.277778,1468128.0,
2025-05-25,285.11526,286.0,0.0150389969348907,1.4355456,0.277778,2204784.0,
2025-05-26,285.93445,285.5,0.9053349494934082,1.2527496,0.555556,1340900.0,
2025-05-27,283.07715,280.5,0.0,3.4155233,1.111112,2227128.0,
2025-05-28,278.7372,278.0,0.0,1.9167566,0.277778,2193372.0,17.74054545454542
2025-05-29,279.39725,280.0,0.0,1.4795799,0.277778,2218598.0,
2025-05-30,281.06137,282.0,0.0008583068847656,1.5761437,0.277778,2192790.0,
2025-05-31,281.34952,281.0,0.0004276632098481,1.6191831,0.277778,2045340.0,28.168947368421065
2025-06-01,281.71518,280.5,0.0,1.9649477,0.277778,2047170.0,
2025-06-02,282.45584,283.5,0.0008583068847656,1.7487577,0.555556,2077026.0,
2025-06-03,284.03857,284.0,0.0008583068847656,1.7399526,0.555556,2097040.0,
2025-06-04,284.09232,284.5,0.0,2.0685742,0.277778,2132580.0,
2025-06-05,284.519,283.5,0.0,1.7640108,0.277778,2092704.0,20.09664062499994
2025-06-06,283.62997,284.0,0.1400113105773925,1.9111522,0.277778,1407560.0,
2025-06-07,283.3519,284.5,0.0181794166564941,1.3744472,0.277778,2037284.0,
2025-06-08,283.15347,284.0,0.0008523463038727,1.2033185,0.277778,2120048.0,
2025-06-09,283.00504,282.0,0.0008523463038727,1.6409975,0.277778,2113452.0,17.882682926829297
2025-06-10,282.4302,282.5,0.0,2.2085302,0.555556,2128820.0,
2025-06-11,282.18674,282.5,0.0008583068847656,2.8668206,0.555556,2052704.0,
2025-06-12,281.81656,282.5,0.0056654214859008,2.936613,0.833334,1704368.0,24.417300613496916
2025-06-13,282.94946,286.0,0.1370012760162353,1.5617867,0.277778,2081476.0,
2025-06-14,282.3877,281.5,0.0008687342051416,2.316674,0.277778,2074876.0,
2025-06-15,281.68677,281.0,0.0008519566035829,2.644107,0.833334,2055704.0,
2025-06-16,283.92474,285.5,0.0001490116119384,2.222514,1.111112,2081120.0,
2025-06-17,281.67538,281.5,0.0008583068847656,2.2018955,0.555556,1992560.0,33.09412587412591
2025-06-18,280.9442,281.5,0.0,1.7491318,0.277778,2109792.0,
2025-06-19,280.7743,281.0,0.0004271386424079,1.6771773,0.277778,2150792.0,
2025-06-20,281.8126,282.0,0.0008583069429732,1.9769369,0.277778,2108700.0,22.583783783783787
2025-06-21,281.2624,282.0,0.2761036157608032,1.7466364,0.277778,2017896.0,
2025-06-22,282.17548,281.5,0.0106096267700195,2.4481337,0.555556,2195548.0,
2025-06-23,277.55875,277.5,0.0008628220530226,2.1943076,0.277778,2106500.0,
2025-06-24,279.55658,278.5,0.0008597968844696,2.566639,0.833334,2086280.0,
2025-06-25,280.16235,281.0,0.0,3.2650948,1.111112,2114532.0,51.20923312883436
2025-06-26,279.81396,281.0,0.0,1.735921,0.277778,2117480.0,
2025-06-27,278.9647,279.5,0.0021758112125098,1.8861803,0.277778,1962316.0,33.24296874999996
2025-06-28,279.0041,279.5,0.0852793455123901,2.1084468,0.555556,1099728.0,
2025-06-29,274.6374,273.0,0.0196993350982666,2.9353073,0.277778,1874812.0,
2025-06-30,274.55618,275.34783935546875,5.401670932769776e-05,1.1405264,0.277778,2094088.0,82.17091397849461
2025-07-01,274.1801,275.0,0.0008523463038727,2.21774,0.833334,2108708.0,
2025-07-02,276.5271,278.0,0.0004276632098481,2.2912982,1.111112,2138652.0,23.477125
2025-07-03,279.70755,281.5,0.000426173210144,2.8319862,1.3888900000000002,2122440.0,
2025-07-04,281.85245,283.5,0.000435113790445,2.144253,0.833334,2084748.0,
2025-07-05,281.42944,282.0,0.162661075592041,1.6090732,0.277778,966444.0,
2025-07-06,283.8914,286.0,0.0845342874526977,1.8375582,0.555556,1586894.0,
2025-07-07,284.89542,286.5,0.0046156346797943,1.658238,0.277778,2014340.0,46.75979591836735
2025-07-08,285.52005,285.5,0.1917807906866073,2.1582296,0.277778,1515366.0,
2025-07-09,287.85153,290.5,1.1103302240371704,1.7465404,0.555556,208038.0,
2025-07-10,284.47083,285.0,0.7435176372528076,1.1824411,0.0,1122952.0,
2025-07-11,282.9658,284.0,0.1845061779022216,0.9693524,0.0,1068028.0,
2025-07-12,283.67664,284.0,0.0068843364715576,2.0502415,0.833334,2080372.0,
2025-07-13,284.07486,284.0,0.0263899564743042,1.7175125,0.555556,1606282.0,
2025-07-14,284.69238,286.0,0.0008583070011809,2.6631224,1.111112,1840168.0,
2025-07-15,288.73712,290.5,0.4981234669685364,2.49918,0.833334,2231914.0,
2025-07-16,283.48203,282.0,0.0008523463038727,3.792112,1.111112,2303042.0,
2025-07-17,280.2449,281.0,0.0008696636650711,1.6309195,0.277778,2272346.0,18.38639175257732
2025-07-18,282.7851,284.0,0.0008583068847656,2.4706993,0.833334,2278944.0,
2025-07-19,284.57388,285.0,0.000426173210144,2.462165,0.833334,2261178.0,14.4625
2025-07-20,284.64133,286.0,0.0,1.799518,0.277778,2212766.0,23.41319148936166
2025-07-21,284.7301,284.0,0.1135617494583129,1.4470295,0.277778,1488168.0,
2025-07-22,283.0831,281.5,0.2714693546295166,1.6461049,0.277778,322304.0,
2025-07-23,278.94644,279.0,0.0595450401306152,1.2598847,0.277778,957380.0,
2025-07-24,279.6856,282.0,0.0048577785491943,1.6214863,0.555556,2146054.0,
2025-07-25,283.33145,283.0,0.2819299697875976,1.6746501,0.555556,738024.0,
2025-07-26,280.65146,280.5,0.1899227499961853,2.0780275,0.277778,805604.0,
2025-07-27,277.93436,279.0,0.0941008329391479,2.5634744,0.555556,1740636.0,
2025-07-28,278.90234,281.0,0.0028759241104125,1.4507165,0.277778,2232092.0,
2025-07-29,280.15286,281.5,0.0,2.5541499,1.666668,2339594.0,
2025-07-30,283.42923,286.5,0.0008553265943191,3.7017963,2.222224,2024916.0,
2025-07-31,286.2058,290.0,0.0885277986526489,3.1408465,1.944446,1794980.0,
2025-08-01,288.0831,290.5,0.6362795829772949,1.7676927,0.833334,2247494.0,
2025-08-02,284.5163,283.5,0.0132471323013305,1.5991122,0.277778,2303254.0,
2025-08-03,283.0861,284.0,0.0018104910850524,1.5135134,0.277778,2414588.0,
2025-08-04,281.3085,283.0,0.0008523464784957,1.5460085,0.277778,2451492.0,
2025-08-05,282.13602,282.0,0.0008583068847656,1.506831,0.277778,2453964.0,
2025-08-06,282.11313,283.0,0.024154782295227,1.8492535,0.555556,1392604.0,
2025-08-07,281.83936,282.5,0.0,2.3515232,0.277778,2605260.0,
2025-08-08,279.86194,279.5,0.0008514045039191,1.5571814,0.277778,2585094.0,30.043333333333308
2025-08-09,281.01147,281.5,0.0008583068847656,2.226395,0.277778,2560418.0,21.35367999999997
2025-08-10,282.61487,285.0,0.0,2.016454,1.111112,2585126.0,
2025-08-11,284.159,285.0,0.0008628952782601,1.8823684,0.277778,2572652.0,30.705067567567568
2025-08-12,287.21225,289.5,0.0,2.6871433,1.111112,2390044.0,
2025-08-13,284.81284,284.5,0.0006556510925292,3.0004241,0.555556,2587670.0,
2025-08-14,281.47665,281.0,0.0028908252716064,1.4625355,0.277778,2024112.0,
2025-08-15,280.6028,284.0,0.4698708653450012,1.4200974,0.277778,2477884.0,
2025-08-16,283.06824,284.0,0.0021681189537048,0.92037994,0.277778,2549892.0,
2025-08-17,283.09033,281.5,0.4629194736480713,1.4766556,0.277778,1629114.0,
2025-08-18,282.8533,283.5,2.079889297485352,1.4597219,0.277778,904726.0,
2025-08-19,282.1097,282.5,0.0008523463038727,2.6472733,0.0,2541028.0,
2025-08-20,285.3901,284.0,0.0008597968844696,2.470995,0.833334,2672686.0,
2025-08-21,286.65213,286.0,0.0578761100769043,3.5102856,1.111112,2570988.0,31.027836538461514
2025-08-22,283.35165,284.5,0.0109076499938964,3.6689236,0.833334,2829816.0,
2025-08-23,281.15854,280.5,0.0,2.0144703,0.277778,2887102.0,
2025-08-24,281.29263,282.5,0.0,2.4434402,0.555556,2817858.0,33.64255319148936
2025-08-25,285.12747,285.0,0.0008523463038727,2.14843,0.277778,2860702.0,
2025-08-26,287.09402,285.5,0.0,2.0058959,0.277778,2851514.0,60.65314049586773
2025-08-27,286.33212,285.0,0.0008583068847656,2.404143,0.555556,2861612.0,
2025-08-28,286.26245,286.0,0.0008597969426773,2.6996634,0.555556,2687316.0,61.88120253164562
2025-08-29,286.542,286.5,3.9135451316833496,2.7136543,0.555556,438356.0,91.3828729281768
2025-08-30,285.72476,288.0,5.948253154754639,2.0328152,0.277778,939570.0,
2025-08-31,284.47757,283.0,0.004516914486885,2.4093502,0.555556,2900986.0,
2025-09-01,282.6561,284.5,0.000430643587606,1.42876,0.277778,2949036.0,
2025-09-02,284.66443,285.0,0.000426173210144,1.8768158,0.555556,2902830.0,
2025-09-03,283.38077,283.5,0.0126153230667114,2.0141628,0.555556,2449750.0,37.77901639344265
2025-09-04,281.2095,282.5,0.0018477439880371,1.6464119,0.277778,2471800.0,
2025-09-05,280.1519,280.5,0.0008583068847656,1.3860222,0.277778,2990292.0,
2025-09-06,280.61618,281.0,0.000426173210144,2.1162636,0.555556,2775026.0,
2025-09-07,281.4761,282.5,0.0176578760147094,2.417023,0.833334,3017516.0,
2025-09-08,284.97855,286.5,0.0008583070593886,1.6194061,0.555556,3081062.0,
2025-09-09,286.96365,287.0,0.0008553265361115,2.3688326,0.555556,3044668.0,
2025-09-10,289.08188,291.5,0.0,4.0398293,1.666668,3117466.0,28.09806722689073
2025-09-11,286.54562,286.5,0.0008523463038727,1.7445046,0.555556,3123184.0,
2025-09-12,286.09103,285.5,0.0008523463038727,2.2574399,0.555556,3068608.0,
2025-09-13,288.87057,290.0,0.0379383489489555,2.5796003,1.111112,2112728.0,
2025-09-14,287.7917,289.5,0.0271722674369812,2.0834377,0.277778,2862570.0,
2025-09-15,289.60855,290.5,0.0052154064178466,1.4020224,0.277778,2910530.0,
2025-09-16,289.4505,289.0,0.8920133113861084,2.1859217,0.277778,963738.0,
2025-09-17,289.13876,290.0,0.0704936683177948,1.3379903,0.0,1979780.0,
2025-09-18,291.85593,294.5,0.9420067071914672,1.4193913,0.555556,2919126.0,
2025-09-19,294.90762,296.0,5.201402187347412,2.0536215,0.833334,2346940.0,
2025-09-20,292.7045,294.0,1.040130853652954,1.4545313,0.833334,2259910.0,
2025-09-21,286.58273,285.0,0.0008672475814819,3.1111813,0.555556,3346290.0,
2025-09-22,285.366,284.0,0.0,1.4313806,0.555556,3291559.0,
2025-09-23,287.33115,286.5,0.0,2.9431143,1.111112,3263613.0,55.49561338289963
2025-09-24,287.5575,287.0,0.0,1.9171454,0.555556,3337906.0,
2025-09-25,286.93588,288.5,0.0186860561370849,3.011158,0.833334,2604925.5,49.67945205479452
2025-09-26,288.90817,290.5,4.1635260581970215,3.1975334,0.833334,3399300.0,
2025-09-27,287.92258,287.0,0.0008678455487824,3.2456636,0.833334,3456856.0,
2025-09-28,287.94296,287.0,0.0008563456358388,2.170926,0.555556,3366035.0,63.30206611570248
2025-09-29,290.20627,290.0,0.0511109828948974,2.1813676,0.555556,2017031.5,
2025-09-30,288.84097,289.5,0.2421438694000244,2.487796,0.277778,2701610.0,
2025-10-01,288.15695,290.0,0.0133812427520751,1.4316206,0.277778,3413764.0,
2025-10-02,289.4506,288.5,0.0008523463038727,1.8799027,0.555556,3430074.0,
2025-10-03,292.09042,292.5,0.0779628753662109,3.0381298,1.111112,3375749.0,61.39011881188119
2025-10-04,295.62744,296.0,1.0556578636169434,2.8160632,1.111112,3448703.0,
2025-10-05,291.40005,289.5,0.0008672475814819,3.3113735,1.111112,3586632.0,55.83803738317756
2025-10-06,285.7944,283.5,0.0,1.9556193,0.555556,3645288.0,
2025-10-07,287.8038,286.0,0.000852346420288,2.361195,0.555556,3604828.0,38.94666666666666
2025-10-08,288.97977,287.5,0.0008702278719283,2.5987422,0.555556,3631896.0,51.29645161290323
2025-10-09,291.4774,290.0,0.0,2.9432049,1.3888900000000002,3511874.0,
2025-10-10,293.55923,291.0,0.000435113790445,3.1840856,1.111112,3577114.0,
2025-10-11,294.33203,294.5,0.000426173210144,2.9044082,1.111112,3658538.0,
2025-10-12,289.8362,291.0,0.0004276632098481,2.6152523,0.555556,3686494.0,
2025-10-13,291.47342,288.5,0.0008583070593886,1.7200438,0.277778,3696348.0,33.82351955307264
2025-10-14,292.50378,289.5,0.0859200954437255,3.0300453,0.833334,3603346.0,
2025-10-15,293.67026,293.0,0.1243278384208679,2.437767,0.833334,2587368.0,
2025-10-16,293.5408,293.0,1.1151729822158811,2.1063871,0.277778,2432172.0,
2025-10-17,290.2233,288.5,0.0852644443511962,2.3015103,0.277778,3676242.0,
2025-10-18,288.2775,288.5,0.0,2.130113,0.555556,3586152.0,31.33836363636361
2025-10-19,289.47397,288.0,0.0017166137695312,3.240611,0.833334,3564188.0,
2025-10-20,291.02808,290.0,0.0,3.160733,0.833334,3573864.0,
2025-10-21,293.94833,292.5,0.1053113639354705,3.1820076,1.111112,3300690.0,
2025-10-22,295.43445,294.0,0.830233097076416,2.1871278,0.555556,3316696.0,
2025-10-23,297.08035,298.0,1.92280113697052,2.4411395,0.833334,1417800.0,55.15745283018868
2025-10-24,293.48657,292.5,0.4648156464099884,1.9446034,0.555556,3164830.0,
2025-10-25,288.14072,287.5,0.0008500386029481,3.8404305,1.111112,3824774.0,49.36943113772453
2025-10-26,289.15182,287.5,0.2788305282592773,2.0205162,0.555556,2042774.0,
2025-10-27,285.0835,283.5,0.9958595037460328,2.734946,0.555556,2108072.0,
2025-10-28,278.60532,277.0,0.001169741153717,2.7111022,0.277778,3537820.0,
2025-10-29,282.96317,284.5,0.0095069408416748,1.8391591,0.277778,2224340.0,
2025-10-30,285.65854,287.5,0.0,1.7947696,0.833334,3787574.0,
2025-10-31,289.78506,291.0,1.1517852544784546,3.0406234,1.111112,2430422.0,
2025-11-01,290.45023,291.0,1.8944423198699951,1.2543217,0.277778,3434934.0,
2025-11-02,291.09952,291.5,0.0328868627548217,1.4876083,0.277778,3768074.0,19.031315789473705
2025-11-03,294.1201,292.5,0.2566874027252197,2.2662103,0.555556,3038446.0,
2025-11-04,292.95975,293.0,0.0418812036514282,2.4745944,0.833334,2824962.0,
2025-11-05,290.88437,293.5,0.2518892288208008,2.103237,0.555556,2264466.0,
2025-11-06,288.66672,291.5,2.535484790802002,2.8579419,0.833334,2658956.0,
2025-11-07,285.49356,286.0,0.0039339065551757,2.3976786,0.555556,3695834.0,
2025-11-08,285.9656,286.0,0.0046156346797943,1.8456311,0.555556,3744598.0,
2025-11-09,287.67743,288.0,0.0008642673492431,1.8874003,0.555556,2952000.0,
2025-11-10,290.32526,290.0,0.1120120286941528,2.3826993,0.555556,3811672.0,
2025-11-11,293.64334,295.5,2.390235662460327,2.4488661,1.111112,2964578.0,
2025-11-12,289.52237,291.0,0.0050365924835205,2.6529083,0.555556,2887446.0,
2025-11-13,290.65018,291.0,0.0711022913455963,1.677684,0.277778,2363180.0,
2025-11-14,292.01697,291.5,0.4810094833374023,2.214786,0.555556,2792914.0,
2025-11-15,294.4484,296.5,3.2855868339538574,3.0975494,1.111112,3574880.0,
2025-11-16,292.72482,291.0,0.0004276632098481,3.1996853,1.111112,3962884.0,39.15372093023253
2025-11-17,291.29855,290.5,0.0008523463038727,1.1127151,0.555556,3939440.0,41.88896995708157
2025-11-18,295.55734,293.0,0.0008583068847656,2.0961025,0.555556,3859016.0,
2025-11-19,296.3953,294.5,0.5308836698532104,1.879386,0.555556,3786832.0,41.658940397350975
2025-11-20,296.85825,298.5,0.3475584089756012,2.7023337,1.3888900000000002,4036930.0,
2025-11-21,292.65366,294.0,0.0462532006204128,3.3958366,0.555556,3912842.0,
2025-11-22,291.1727,291.0,0.0318735837936401,1.7114424,0.555556,3807350.0,58.23722222222221
2025-11-23,292.12714,292.5,0.0,1.8671635,0.555556,3987160.0,
2025-11-24,294.27078,293.5,0.0004410743713378,2.2690108,0.833334,3936532.0,38.41112781954885
2025-11-25,296.69376,296.0,0.0,2.2289908,0.555556,3883428.0,
2025-11-26,296.57135,295.5,0.7018595933914185,2.2295413,0.833334,3855928.0,
2025-11-27,297.07663,297.0,1.2808440923690796,1.7013493,0.555556,3474504.0,41.97967032967036
2025-11-28,297.38846,297.5,4.946112632751465,1.9455382,0.277778,2733492.0,
2025-11-29,296.2847,297.5,2.093791961669922,2.0484145,0.833334,2510768.0,
2025-11-30,293.93884,296.0,2.384438991546631,1.3825836,0.555556,1770336.0,
2025-12-01,291.6766,291.5,0.1366287469863891,1.6954793,0.277778,3871890.0,
2025-12-02,292.17715,292.0,0.0008523463038727,1.2904209,0.277778,3960820.0,
2025-12-03,294.26248,294.0,0.0,1.890894,0.277778,3787328.0,
2025-12-04,297.17517,297.5,0.1120567321777343,2.4960308,0.555556,3753846.0,34.495
2025-12-05,298.66977,298.5,0.6060302257537842,2.2308686,0.833334,2812316.0,
2025-12-06,296.21136,296.0,2.2464990615844727,2.0515468,0.277778,1301784.0,
2025-12-07,289.83365,291.0,0.0100135803222656,2.5433776,0.0,3114540.0,
2025-12-08,291.2585,293.0,0.0,2.7197723,0.555556,4005124.0,
2025-12-09,292.32355,292.0,0.4712045192718506,1.8407246,0.277778,3833404.0,29.245103448275863
2025-12-10,295.25073,295.0,4.4796319007873535,1.4804834,0.277778,3116620.0,
2025-12-11,294.63916,294.0,0.0105947256088256,1.5658294,0.277778,3918192.0,
2025-12-12,295.81497,295.0,0.2180337905883789,1.5201923,0.555556,3952024.0,55.35834101382489
2025-12-13,297.77487,297.0,2.275660514831543,2.7891428,0.833334,2641940.0,
2025-12-14,293.09045,291.0,1.493513584136963,2.0825303,0.555556,3943296.0,
2025-12-15,290.6176,290.5,0.0410526990890502,2.5626607,0.555556,3120208.0,
2025-12-16,293.28397,293.0,0.0004276632098481,1.5037231,0.555556,4022880.0,
2025-12-17,295.25662,294.0,0.0008685397915542,3.6906853,1.111112,3991568.0,66.30028112449799
2025-12-18,296.11203,294.5,0.0020265579223632,2.114237,0.555556,3920828.0,
2025-12-19,297.37253,297.0,2.975895881652832,3.028199,0.833334,2623206.0,68.83642857142851
2025-12-20,297.0222,298.0,1.5781818628311155,1.900704,0.555556,3136920.0,
2025-12-21,295.36676,296.0,1.2444555759429932,1.4279436,0.555556,3117548.0,
2025-12-22,294.38083,294.0,2.075834274291992,1.8574085,0.555556,3602060.0,
2025-12-23,295.9206,298.0,2.6790499687194824,1.578158,0.555556,3612032.0,
2025-12-24,297.02237,297.5,2.8520822525024414,1.7036386,0.555556,3878180.0,45.58644067796613
2025-12-25,295.43814,296.5,0.0004276632098481,1.9946889,0.555556,3816752.0,
2025-12-26,,295.0,,,0.555556,,38.19848739495804
2025-12-27,,297.5,,,0.555556,,
2025-12-28,,296.5,,,0.277778,,
2025-12-29,,297.5,,,0.277778,,
2025-12-30,,298.5,,,0.555556,,
2025-12-31,,300.5,,,0.277778,,
2026-01-01,,300.0,,,0.555556,,59.48327526132403
