outTempMax,outTempMin,avg_windSpeed,total_rain,dateTime
30.7,9.8,0,0.0,2020-11-09 03:00:00+00:00
31.8,14.7,0,0.5,2020-11-10 03:00:00+00:00
30.9,13.0,0,0.0,2020-11-11 03:00:00+00:00
34.6,13.1,0,0.0,2020-11-12 03:00:00+00:00
33.7,16.2,0,0.0,2020-11-13 03:00:00+00:00
23.3,14.8,0,1.3,2020-11-14 03:00:00+00:00
30.3,11.7,0,0.0,2020-11-15 03:00:00+00:00
33.8,11.6,0,0.0,2020-11-16 03:00:00+00:00
25.2,11.6,0,0.0,2020-11-17 03:00:00+00:00
29.6,13.1,0,0.0,2020-11-18 03:00:00+00:00
31.8,8.7,0,0.0,2020-11-19 03:00:00+00:00
30.9,11.6,0,0.2,2020-11-20 03:00:00+00:00
31.6,13.9,0,0.0,2020-11-21 03:00:00+00:00
34.2,13.2,0,0.0,2020-11-22 03:00:00+00:00
39.2,14.8,0,0.0,2020-11-23 03:00:00+00:00
40.7,18.9,0,0.0,2020-11-24 03:00:00+00:00
34.3,20.3,0,0.0,2020-11-25 03:00:00+00:00
30.7,13.8,0,0.0,2020-11-26 03:00:00+00:00
33.0,10.4,0,0.0,2020-11-27 03:00:00+00:00
37.4,19.0,0,0.8,2020-11-28 03:00:00+00:00
35.2,15.8,0,1.9,2020-11-29 03:00:00+00:00
29.4,16.7,0,0.0,2020-11-30 03:00:00+00:00
33.7,15.6,0,0.0,2020-12-01 03:00:00+00:00
32.1,14.5,0,1.5,2020-12-02 03:00:00+00:00
34.5,9.5,0,0.2,2020-12-03 03:00:00+00:00
24.9,10.3,0,0.9,2020-12-04 03:00:00+00:00
27.2,7.8,0,0.0,2020-12-05 03:00:00+00:00
31.6,8.0,0,0.0,2020-12-06 03:00:00+00:00
33.1,9.7,0,0.0,2020-12-07 03:00:00+00:00
35.9,12.1,0,0.0,2020-12-08 03:00:00+00:00
38.5,15.3,0,0.0,2020-12-09 03:00:00+00:00
39.6,15.8,0,0.0,2020-12-10 03:00:00+00:00
27.7,19.1,0,0.0,2020-12-11 03:00:00+00:00
21.9,17.0,2,0.0,2021-11-02 03:00:00+00:00
28.9,13.6,2,0.0,2021-11-03 03:00:00+00:00
24.5,10.7,1,1.5,2021-11-04 03:00:00+00:00
15.0,7.5,2,1.3,2021-11-05 03:00:00+00:00
19.1,8.7,1,0.0,2021-11-06 03:00:00+00:00
25.4,7.5,1,0.0,2021-11-07 03:00:00+00:00
27.6,9.8,2,0.0,2021-11-08 03:00:00+00:00
22.9,12.3,1,2.4,2021-11-09 03:00:00+00:00
25.4,9.5,1,1.4,2021-11-10 03:00:00+00:00
27.3,10.9,3,0.0,2021-11-11 03:00:00+00:00
29.4,11.9,2,0.0,2021-11-12 03:00:00+00:00
33.8,14.4,4,0.4,2021-11-13 03:00:00+00:00
26.9,8.6,2,0.0,2021-11-14 03:00:00+00:00
31.6,8.4,3,0.0,2021-11-15 03:00:00+00:00
22.3,9.3,4,0.3,2021-11-16 03:00:00+00:00
23.3,4.3,1,0.0,2021-11-17 03:00:00+00:00
29.3,5.8,2,0.0,2021-11-18 03:00:00+00:00
31.9,9.0,2,0.0,2021-11-19 03:00:00+00:00
32.6,9.9,2,0.0,2021-11-20 03:00:00+00:00
35.1,11.6,3,0.0,2021-11-21 03:00:00+00:00
36.3,14.8,2,0.0,2021-11-22 03:00:00+00:00
29.0,16.6,3,0.0,2021-11-23 03:00:00+00:00
31.1,13.4,3,0.0,2021-11-24 03:00:00+00:00
32.8,14.9,2,0.0,2021-11-25 03:00:00+00:00
32.2,8.6,2,0.0,2021-11-26 03:00:00+00:00
31.7,15.6,4,2.4,2021-11-27 03:00:00+00:00
26.7,11.7,2,0.5,2021-11-28 03:00:00+00:00
29.4,9.6,2,0.0,2021-11-29 03:00:00+00:00
31.1,10.0,3,0.0,2021-11-30 03:00:00+00:00
28.0,15.1,2,0.9,2021-12-01 03:00:00+00:00
29.1,14.9,3,0.0,2021-12-02 03:00:00+00:00
31.2,15.1,2,0.0,2021-12-03 03:00:00+00:00
25.6,18.3,2,0.0,2021-12-04 03:00:00+00:00
20.9,16.6,1,0.4,2021-12-05 03:00:00+00:00
27.5,16.6,1,0.0,2021-12-06 03:00:00+00:00
30.2,15.1,3,0.0,2021-12-07 03:00:00+00:00
29.0,15.6,2,0.2,2021-12-08 03:00:00+00:00
19.0,16.5,0,1.6,2021-12-09 03:00:00+00:00
22.3,16.0,1,2.5,2021-12-10 03:00:00+00:00
31.8,13.1,3,0.0,2021-12-11 03:00:00+00:00
22.9,15.5,2,0.3,2021-12-12 03:00:00+00:00
22.7,15.5,1,1.8,2021-12-13 03:00:00+00:00
28.0,15.7,2,0.8,2021-12-14 03:00:00+00:00
27.5,14.3,2,1.3,2021-12-15 03:00:00+00:00
30.3,14.1,2,0.0,2021-12-16 03:00:00+00:00
31.5,14.9,2,0.0,2021-12-17 03:00:00+00:00
32.3,14.8,2,0.0,2021-12-18 03:00:00+00:00
35.0,15.9,2,0.0,2021-12-19 03:00:00+00:00
33.4,18.3,2,0.0,2021-12-20 03:00:00+00:00
32.7,18.4,3,0.8,2021-12-21 03:00:00+00:00
30.4,15.4,2,0.8,2021-12-22 03:00:00+00:00
32.7,16.4,2,0.0,2021-12-23 03:00:00+00:00
33.9,15.5,2,0.0,2021-12-24 03:00:00+00:00
33.3,18.3,1,0.0,2021-12-25 03:00:00+00:00
32.9,17.6,1,0.0,2021-12-26 03:00:00+00:00
36.1,14.8,2,0.0,2021-12-27 03:00:00+00:00
34.4,18.5,2,0.0,2021-12-28 03:00:00+00:00
36.5,14.7,3,0.0,2021-12-29 03:00:00+00:00
36.0,15.2,3,0.0,2021-12-30 03:00:00+00:00
36.8,16.3,3,0.0,2021-12-31 03:00:00+00:00
34.2,18.7,3,0.0,2022-01-01 03:00:00+00:00
38.9,18.7,4,0.0,2022-01-02 03:00:00+00:00
34.9,16.7,3,0.0,2022-01-03 03:00:00+00:00
30.6,17.3,4,1.0,2022-01-04 03:00:00+00:00
30.4,17.4,2,0.0,2022-01-05 03:00:00+00:00
30.6,18.8,4,0.0,2022-01-06 03:00:00+00:00
32.2,13.8,2,0.0,2022-01-07 03:00:00+00:00
32.9,15.0,2,0.0,2022-01-08 03:00:00+00:00
34.9,15.8,2,0.0,2022-01-09 03:00:00+00:00
37.0,16.1,2,0.0,2022-01-10 03:00:00+00:00
39.3,17.1,2,0.0,2022-01-11 03:00:00+00:00
37.6,18.0,3,0.0,2022-01-12 03:00:00+00:00
38.5,16.6,3,0.0,2022-01-13 03:00:00+00:00
39.3,17.7,3,0.0,2022-01-14 03:00:00+00:00
39.4,20.0,3,0.0,2022-01-15 03:00:00+00:00
34.6,21.3,3,1.0,2022-01-16 03:00:00+00:00
28.6,16.4,2,1.3,2022-01-17 03:00:00+00:00
20.1,13.8,2,3.2,2022-01-18 03:00:00+00:00
25.4,14.3,2,0.2,2022-01-19 03:00:00+00:00
29.7,19.8,1,0.1,2022-01-20 03:00:00+00:00
36.9,21.5,4,0.0,2022-01-21 03:00:00+00:00
26.4,21.5,2,0.2,2022-01-22 03:00:00+00:00
28.6,17.0,2,5.1,2022-01-23 03:00:00+00:00
31.1,17.0,1,0.0,2022-01-24 03:00:00+00:00
30.7,19.1,1,0.0,2022-01-25 03:00:00+00:00
28.6,18.6,3,0.8,2022-01-26 03:00:00+00:00
23.5,13.5,2,10.4,2022-01-27 03:00:00+00:00
27.5,10.7,2,0.0,2022-01-28 03:00:00+00:00
30.3,11.9,2,0.0,2022-01-29 03:00:00+00:00
33.7,12.4,2,0.0,2022-01-30 03:00:00+00:00
27.1,17.1,1,0.0,2022-01-31 03:00:00+00:00
33.9,14.9,3,0.0,2022-02-01 03:00:00+00:00
28.5,16.0,1,0.0,2022-02-02 03:00:00+00:00
30.4,16.1,1,0.0,2022-02-03 03:00:00+00:00
26.6,13.6,2,1.0,2022-02-04 03:00:00+00:00
22.7,11.6,1,0.1,2022-02-05 03:00:00+00:00
25.1,8.5,2,0.0,2022-02-06 03:00:00+00:00
28.3,8.3,2,0.0,2022-02-07 03:00:00+00:00
31.0,11.2,2,0.0,2022-02-08 03:00:00+00:00
31.5,12.3,3,0.0,2022-02-09 03:00:00+00:00
32.5,11.8,2,0.0,2022-02-10 03:00:00+00:00
21.9,14.9,2,3.6,2022-02-11 03:00:00+00:00
22.1,11.1,2,0.1,2022-02-12 03:00:00+00:00
27.1,8.1,2,0.0,2022-02-13 03:00:00+00:00
31.6,10.3,2,0.0,2022-02-14 03:00:00+00:00
33.0,12.0,2,0.0,2022-02-15 03:00:00+00:00
34.1,15.1,2,0.5,2022-02-16 03:00:00+00:00
27.2,16.0,1,0.0,2022-02-17 03:00:00+00:00
30.9,14.4,2,0.0,2022-02-18 03:00:00+00:00
26.1,16.0,1,1.0,2022-02-19 03:00:00+00:00
29.6,10.8,1,0.0,2022-02-20 03:00:00+00:00
27.2,16.0,1,1.1,2022-02-21 03:00:00+00:00
22.9,14.5,1,0.0,2022-02-22 03:00:00+00:00
22.8,17.8,0,0.0,2022-02-23 03:00:00+00:00
24.9,13.9,2,0.2,2022-02-24 03:00:00+00:00
26.0,15.2,1,0.0,2022-02-25 03:00:00+00:00
33.8,20.0,3,0.0,2022-02-26 03:00:00+00:00
31.5,19.9,2,1.5,2022-02-27 03:00:00+00:00
26.9,14.3,2,0.1,2022-02-28 03:00:00+00:00
29.2,9.4,3,0.0,2022-03-01 03:00:00+00:00
30.3,12.0,1,0.0,2022-03-02 03:00:00+00:00
30.7,12.8,3,0.0,2022-03-03 03:00:00+00:00
27.9,19.1,1,0.0,2022-03-04 03:00:00+00:00
23.8,16.8,1,1.8,2022-03-05 03:00:00+00:00
24.3,15.4,1,0.0,2022-03-06 03:00:00+00:00
26.9,15.6,2,0.0,2022-03-07 03:00:00+00:00
26.3,10.7,2,0.0,2022-03-08 03:00:00+00:00
27.4,17.8,2,0.0,2022-03-09 03:00:00+00:00
19.2,14.3,1,0.0,2022-03-10 03:00:00+00:00
25.4,9.0,1,0.0,2022-03-11 03:00:00+00:00
26.7,9.6,2,0.0,2022-03-12 03:00:00+00:00
24.6,11.1,1,1.6,2022-03-13 03:00:00+00:00
30.3,9.3,1,0.0,2022-03-14 03:00:00+00:00
31.0,11.0,1,0.0,2022-03-15 03:00:00+00:00
31.3,12.5,3,0.0,2022-03-16 03:00:00+00:00
31.6,12.2,2,0.0,2022-03-17 03:00:00+00:00
21.0,11.7,2,2.2,2022-03-18 03:00:00+00:00
21.2,9.5,2,0.0,2022-03-19 03:00:00+00:00
19.1,13.0,2,0.0,2022-03-20 03:00:00+00:00
25.2,13.8,2,0.0,2022-03-21 03:00:00+00:00
27.5,15.5,1,0.0,2022-03-22 03:00:00+00:00
28.9,13.2,4,0.0,2022-03-23 03:00:00+00:00
23.1,6.9,3,0.7,2022-03-24 03:00:00+00:00
25.6,3.4,1,0.0,2022-03-25 03:00:00+00:00
26.6,3.7,2,0.0,2022-03-26 03:00:00+00:00
29.9,5.1,2,0.0,2022-03-27 03:00:00+00:00
30.3,9.3,4,0.0,2022-03-28 03:00:00+00:00
31.8,12.7,3,0.0,2022-03-29 03:00:00+00:00
18.4,4.3,3,0.0,2022-03-30 03:00:00+00:00
20.2,1.3,2,0.0,2022-03-31 03:00:00+00:00
21.6,1.7,3,0.0,2022-04-01 03:00:00+00:00
24.0,9.1,6,0.0,2022-04-02 03:00:00+00:00
25.8,8.7,3,0.0,2022-04-03 03:00:00+00:00
23.7,3.5,2,0.0,2022-04-04 03:00:00+00:00
26.6,6.4,2,0.0,2022-04-05 03:00:00+00:00
29.5,8.1,2,0.0,2022-04-06 03:00:00+00:00
27.8,10.0,2,0.0,2022-04-07 03:00:00+00:00
28.7,10.3,2,0.0,2022-04-08 03:00:00+00:00
27.4,10.2,2,0.0,2022-04-09 03:00:00+00:00
28.3,16.6,2,0.0,2022-04-10 03:00:00+00:00
20.2,15.3,2,0.2,2022-04-11 03:00:00+00:00
17.3,11.4,1,1.3,2022-04-12 03:00:00+00:00
23.4,7.2,1,0.0,2022-04-13 03:00:00+00:00
24.6,2.9,2,0.0,2022-04-14 03:00:00+00:00
22.0,2.7,1,0.0,2022-04-15 03:00:00+00:00
23.0,4.2,1,0.0,2022-04-16 03:00:00+00:00
23.6,6.2,1,0.0,2022-04-17 03:00:00+00:00
25.3,5.0,3,0.0,2022-04-18 03:00:00+00:00
25.3,5.5,2,0.0,2022-04-19 03:00:00+00:00
29.0,9.6,3,0.0,2022-04-20 03:00:00+00:00
24.3,9.4,3,0.0,2022-04-21 03:00:00+00:00
16.3,6.8,2,0.0,2022-04-22 03:00:00+00:00
24.1,4.5,6,0.0,2022-04-23 03:00:00+00:00
27.5,18.1,9,0.0,2022-04-24 03:00:00+00:00
24.8,10.1,3,0.0,2022-04-25 03:00:00+00:00
30.3,7.5,4,0.0,2022-04-26 03:00:00+00:00
24.1,8.0,2,0.0,2022-04-27 03:00:00+00:00
16.9,3.9,2,0.0,2022-04-28 03:00:00+00:00
13.9,2.0,1,0.0,2022-04-29 03:00:00+00:00
18.6,4.4,1,0.0,2022-04-30 03:00:00+00:00
21.2,0.4,1,0.0,2022-05-01 03:00:00+00:00
18.1,6.3,1,0.0,2022-05-02 03:00:00+00:00
20.5,0.7,1,0.0,2022-05-03 03:00:00+00:00
24.5,0.2,1,0.0,2022-05-04 03:00:00+00:00
24.1,1.4,2,0.0,2022-05-05 03:00:00+00:00
25.7,2.6,1,0.0,2022-05-06 03:00:00+00:00
23.6,3.9,2,0.0,2022-05-07 03:00:00+00:00
23.7,9.7,3,0.0,2022-05-08 03:00:00+00:00
24.7,12.2,1,0.0,2022-05-09 03:00:00+00:00
23.7,6.9,1,0.0,2022-05-10 03:00:00+00:00
19.1,9.8,1,0.0,2022-05-11 03:00:00+00:00
20.9,9.1,1,0.0,2022-05-12 03:00:00+00:00
21.2,11.1,1,0.0,2022-05-13 03:00:00+00:00
17.2,8.7,1,0.1,2022-05-14 03:00:00+00:00
12.0,5.4,0,1.1,2022-05-15 03:00:00+00:00
15.9,-0.3,2,0.0,2022-05-16 03:00:00+00:00
16.0,-2.9,1,0.0,2022-05-17 03:00:00+00:00
17.0,-4.9,1,0.0,2022-05-18 03:00:00+00:00
19.3,-2.7,2,0.0,2022-05-19 03:00:00+00:00
22.8,0.8,2,0.0,2022-05-20 03:00:00+00:00
22.1,2.2,1,0.0,2022-05-21 03:00:00+00:00
22.6,-1.0,4,0.0,2022-05-22 03:00:00+00:00
23.8,6.6,2,0.0,2022-05-23 03:00:00+00:00
19.9,7.6,1,0.0,2022-05-24 03:00:00+00:00
13.9,6.5,2,0.0,2022-05-25 03:00:00+00:00
14.5,7.2,1,0.0,2022-05-26 03:00:00+00:00
18.3,5.1,1,0.0,2022-05-27 03:00:00+00:00
15.8,9.5,1,0.0,2022-05-28 03:00:00+00:00
12.2,2.3,2,0.0,2022-05-29 03:00:00+00:00
10.9,-1.7,1,0.0,2022-05-30 03:00:00+00:00
13.1,4.2,1,0.0,2022-05-31 03:00:00+00:00
11.0,5.6,1,0.0,2022-06-01 03:00:00+00:00
13.7,3.0,1,0.0,2022-06-02 03:00:00+00:00
14.7,-3.4,2,0.0,2022-06-03 03:00:00+00:00
17.8,-0.6,2,0.0,2022-06-04 03:00:00+00:00
19.6,-0.7,1,0.0,2022-06-05 03:00:00+00:00
20.6,1.4,1,0.0,2022-06-06 03:00:00+00:00
22.9,-0.6,2,0.0,2022-06-07 03:00:00+00:00
22.4,0.7,1,0.0,2022-06-08 03:00:00+00:00
20.4,2.9,2,0.0,2022-06-09 03:00:00+00:00
14.0,0.0,1,0.0,2022-06-10 03:00:00+00:00
20.6,-1.5,3,0.0,2022-06-11 03:00:00+00:00
20.9,-1.7,3,0.0,2022-06-12 03:00:00+00:00
23.3,3.9,4,0.0,2022-06-13 03:00:00+00:00
21.0,3.7,3,0.0,2022-06-14 03:00:00+00:00
19.2,-0.4,1,0.0,2022-06-15 03:00:00+00:00
18.0,0.3,1,0.0,2022-06-16 03:00:00+00:00
18.9,-3.7,1,0.0,2022-06-17 03:00:00+00:00
18.0,-2.6,5,0.0,2022-06-18 03:00:00+00:00
21.2,4.3,4,0.0,2022-06-19 03:00:00+00:00
18.9,-2.6,3,0.0,2022-06-20 03:00:00+00:00
15.6,-0.4,2,0.0,2022-06-21 03:00:00+00:00
7.5,3.9,2,0.0,2022-06-22 03:00:00+00:00
10.9,2.7,1,0.0,2022-06-23 03:00:00+00:00
13.1,-4.6,2,0.0,2022-06-24 03:00:00+00:00
8.1,5.3,1,0.0,2022-06-25 03:00:00+00:00
10.2,5.9,1,0.0,2022-06-26 03:00:00+00:00
10.9,6.0,1,0.2,2022-06-27 03:00:00+00:00
18.2,3.2,2,0.3,2022-06-28 03:00:00+00:00
23.9,3.7,5,0.0,2022-06-29 03:00:00+00:00
17.2,1.4,2,0.0,2022-06-30 03:00:00+00:00
19.5,-1.8,7,0.0,2022-07-01 03:00:00+00:00
13.8,0.5,1,0.0,2022-07-02 03:00:00+00:00
17.7,-4.5,1,0.0,2022-07-03 03:00:00+00:00
18.9,-2.5,1,0.0,2022-07-04 03:00:00+00:00
19.8,-3.0,2,0.0,2022-07-05 03:00:00+00:00
27.3,-0.5,5,0.0,2022-07-06 03:00:00+00:00
14.3,-1.2,2,0.0,2022-07-07 03:00:00+00:00
18.2,-1.0,1,0.0,2022-07-08 03:00:00+00:00
29.3,-0.4,6,0.0,2022-07-09 03:00:00+00:00
18.8,5.4,3,0.0,2022-07-10 03:00:00+00:00
14.4,0.4,3,0.0,2022-07-11 03:00:00+00:00
15.2,-4.6,5,0.0,2022-07-12 03:00:00+00:00
17.8,4.1,8,0.0,2022-07-13 03:00:00+00:00
20.8,4.7,4,0.0,2022-07-14 03:00:00+00:00
13.0,3.7,2,0.0,2022-07-15 03:00:00+00:00
12.5,-1.6,1,0.0,2022-07-16 03:00:00+00:00
15.7,-5.6,7,0.0,2022-07-17 03:00:00+00:00
16.9,-0.6,3,0.0,2022-07-18 03:00:00+00:00
19.0,-4.2,2,0.0,2022-07-19 03:00:00+00:00
22.0,-1.2,4,0.0,2022-07-20 03:00:00+00:00
19.1,5.3,1,0.0,2022-07-21 03:00:00+00:00
21.5,2.0,1,0.0,2022-07-22 03:00:00+00:00
27.2,3.9,2,0.0,2022-07-23 03:00:00+00:00
25.0,9.9,1,0.0,2022-07-24 03:00:00+00:00
23.4,14.8,1,0.0,2022-07-25 03:00:00+00:00
19.8,12.0,2,0.0,2022-07-26 03:00:00+00:00
15.9,10.0,1,0.0,2022-07-27 03:00:00+00:00
19.3,2.4,2,0.0,2022-07-28 03:00:00+00:00
22.4,-2.3,1,0.0,2022-07-29 03:00:00+00:00
23.3,-1.2,3,0.0,2022-07-30 03:00:00+00:00
22.9,1.2,1,0.0,2022-07-31 03:00:00+00:00
23.7,2.2,2,0.0,2022-08-01 03:00:00+00:00
22.7,2.5,1,0.0,2022-08-02 03:00:00+00:00
18.1,10.1,1,0.3,2022-08-03 03:00:00+00:00
18.5,7.2,1,1.0,2022-08-04 03:00:00+00:00
19.1,1.5,2,0.0,2022-08-05 03:00:00+00:00
16.9,4.7,2,0.0,2022-08-06 03:00:00+00:00
14.3,1.3,1,0.0,2022-08-07 03:00:00+00:00
10.4,5.3,3,0.4,2022-08-08 03:00:00+00:00
13.8,1.8,2,0.0,2022-08-09 03:00:00+00:00
18.2,-0.7,4,0.0,2022-08-10 03:00:00+00:00
20.9,3.4,4,0.0,2022-08-11 03:00:00+00:00
23.8,2.9,5,0.0,2022-08-12 03:00:00+00:00
24.0,1.4,2,0.0,2022-08-13 03:00:00+00:00
30.8,4.8,4,0.0,2022-08-14 03:00:00+00:00
15.3,1.4,3,0.0,2022-08-15 03:00:00+00:00
23.6,-1.1,6,0.0,2022-08-16 03:00:00+00:00
20.2,3.9,4,0.0,2022-08-17 03:00:00+00:00
15.5,-2.1,2,0.0,2022-08-18 03:00:00+00:00
19.8,-4.9,2,0.0,2022-08-19 03:00:00+00:00
20.9,2.3,6,0.0,2022-08-20 03:00:00+00:00
21.5,-2.6,1,0.0,2022-08-21 03:00:00+00:00
20.1,-1.4,2,0.0,2022-08-22 03:00:00+00:00
24.6,-0.9,2,0.0,2022-08-23 03:00:00+00:00
27.4,0.5,2,0.0,2022-08-24 03:00:00+00:00
27.7,8.5,1,0.8,2022-08-25 03:00:00+00:00
27.2,10.5,1,0.0,2022-08-26 03:00:00+00:00
20.0,6.0,4,0.0,2022-08-27 03:00:00+00:00
15.8,-0.2,2,0.0,2022-08-28 03:00:00+00:00
16.7,-1.9,2,0.0,2022-08-29 03:00:00+00:00
21.7,-3.8,3,0.0,2022-08-30 03:00:00+00:00
25.7,-0.5,3,0.0,2022-08-31 03:00:00+00:00
22.8,7.1,3,0.0,2022-09-01 03:00:00+00:00
18.9,2.7,2,0.0,2022-09-02 03:00:00+00:00
21.9,-3.3,2,0.0,2022-09-03 03:00:00+00:00
23.8,-0.1,3,0.0,2022-09-04 03:00:00+00:00
25.0,-1.2,2,0.0,2022-09-05 03:00:00+00:00
26.1,-1.2,4,0.0,2022-09-06 03:00:00+00:00
29.3,3.8,7,0.0,2022-09-07 03:00:00+00:00
19.6,5.9,3,0.0,2022-09-08 03:00:00+00:00
17.9,-0.9,2,0.0,2022-09-09 03:00:00+00:00
21.5,-3.3,3,0.0,2022-09-10 03:00:00+00:00
22.6,0.8,3,0.0,2022-09-11 03:00:00+00:00
24.7,-0.5,2,0.0,2022-09-12 03:00:00+00:00
22.6,1.3,2,0.0,2022-09-13 03:00:00+00:00
25.2,0.2,2,0.0,2022-09-14 03:00:00+00:00
26.2,0.3,4,0.0,2022-09-15 03:00:00+00:00
25.6,5.1,4,0.0,2022-09-16 03:00:00+00:00
27.2,7.8,4,0.0,2022-09-17 03:00:00+00:00
21.2,11.2,3,0.3,2022-09-18 03:00:00+00:00
18.8,8.6,2,0.0,2022-09-19 03:00:00+00:00
15.7,7.0,2,0.0,2022-09-20 03:00:00+00:00
9.9,1.0,2,1.0,2022-09-21 03:00:00+00:00
21.5,-2.6,1,0.0,2022-09-22 03:00:00+00:00
24.8,-0.4,2,0.0,2022-09-23 03:00:00+00:00
24.4,2.4,3,0.0,2022-09-24 03:00:00+00:00
20.9,7.8,2,0.1,2022-09-25 03:00:00+00:00
24.3,1.9,2,0.0,2022-09-26 03:00:00+00:00
14.3,9.2,2,1.4,2022-09-27 03:00:00+00:00
14.1,9.3,1,0.5,2022-09-28 03:00:00+00:00
19.8,7.5,1,0.0,2022-09-29 03:00:00+00:00
24.5,3.0,2,0.0,2022-09-30 03:00:00+00:00
26.9,4.1,2,0.0,2022-10-01 03:00:00+00:00
26.6,7.2,2,0.0,2022-10-02 03:00:00+00:00
25.7,6.5,3,0.0,2022-10-03 03:00:00+00:00
27.2,8.0,4,0.0,2022-10-04 03:00:00+00:00
16.3,9.5,2,0.2,2022-10-05 03:00:00+00:00
25.0,5.3,2,0.0,2022-10-06 03:00:00+00:00
29.2,4.5,5,0.0,2022-10-07 03:00:00+00:00
23.9,6.7,5,0.0,2022-10-08 03:00:00+00:00
19.9,-1.2,2,0.0,2022-10-09 03:00:00+00:00
19.5,2.9,3,0.0,2022-10-10 03:00:00+00:00
24.6,0.9,2,0.0,2022-10-11 03:00:00+00:00
28.0,2.8,4,0.0,2022-10-12 03:00:00+00:00
19.1,7.4,4,0.0,2022-10-13 03:00:00+00:00
15.8,0.8,2,0.0,2022-10-14 03:00:00+00:00
21.2,8.6,2,0.0,2022-10-15 03:00:00+00:00
23.7,12.3,3,0.0,2022-10-16 03:00:00+00:00
17.7,12.7,2,0.0,2022-10-17 03:00:00+00:00
19.1,12.5,1,0.0,2022-10-18 03:00:00+00:00
17.8,14.2,1,0.3,2022-10-19 03:00:00+00:00
25.9,10.8,2,0.2,2022-10-20 03:00:00+00:00
29.6,5.5,2,0.0,2022-10-21 03:00:00+00:00
18.8,10.6,2,0.0,2022-10-22 03:00:00+00:00
26.7,5.1,2,0.0,2022-10-23 03:00:00+00:00
30.5,9.2,3,0.0,2022-10-24 03:00:00+00:00
31.8,14.0,4,2.9,2022-10-25 03:00:00+00:00
25.8,11.0,3,0.3,2022-10-26 03:00:00+00:00
29.8,9.7,4,0.0,2022-10-27 03:00:00+00:00
33.6,10.5,4,0.0,2022-10-28 03:00:00+00:00
33.5,15.3,2,0.0,2022-10-29 03:00:00+00:00
20.0,12.3,5,0.0,2022-10-30 03:00:00+00:00
17.8,4.7,4,0.0,2022-10-31 03:00:00+00:00
23.1,-0.8,2,0.0,2022-11-01 03:00:00+00:00
27.0,0.8,3,0.0,2022-11-02 03:00:00+00:00
25.4,3.8,3,0.0,2022-11-03 03:00:00+00:00
27.0,7.5,3,0.0,2022-11-04 03:00:00+00:00
28.2,11.2,3,0.0,2022-11-05 03:00:00+00:00
27.9,9.6,2,0.0,2022-11-06 03:00:00+00:00
28.9,10.3,3,0.0,2022-11-07 03:00:00+00:00
29.2,10.9,4,0.0,2022-11-08 03:00:00+00:00
29.1,11.5,3,0.0,2022-11-09 03:00:00+00:00
29.8,12.9,3,0.0,2022-11-10 03:00:00+00:00
29.5,15.8,4,0.5,2022-11-11 03:00:00+00:00
25.5,14.3,2,3.4,2022-11-12 03:00:00+00:00
24.3,12.1,3,0.8,2022-11-13 03:00:00+00:00
29.4,6.7,2,0.0,2022-11-14 03:00:00+00:00
34.7,9.5,2,0.0,2022-11-15 03:00:00+00:00
35.2,12.5,4,0.0,2022-11-16 03:00:00+00:00
34.8,14.7,3,0.0,2022-11-17 03:00:00+00:00
37.2,14.8,3,0.0,2022-11-18 03:00:00+00:00
32.7,16.9,3,0.0,2022-11-19 03:00:00+00:00
23.7,14.4,2,0.4,2022-11-20 03:00:00+00:00
23.1,11.1,3,0.8,2022-11-21 03:00:00+00:00
28.1,6.4,2,0.0,2022-11-22 03:00:00+00:00
35.2,8.7,2,0.0,2022-11-23 03:00:00+00:00
37.7,12.0,2,0.0,2022-11-24 03:00:00+00:00
36.2,14.9,3,0.0,2022-11-25 03:00:00+00:00
37.0,15.5,4,0.0,2022-11-26 03:00:00+00:00
36.2,17.5,3,0.0,2022-11-27 03:00:00+00:00
36.7,15.5,3,0.0,2022-11-28 03:00:00+00:00
33.1,19.1,3,0.2,2022-11-29 03:00:00+00:00
23.6,16.5,2,0.2,2022-11-30 03:00:00+00:00
27.3,15.3,2,0.0,2022-12-01 03:00:00+00:00
30.9,12.7,2,0.0,2022-12-02 03:00:00+00:00
34.2,10.7,2,0.0,2022-12-03 03:00:00+00:00
35.1,12.8,2,0.0,2022-12-04 03:00:00+00:00
36.5,14.6,4,0.0,2022-12-05 03:00:00+00:00
37.6,17.7,2,0.0,2022-12-06 03:00:00+00:00
37.7,20.2,2,0.0,2022-12-07 03:00:00+00:00
34.3,19.7,3,0.0,2022-12-08 03:00:00+00:00
39.8,18.8,3,0.6,2022-12-09 03:00:00+00:00
32.7,21.0,2,2.0,2022-12-10 03:00:00+00:00
38.8,17.3,3,0.0,2022-12-11 03:00:00+00:00
33.8,18.1,3,0.0,2022-12-12 03:00:00+00:00
33.7,12.0,2,0.0,2022-12-13 03:00:00+00:00
37.2,13.3,4,0.0,2022-12-14 03:00:00+00:00
32.1,17.9,3,0.5,2022-12-15 03:00:00+00:00
28.0,16.6,3,0.0,2022-12-16 03:00:00+00:00
25.9,15.3,3,0.0,2022-12-17 03:00:00+00:00
29.3,10.4,2,0.0,2022-12-18 03:00:00+00:00
31.4,11.9,3,0.0,2022-12-19 03:00:00+00:00
33.7,14.8,3,0.0,2022-12-20 03:00:00+00:00
33.6,17.2,3,0.0,2022-12-21 03:00:00+00:00
32.0,16.9,3,2.4,2022-12-22 03:00:00+00:00
22.4,15.1,2,4.7,2022-12-23 03:00:00+00:00
23.7,15.2,3,0.0,2022-12-24 03:00:00+00:00
22.0,11.9,1,0.0,2022-12-25 03:00:00+00:00
27.7,9.2,2,0.0,2022-12-26 03:00:00+00:00
28.9,11.2,2,0.0,2022-12-27 03:00:00+00:00
27.6,12.9,1,0.9,2022-12-28 03:00:00+00:00
31.3,10.1,2,0.0,2022-12-29 03:00:00+00:00
35.3,11.4,2,0.0,2022-12-30 03:00:00+00:00
28.6,16.1,1,2.5,2022-12-31 03:00:00+00:00
29.9,14.3,2,5.8,2023-01-01 03:00:00+00:00
30.6,10.2,2,0.0,2023-01-02 03:00:00+00:00
29.9,11.7,1,0.7,2023-01-03 03:00:00+00:00
31.4,13.5,2,0.0,2023-01-04 03:00:00+00:00
33.5,12.2,2,0.0,2023-01-05 03:00:00+00:00
34.4,12.8,2,0.0,2023-01-06 03:00:00+00:00
35.9,14.8,2,0.0,2023-01-07 03:00:00+00:00
34.8,17.0,2,0.0,2023-01-08 03:00:00+00:00
34.8,15.5,2,0.0,2023-01-09 03:00:00+00:00
36.4,15.4,2,0.0,2023-01-10 03:00:00+00:00
28.5,17.8,2,0.9,2023-01-11 03:00:00+00:00
19.5,13.9,2,1.5,2023-01-12 03:00:00+00:00
28.8,10.5,2,0.0,2023-01-13 03:00:00+00:00
32.5,10.9,2,0.0,2023-01-14 03:00:00+00:00
32.7,12.5,2,0.0,2023-01-15 03:00:00+00:00
33.7,17.7,2,0.0,2023-01-16 03:00:00+00:00
32.8,16.5,2,0.3,2023-01-17 03:00:00+00:00
32.2,17.9,2,0.6,2023-01-18 03:00:00+00:00
33.5,19.8,3,0.0,2023-01-19 03:00:00+00:00
38.7,21.6,4,0.0,2023-01-20 03:00:00+00:00
32.5,16.9,2,3.5,2023-01-21 03:00:00+00:00
32.3,17.5,2,1.1,2023-01-22 03:00:00+00:00
32.2,14.5,3,0.0,2023-01-23 03:00:00+00:00
30.1,18.1,2,0.0,2023-01-24 03:00:00+00:00
30.9,17.8,3,3.2,2023-01-25 03:00:00+00:00
31.8,16.7,2,0.0,2023-01-26 03:00:00+00:00
25.6,17.6,1,2.0,2023-01-27 03:00:00+00:00
28.5,15.6,1,0.0,2023-01-28 03:00:00+00:00
24.9,18.7,0,0.0,2023-01-29 03:00:00+00:00
30.6,18.1,2,0.3,2023-01-30 03:00:00+00:00
32.8,18.1,1,0.1,2023-01-31 03:00:00+00:00
30.7,17.8,2,0.3,2023-02-01 03:00:00+00:00
26.5,15.8,2,3.8,2023-02-02 03:00:00+00:00
26.3,15.9,2,0.0,2023-02-03 03:00:00+00:00
27.6,16.1,2,0.0,2023-02-04 03:00:00+00:00
31.9,12.1,3,0.0,2023-02-05 03:00:00+00:00
34.5,12.3,2,0.0,2023-02-06 03:00:00+00:00
35.8,15.0,2,0.0,2023-02-07 03:00:00+00:00
30.3,16.6,2,0.1,2023-02-08 03:00:00+00:00
32.3,18.3,3,0.1,2023-02-09 03:00:00+00:00
33.5,14.5,2,0.0,2023-02-10 03:00:00+00:00
34.5,14.5,2,0.0,2023-02-11 03:00:00+00:00
37.0,19.0,4,0.0,2023-02-12 03:00:00+00:00
29.4,19.8,3,0.0,2023-02-13 03:00:00+00:00
31.1,16.6,2,0.0,2023-02-14 03:00:00+00:00
34.4,16.2,3,0.0,2023-02-15 03:00:00+00:00
26.8,13.4,4,1.1,2023-02-16 03:00:00+00:00
14.9,3.6,3,0.0,2023-02-17 03:00:00+00:00
22.6,-0.3,3,0.0,2023-02-18 03:00:00+00:00
27.0,5.9,5,0.0,2023-02-19 03:00:00+00:00
29.6,9.4,3,0.0,2023-02-20 03:00:00+00:00
31.4,10.6,3,0.0,2023-02-21 03:00:00+00:00
25.1,16.6,3,0.3,2023-02-22 03:00:00+00:00
30.4,12.8,2,0.0,2023-02-23 03:00:00+00:00
30.0,13.2,2,2.3,2023-02-24 03:00:00+00:00
30.6,13.4,2,0.1,2023-02-25 03:00:00+00:00
28.8,13.3,2,0.0,2023-02-26 03:00:00+00:00
33.8,11.3,3,0.0,2023-02-27 03:00:00+00:00
33.4,14.3,2,0.0,2023-02-28 03:00:00+00:00
29.5,17.6,2,0.6,2023-03-01 03:00:00+00:00
35.0,13.1,2,0.0,2023-03-02 03:00:00+00:00
33.4,13.6,2,0.0,2023-03-03 03:00:00+00:00
34.7,15.3,2,0.0,2023-03-04 03:00:00+00:00
34.4,15.8,3,0.0,2023-03-05 03:00:00+00:00
31.7,17.7,3,3.3,2023-03-06 03:00:00+00:00
30.3,13.3,2,0.0,2023-03-07 03:00:00+00:00
32.8,13.5,3,0.0,2023-03-08 03:00:00+00:00
34.2,16.1,2,0.0,2023-03-09 03:00:00+00:00
35.7,15.0,3,0.0,2023-03-10 03:00:00+00:00
35.1,17.4,2,0.0,2023-03-11 03:00:00+00:00
34.7,18.5,2,0.0,2023-03-12 03:00:00+00:00
34.7,18.8,2,0.0,2023-03-13 03:00:00+00:00
29.6,18.6,2,5.4,2023-03-14 03:00:00+00:00
32.5,17.6,2,0.0,2023-03-15 03:00:00+00:00
32.4,17.9,1,0.0,2023-03-16 03:00:00+00:00
32.8,16.0,2,0.0,2023-03-17 03:00:00+00:00
32.8,15.8,2,0.0,2023-03-18 03:00:00+00:00
32.0,18.4,2,0.0,2023-03-19 03:00:00+00:00
23.8,19.0,1,0.0,2023-03-20 03:00:00+00:00
22.4,17.9,1,0.0,2023-03-21 03:00:00+00:00
20.9,17.5,1,0.8,2023-03-22 03:00:00+00:00
22.6,18.5,1,6.4,2023-03-23 03:00:00+00:00
22.8,18.6,0,1.0,2023-03-24 03:00:00+00:00
27.6,16.7,2,0.0,2023-03-25 03:00:00+00:00
24.5,14.1,2,0.0,2023-03-26 03:00:00+00:00
27.2,14.4,4,0.0,2023-03-27 03:00:00+00:00
29.3,18.9,6,0.0,2023-03-28 03:00:00+00:00
25.8,15.6,4,0.0,2023-03-29 03:00:00+00:00
28.4,9.4,1,0.0,2023-03-30 03:00:00+00:00
19.7,14.5,2,0.0,2023-03-31 03:00:00+00:00
25.3,9.8,2,0.0,2023-04-01 03:00:00+00:00
18.4,15.1,1,0.2,2023-04-02 03:00:00+00:00
25.3,16.8,1,0.1,2023-04-03 03:00:00+00:00
22.4,15.9,1,0.0,2023-04-04 03:00:00+00:00
23.9,16.6,2,0.0,2023-04-05 03:00:00+00:00
25.8,13.4,2,0.0,2023-04-06 03:00:00+00:00
27.2,16.0,2,0.2,2023-04-07 03:00:00+00:00
27.9,14.3,3,0.0,2023-04-08 03:00:00+00:00
28.1,11.7,4,0.0,2023-04-09 03:00:00+00:00
27.9,11.4,2,0.0,2023-04-10 03:00:00+00:00
28.4,12.9,3,0.0,2023-04-11 03:00:00+00:00
21.5,12.3,2,0.0,2023-04-12 03:00:00+00:00
13.0,10.6,1,2.0,2023-04-13 03:00:00+00:00
17.7,10.5,1,0.0,2023-04-14 03:00:00+00:00
18.1,11.3,1,0.1,2023-04-15 03:00:00+00:00
20.5,10.6,1,0.1,2023-04-16 03:00:00+00:00
21.6,8.9,2,0.1,2023-04-17 03:00:00+00:00
23.1,5.2,2,0.0,2023-04-18 03:00:00+00:00
25.3,6.0,2,0.0,2023-04-19 03:00:00+00:00
25.0,5.9,2,0.0,2023-04-20 03:00:00+00:00
22.9,10.5,3,0.0,2023-04-21 03:00:00+00:00
23.3,12.0,1,0.0,2023-04-22 03:00:00+00:00
19.3,13.8,1,0.1,2023-04-23 03:00:00+00:00
19.7,11.0,1,0.0,2023-04-24 03:00:00+00:00
24.9,8.7,1,0.0,2023-04-25 03:00:00+00:00
26.6,6.2,1,0.0,2023-04-26 03:00:00+00:00
27.5,6.6,3,0.0,2023-04-27 03:00:00+00:00
28.0,10.9,5,0.0,2023-04-28 03:00:00+00:00
30.5,20.5,9,0.0,2023-04-29 03:00:00+00:00
25.3,13.3,5,0.0,2023-04-30 03:00:00+00:00
18.1,9.7,1,0.0,2023-05-01 03:00:00+00:00
18.8,9.3,1,0.0,2023-05-02 03:00:00+00:00
17.2,7.9,1,0.0,2023-05-03 03:00:00+00:00
17.4,5.7,1,0.0,2023-05-04 03:00:00+00:00
14.9,11.2,1,5.1,2023-05-05 03:00:00+00:00
19.9,7.5,1,0.0,2023-05-06 03:00:00+00:00
24.2,4.3,1,0.0,2023-05-07 03:00:00+00:00
23.2,3.9,1,0.0,2023-05-08 03:00:00+00:00
23.8,4.8,3,0.0,2023-05-09 03:00:00+00:00
22.8,6.0,1,0.0,2023-05-10 03:00:00+00:00
23.3,8.8,1,0.0,2023-05-11 03:00:00+00:00
25.0,6.0,2,0.0,2023-05-12 03:00:00+00:00
24.4,5.7,2,0.0,2023-05-13 03:00:00+00:00
28.8,5.6,1,0.0,2023-05-14 03:00:00+00:00
27.3,7.1,3,0.0,2023-05-15 03:00:00+00:00
27.3,10.4,8,0.0,2023-05-16 03:00:00+00:00
26.5,12.6,5,0.5,2023-05-17 03:00:00+00:00
20.8,7.7,1,0.0,2023-05-18 03:00:00+00:00
25.8,12.9,2,0.0,2023-05-19 03:00:00+00:00
15.2,11.9,1,0.0,2023-05-20 03:00:00+00:00
21.6,10.7,2,0.0,2023-05-21 03:00:00+00:00
23.0,9.9,2,0.0,2023-05-22 03:00:00+00:00
22.7,12.8,5,0.0,2023-05-23 03:00:00+00:00
25.4,12.6,1,0.0,2023-05-24 03:00:00+00:00
22.9,15.9,1,0.2,2023-05-25 03:00:00+00:00
19.6,15.2,1,0.0,2023-05-26 03:00:00+00:00
15.7,8.0,2,0.2,2023-05-27 03:00:00+00:00
16.3,4.3,1,0.0,2023-05-28 03:00:00+00:00
15.5,6.4,3,0.0,2023-05-29 03:00:00+00:00
19.8,3.4,1,0.0,2023-05-30 03:00:00+00:00
22.0,6.4,3,0.0,2023-05-31 03:00:00+00:00
21.7,4.2,4,0.0,2023-06-01 03:00:00+00:00
23.5,12.8,7,0.0,2023-06-02 03:00:00+00:00
23.8,8.9,1,0.0,2023-06-03 03:00:00+00:00
15.9,10.8,1,0.1,2023-06-04 03:00:00+00:00
21.8,9.8,1,0.0,2023-06-05 03:00:00+00:00
22.5,8.7,7,0.0,2023-06-06 03:00:00+00:00
20.9,9.9,1,0.0,2023-06-07 03:00:00+00:00
25.1,14.4,8,0.0,2023-06-08 03:00:00+00:00
23.2,12.1,4,0.0,2023-06-09 03:00:00+00:00
13.2,6.2,1,0.0,2023-06-10 03:00:00+00:00
13.4,-0.2,1,0.0,2023-06-11 03:00:00+00:00
13.4,-4.1,1,0.0,2023-06-12 03:00:00+00:00
14.7,-6.4,1,0.0,2023-06-13 03:00:00+00:00
17.3,-6.2,1,0.0,2023-06-14 03:00:00+00:00
18.5,-5.0,1,0.0,2023-06-15 03:00:00+00:00
17.7,-3.9,1,0.0,2023-06-16 03:00:00+00:00
13.5,-3.5,1,0.0,2023-06-17 03:00:00+00:00
16.5,-1.5,3,0.0,2023-06-18 03:00:00+00:00
12.5,9.1,0,0.0,2023-06-19 03:00:00+00:00
10.1,8.5,1,0.0,2023-06-20 03:00:00+00:00
12.1,4.1,1,0.0,2023-06-21 03:00:00+00:00
60.0,0.6,4,0.0,2023-06-22 03:00:00+00:00
23.7,5.6,2,0.0,2023-06-23 03:00:00+00:00
28.5,4.2,1,0.0,2023-06-24 03:00:00+00:00
23.4,3.1,1,0.0,2023-06-25 03:00:00+00:00
22.6,7.6,2,0.0,2023-06-26 03:00:00+00:00
21.2,6.1,2,0.0,2023-06-27 03:00:00+00:00
17.4,1.9,1,0.0,2023-06-28 03:00:00+00:00
16.3,-1.5,2,0.0,2023-06-29 03:00:00+00:00
19.3,0.3,3,0.0,2023-06-30 03:00:00+00:00
21.4,0.8,3,0.0,2023-07-01 03:00:00+00:00
24.4,12.5,6,0.0,2023-07-02 03:00:00+00:00
25.2,7.9,2,0.0,2023-07-03 03:00:00+00:00
27.7,11.7,3,0.0,2023-07-04 03:00:00+00:00
17.4,8.5,1,0.0,2023-07-05 03:00:00+00:00
14.4,11.8,1,0.0,2023-07-06 03:00:00+00:00
14.3,10.2,1,0.0,2023-07-07 03:00:00+00:00
20.9,9.1,2,0.0,2023-07-08 03:00:00+00:00
15.4,9.2,1,0.0,2023-07-09 03:00:00+00:00
13.6,10.6,0,0.5,2023-07-10 03:00:00+00:00
11.4,8.4,1,0.2,2023-07-11 03:00:00+00:00
9.4,4.9,2,0.1,2023-07-12 03:00:00+00:00
60.0,0.3,2,0.0,2023-07-13 03:00:00+00:00
60.0,-2.3,5,0.0,2023-07-14 03:00:00+00:00
15.0,-1.5,2,0.0,2023-07-15 03:00:00+00:00
60.0,3.0,1,0.0,2023-07-16 03:00:00+00:00
60.0,5.0,1,0.0,2023-07-17 03:00:00+00:00
60.0,60.0,4,0.0,2023-07-18 03:00:00+00:00
60.0,60.0,3,0.0,2023-07-19 03:00:00+00:00
60.0,60.0,6,0.0,2023-07-20 03:00:00+00:00
60.0,60.0,8,0.0,2023-07-21 03:00:00+00:00
60.0,60.0,3,0.0,2023-07-22 03:00:00+00:00
60.0,60.0,1,0.0,2023-07-23 03:00:00+00:00
60.0,60.0,2,0.0,2023-07-24 03:00:00+00:00
60.0,60.0,2,0.0,2023-07-25 03:00:00+00:00
60.0,6.4,1,0.0,2023-07-26 03:00:00+00:00
18.7,1.3,3,0.0,2023-07-27 03:00:00+00:00
21.0,-0.8,1,0.0,2023-07-28 03:00:00+00:00
24.8,2.8,6,0.0,2023-07-29 03:00:00+00:00
26.3,7.8,4,0.0,2023-07-30 03:00:00+00:00
27.3,4.0,3,0.0,2023-07-31 03:00:00+00:00
32.7,11.8,6,0.0,2023-08-01 03:00:00+00:00
30.0,8.7,3,0.0,2023-08-02 03:00:00+00:00
21.1,9.1,2,0.0,2023-08-03 03:00:00+00:00
22.5,2.8,2,0.0,2023-08-04 03:00:00+00:00
24.2,9.8,2,0.0,2023-08-05 03:00:00+00:00
23.8,6.4,3,0.0,2023-08-06 03:00:00+00:00
17.3,4.2,2,0.0,2023-08-07 03:00:00+00:00
17.0,0.5,1,0.0,2023-08-08 03:00:00+00:00
19.9,-0.3,1,0.0,2023-08-09 03:00:00+00:00
22.8,5.7,7,0.0,2023-08-10 03:00:00+00:00
16.2,2.5,3,0.0,2023-08-11 03:00:00+00:00
14.5,2.0,2,0.0,2023-08-12 03:00:00+00:00
22.3,-0.1,6,0.0,2023-08-13 03:00:00+00:00
30.2,3.3,3,0.0,2023-08-14 03:00:00+00:00
29.3,8.3,8,0.0,2023-08-15 03:00:00+00:00
27.5,9.7,2,0.0,2023-08-16 03:00:00+00:00
21.0,6.9,2,0.0,2023-08-17 03:00:00+00:00
17.9,3.8,2,0.0,2023-08-18 03:00:00+00:00
19.0,-0.3,4,0.0,2023-08-19 03:00:00+00:00
18.9,3.5,2,0.0,2023-08-20 03:00:00+00:00
32.3,6.0,9,0.0,2023-08-21 03:00:00+00:00
20.2,8.2,3,0.0,2023-08-22 03:00:00+00:00
16.0,6.4,2,0.0,2023-08-23 03:00:00+00:00
18.2,8.4,2,0.0,2023-08-24 03:00:00+00:00
17.0,2.9,2,0.0,2023-08-25 03:00:00+00:00
13.0,5.2,2,0.0,2023-08-26 03:00:00+00:00
18.4,5.2,3,0.0,2023-08-27 03:00:00+00:00
21.3,0.0,5,0.0,2023-08-28 03:00:00+00:00
23.5,0.9,2,0.0,2023-08-29 03:00:00+00:00
30.2,3.8,6,0.0,2023-08-30 03:00:00+00:00
19.4,4.0,2,0.0,2023-08-31 03:00:00+00:00
27.0,7.8,2,0.0,2023-09-01 03:00:00+00:00
16.8,8.9,2,0.0,2023-09-02 03:00:00+00:00
12.7,7.7,2,1.3,2023-09-03 03:00:00+00:00
15.1,4.9,2,0.0,2023-09-04 03:00:00+00:00
16.3,4.1,3,0.0,2023-09-05 03:00:00+00:00
14.6,9.7,2,0.1,2023-09-06 03:00:00+00:00
19.3,7.6,2,0.1,2023-09-07 03:00:00+00:00
17.3,3.1,1,0.0,2023-09-08 03:00:00+00:00
23.7,1.6,3,0.0,2023-09-09 03:00:00+00:00
32.4,9.7,5,0.0,2023-09-10 03:00:00+00:00
29.9,13.7,6,0.0,2023-09-11 03:00:00+00:00
18.1,4.1,2,0.0,2023-09-12 03:00:00+00:00
20.2,3.0,3,0.0,2023-09-13 03:00:00+00:00
24.5,1.1,6,0.0,2023-09-14 03:00:00+00:00
30.9,14.3,9,0.0,2023-09-15 03:00:00+00:00
30.3,13.9,5,0.0,2023-09-16 03:00:00+00:00
23.7,10.6,4,0.0,2023-09-17 03:00:00+00:00
19.3,4.8,3,0.0,2023-09-18 03:00:00+00:00
21.4,2.1,2,0.0,2023-09-19 03:00:00+00:00
23.3,4.3,2,0.0,2023-09-20 03:00:00+00:00
29.2,7.0,3,0.0,2023-09-21 03:00:00+00:00
23.4,15.8,2,0.0,2023-09-22 03:00:00+00:00
22.5,15.1,2,0.0,2023-09-23 03:00:00+00:00
20.6,13.8,2,0.0,2023-09-24 03:00:00+00:00
22.9,12.9,2,0.0,2023-09-25 03:00:00+00:00
18.7,6.4,3,0.0,2023-09-26 03:00:00+00:00
24.3,-1.0,2,0.0,2023-09-27 03:00:00+00:00
24.7,2.5,3,0.0,2023-09-28 03:00:00+00:00
18.8,8.0,2,0.0,2023-09-29 03:00:00+00:00
22.9,6.8,2,0.0,2023-09-30 03:00:00+00:00
26.6,3.7,3,0.0,2023-10-01 03:00:00+00:00
29.3,6.1,3,0.0,2023-10-02 03:00:00+00:00
22.3,7.3,3,0.0,2023-10-03 03:00:00+00:00
21.5,2.5,2,0.0,2023-10-04 03:00:00+00:00
26.2,1.2,5,0.0,2023-10-05 03:00:00+00:00
26.3,4.8,2,0.0,2023-10-06 03:00:00+00:00
25.8,5.4,2,0.0,2023-10-07 03:00:00+00:00
28.8,5.4,3,0.0,2023-10-08 03:00:00+00:00
30.9,7.8,5,0.0,2023-10-09 03:00:00+00:00
34.4,9.8,5,0.0,2023-10-10 03:00:00+00:00
19.4,9.2,4,0.0,2023-10-11 03:00:00+00:00
19.3,2.4,2,0.0,2023-10-12 03:00:00+00:00
22.8,3.3,3,0.0,2023-10-13 03:00:00+00:00
25.3,4.1,3,0.0,2023-10-14 03:00:00+00:00
30.2,6.2,3,0.0,2023-10-15 03:00:00+00:00
28.4,13.7,3,0.0,2023-10-16 03:00:00+00:00
23.6,13.9,3,0.0,2023-10-17 03:00:00+00:00
17.4,12.4,1,0.0,2023-10-18 03:00:00+00:00
27.2,8.1,2,0.0,2023-10-19 03:00:00+00:00
29.5,8.1,3,0.0,2023-10-20 03:00:00+00:00
32.9,18.6,3,0.0,2023-10-21 03:00:00+00:00
25.9,17.5,3,0.4,2023-10-22 03:00:00+00:00
24.0,13.6,2,0.9,2023-10-23 03:00:00+00:00
19.9,13.3,2,0.0,2023-10-24 03:00:00+00:00
20.6,13.8,2,0.0,2023-10-25 03:00:00+00:00
26.4,14.1,4,0.0,2023-10-26 03:00:00+00:00
30.8,12.8,6,0.6,2023-10-27 03:00:00+00:00
32.5,11.6,4,0.0,2023-10-28 03:00:00+00:00
36.3,18.8,4,0.0,2023-10-29 03:00:00+00:00
22.3,9.7,4,0.0,2023-10-30 03:00:00+00:00
22.2,9.1,3,0.0,2023-10-31 03:00:00+00:00
10.3,8.3,2,0.4,2023-11-01 03:00:00+00:00
16.9,6.9,3,0.0,2023-11-02 03:00:00+00:00
23.6,2.5,2,0.0,2023-11-03 03:00:00+00:00
26.9,5.6,3,0.0,2023-11-04 03:00:00+00:00
30.4,8.5,3,0.0,2023-11-05 03:00:00+00:00
32.3,10.4,4,0.0,2023-11-06 03:00:00+00:00
41.1,13.7,6,0.0,2023-11-07 03:00:00+00:00
28.4,15.9,2,0.0,2023-11-08 03:00:00+00:00
27.4,12.2,2,0.0,2023-11-09 03:00:00+00:00
30.2,18.3,2,0.0,2023-11-10 03:00:00+00:00
33.0,15.2,3,0.0,2023-11-11 03:00:00+00:00
22.3,13.9,3,0.0,2023-11-12 03:00:00+00:00
26.3,8.2,3,0.0,2023-11-13 03:00:00+00:00
25.8,11.0,2,0.0,2023-11-14 03:00:00+00:00
29.9,13.5,3,0.0,2023-11-15 03:00:00+00:00
25.8,13.6,3,2.0,2023-11-16 03:00:00+00:00
34.2,12.4,5,0.0,2023-11-17 03:00:00+00:00
24.0,15.3,4,0.0,2023-11-18 03:00:00+00:00
29.4,11.8,3,0.0,2023-11-19 03:00:00+00:00
35.3,13.6,5,0.0,2023-11-20 03:00:00+00:00
30.5,17.3,2,2.7,2023-11-21 03:00:00+00:00
29.0,15.0,3,0.0,2023-11-22 03:00:00+00:00
28.6,15.3,2,0.0,2023-11-23 03:00:00+00:00
29.1,15.0,2,0.0,2023-11-24 03:00:00+00:00
30.3,15.3,3,0.0,2023-11-25 03:00:00+00:00
33.9,13.3,3,0.0,2023-11-26 03:00:00+00:00
32.6,16.8,3,0.0,2023-11-27 03:00:00+00:00
34.1,19.0,4,0.0,2023-11-28 03:00:00+00:00
25.5,16.2,3,5.3,2023-11-29 03:00:00+00:00
26.2,16.9,1,0.2,2023-11-30 03:00:00+00:00
33.7,19.8,3,0.0,2023-12-01 03:00:00+00:00
31.7,17.5,3,0.1,2023-12-02 03:00:00+00:00
20.0,10.7,3,0.7,2023-12-03 03:00:00+00:00
16.9,11.4,2,0.1,2023-12-04 03:00:00+00:00
19.1,11.8,1,0.3,2023-12-05 03:00:00+00:00
27.1,16.4,2,0.1,2023-12-06 03:00:00+00:00
30.7,11.9,2,0.0,2023-12-07 03:00:00+00:00
29.0,14.4,3,0.0,2023-12-08 03:00:00+00:00
26.6,15.0,2,0.0,2023-12-09 03:00:00+00:00
30.6,11.4,2,0.0,2023-12-10 03:00:00+00:00
31.3,12.5,3,0.0,2023-12-11 03:00:00+00:00
32.3,15.8,2,0.0,2023-12-12 03:00:00+00:00
28.2,21.1,1,0.2,2023-12-13 03:00:00+00:00
29.9,20.7,3,0.1,2023-12-14 03:00:00+00:00
32.1,21.7,2,0.6,2023-12-15 03:00:00+00:00
35.9,21.9,5,1.3,2023-12-16 03:00:00+00:00
32.6,19.1,4,0.1,2023-12-17 03:00:00+00:00
20.7,14.6,4,0.4,2023-12-18 03:00:00+00:00
17.7,12.2,2,0.1,2023-12-19 03:00:00+00:00
22.8,14.3,1,0.1,2023-12-20 03:00:00+00:00
27.8,16.9,2,0.1,2023-12-21 03:00:00+00:00
29.5,17.3,2,0.0,2023-12-22 03:00:00+00:00
34.2,18.4,3,0.7,2023-12-23 03:00:00+00:00
31.9,19.1,2,0.1,2023-12-24 03:00:00+00:00
30.0,19.2,3,0.3,2023-12-25 03:00:00+00:00
32.0,14.3,3,0.0,2023-12-26 03:00:00+00:00
33.7,17.0,5,0.0,2023-12-27 03:00:00+00:00
36.5,19.9,3,0.1,2023-12-28 03:00:00+00:00
33.5,16.5,2,0.0,2023-12-29 03:00:00+00:00
27.0,16.9,2,0.0,2023-12-30 03:00:00+00:00
30.5,17.8,3,1.1,2023-12-31 03:00:00+00:00
29.8,17.3,2,2.8,2024-01-01 03:00:00+00:00
30.4,16.6,1,0.0,2024-01-02 03:00:00+00:00
31.9,19.4,2,0.5,2024-01-03 03:00:00+00:00
31.9,16.9,3,2.1,2024-01-04 03:00:00+00:00
32.0,19.2,2,0.0,2024-01-05 03:00:00+00:00
23.9,19.3,1,0.4,2024-01-06 03:00:00+00:00
27.5,17.0,2,4.6,2024-01-07 03:00:00+00:00
29.5,19.0,2,0.0,2024-01-08 03:00:00+00:00
25.8,19.0,1,2.0,2024-01-09 03:00:00+00:00
27.8,18.7,1,0.4,2024-01-10 03:00:00+00:00
25.1,16.3,1,0.4,2024-01-11 03:00:00+00:00
28.2,16.8,1,0.0,2024-01-12 03:00:00+00:00
30.9,21.4,3,0.0,2024-01-13 03:00:00+00:00
28.5,18.4,2,0.2,2024-01-14 03:00:00+00:00
31.4,16.2,2,0.0,2024-01-15 03:00:00+00:00
26.3,18.2,2,0.0,2024-01-16 03:00:00+00:00
28.8,13.2,2,0.0,2024-01-17 03:00:00+00:00
31.9,14.6,2,0.0,2024-01-18 03:00:00+00:00
31.4,19.8,2,0.0,2024-01-19 03:00:00+00:00
29.2,15.6,2,0.0,2024-01-20 03:00:00+00:00
28.3,17.4,2,0.0,2024-01-21 03:00:00+00:00
29.4,12.6,2,0.0,2024-01-22 03:00:00+00:00
29.1,12.8,2,0.0,2024-01-23 03:00:00+00:00
31.7,12.9,2,0.0,2024-01-24 03:00:00+00:00
31.6,13.4,3,0.0,2024-01-25 03:00:00+00:00
30.8,14.3,3,0.0,2024-01-26 03:00:00+00:00
32.0,14.3,2,0.0,2024-01-27 03:00:00+00:00
32.0,15.2,3,0.0,2024-01-28 03:00:00+00:00
35.5,16.2,2,0.0,2024-01-29 03:00:00+00:00
36.4,17.6,3,0.0,2024-01-30 03:00:00+00:00
36.7,21.5,3,0.0,2024-01-31 03:00:00+00:00
35.7,19.5,3,0.0,2024-02-01 03:00:00+00:00
35.3,17.5,3,0.0,2024-02-02 03:00:00+00:00
39.8,18.8,2,0.0,2024-02-03 03:00:00+00:00
26.5,18.7,2,0.0,2024-02-04 03:00:00+00:00
35.7,16.9,3,0.3,2024-02-05 03:00:00+00:00
34.8,22.7,2,0.4,2024-02-06 03:00:00+00:00
36.5,19.7,2,0.0,2024-02-07 03:00:00+00:00
34.1,19.5,2,4.1,2024-02-08 03:00:00+00:00
25.2,18.7,1,2.6,2024-02-09 03:00:00+00:00
32.0,20.2,2,0.0,2024-02-10 03:00:00+00:00
30.4,20.8,2,5.3,2024-02-11 03:00:00+00:00
24.7,17.8,2,6.2,2024-02-12 03:00:00+00:00
21.9,13.4,2,0.0,2024-02-13 03:00:00+00:00
26.9,10.5,2,0.0,2024-02-14 03:00:00+00:00
29.6,13.5,2,0.0,2024-02-15 03:00:00+00:00
30.5,16.2,2,0.0,2024-02-16 03:00:00+00:00
30.8,16.5,2,0.0,2024-02-17 03:00:00+00:00
27.6,19.9,2,0.0,2024-02-18 03:00:00+00:00
29.6,15.2,1,0.0,2024-02-19 03:00:00+00:00
29.8,16.3,2,0.0,2024-02-20 03:00:00+00:00
33.0,17.1,2,0.0,2024-02-21 03:00:00+00:00
32.3,18.7,3,1.4,2024-02-22 03:00:00+00:00
25.3,17.0,2,3.1,2024-02-23 03:00:00+00:00
27.0,13.9,1,0.0,2024-02-24 03:00:00+00:00
21.0,16.3,1,1.8,2024-02-25 03:00:00+00:00
26.2,18.9,1,0.2,2024-02-26 03:00:00+00:00
29.0,20.0,2,0.0,2024-02-27 03:00:00+00:00
29.2,18.7,2,0.1,2024-02-28 03:00:00+00:00
28.9,21.1,2,0.0,2024-02-29 03:00:00+00:00
31.7,19.3,2,1.9,2024-03-01 03:00:00+00:00
31.1,20.4,2,1.1,2024-03-02 03:00:00+00:00
24.2,15.8,1,0.2,2024-03-03 03:00:00+00:00
24.6,16.7,1,0.0,2024-03-04 03:00:00+00:00
27.0,14.9,2,0.0,2024-03-05 03:00:00+00:00
27.7,12.2,3,0.0,2024-03-06 03:00:00+00:00
27.0,19.7,1,0.0,2024-03-07 03:00:00+00:00
32.3,18.1,4,0.0,2024-03-08 03:00:00+00:00
28.2,19.4,1,0.0,2024-03-09 03:00:00+00:00
28.7,20.9,1,0.0,2024-03-10 03:00:00+00:00
34.6,22.4,3,0.0,2024-03-11 03:00:00+00:00
34.9,23.2,3,0.0,2024-03-12 03:00:00+00:00
29.6,14.1,2,4.4,2024-04-04 03:00:00+00:00
27.9,8.7,1,0.0,2024-04-05 03:00:00+00:00
19.9,12.9,1,2.3,2024-04-06 03:00:00+00:00
25.8,10.3,1,0.0,2024-04-07 03:00:00+00:00
27.1,12.4,2,0.0,2024-04-08 03:00:00+00:00
26.4,12.1,2,0.0,2024-04-09 03:00:00+00:00
17.9,8.8,2,0.1,2024-04-10 03:00:00+00:00
11.6,8.2,1,0.2,2024-04-11 03:00:00+00:00
13.7,10.7,1,2.4,2024-04-12 03:00:00+00:00
14.8,11.7,0,1.0,2024-04-13 03:00:00+00:00
19.9,10.4,1,0.2,2024-04-14 03:00:00+00:00
21.2,11.7,2,1.1,2024-04-15 03:00:00+00:00
23.9,10.3,2,0.0,2024-04-16 03:00:00+00:00
25.8,6.0,3,0.0,2024-04-17 03:00:00+00:00
27.3,7.1,3,0.0,2024-04-18 03:00:00+00:00
28.2,13.6,7,0.0,2024-04-19 03:00:00+00:00
28.5,9.1,2,0.0,2024-04-20 03:00:00+00:00
26.8,16.8,1,0.0,2024-04-21 03:00:00+00:00
26.7,13.0,1,0.0,2024-04-22 03:00:00+00:00
21.4,13.2,2,0.0,2024-04-23 03:00:00+00:00
14.2,9.4,1,0.1,2024-04-24 03:00:00+00:00
19.2,10.1,1,0.0,2024-04-25 03:00:00+00:00
21.2,13.5,1,0.0,2024-04-26 03:00:00+00:00
19.6,13.4,1,0.0,2024-04-27 03:00:00+00:00
22.3,6.9,2,0.0,2024-04-28 03:00:00+00:00
27.1,9.1,3,0.0,2024-04-29 03:00:00+00:00
27.0,11.0,2,0.0,2024-04-30 03:00:00+00:00
20.3,9.3,2,0.4,2024-05-01 03:00:00+00:00
15.2,8.7,1,0.0,2024-05-02 03:00:00+00:00
16.5,6.4,1,0.0,2024-05-03 03:00:00+00:00
24.3,2.1,3,0.0,2024-05-04 03:00:00+00:00
21.9,6.6,2,0.0,2024-05-05 03:00:00+00:00
21.9,12.0,1,0.0,2024-05-06 03:00:00+00:00
17.7,10.0,1,0.0,2024-05-07 03:00:00+00:00
17.3,2.5,3,0.2,2024-05-08 03:00:00+00:00
18.4,-0.2,2,0.0,2024-05-09 03:00:00+00:00
19.4,1.2,1,0.0,2024-05-10 03:00:00+00:00
17.3,2.0,1,0.0,2024-05-11 03:00:00+00:00
11.4,3.1,1,0.0,2024-05-12 03:00:00+00:00
12.1,2.8,1,0.0,2024-05-13 03:00:00+00:00
14.0,0.4,2,0.0,2024-05-14 03:00:00+00:00
15.8,-1.3,2,0.0,2024-05-15 03:00:00+00:00
14.6,0.9,1,0.0,2024-05-16 03:00:00+00:00
18.7,8.5,6,0.0,2024-05-20 03:00:00+00:00
17.2,2.6,1,0.0,2024-05-21 03:00:00+00:00
14.0,5.7,1,0.0,2024-05-22 03:00:00+00:00
10.0,5.9,2,0.2,2024-05-23 03:00:00+00:00
9.3,4.8,1,0.0,2024-05-24 03:00:00+00:00
8.2,4.6,1,0.1,2024-05-25 03:00:00+00:00
6.4,3.6,1,0.0,2024-05-26 03:00:00+00:00
12.1,-2.6,1,0.0,2024-05-27 03:00:00+00:00
15.9,-3.6,2,0.0,2024-05-28 03:00:00+00:00
19.1,2.2,4,0.0,2024-05-29 03:00:00+00:00
20.9,-0.4,1,0.0,2024-05-30 03:00:00+00:00
15.5,0.5,1,0.0,2024-05-31 03:00:00+00:00
9.9,9.9,3,0.0,2024-06-03 03:00:00+00:00
21.6,4.2,3,0.0,2024-06-05 03:00:00+00:00
26.0,4.2,1,0.0,2024-06-06 03:00:00+00:00
23.1,6.6,1,0.0,2024-06-07 03:00:00+00:00
25.3,10.2,1,0.0,2024-06-08 03:00:00+00:00
26.9,10.6,2,0.0,2024-06-09 03:00:00+00:00
19.9,2.5,1,0.0,2024-06-10 03:00:00+00:00
24.5,2.5,2,0.0,2024-06-11 03:00:00+00:00
26.1,9.7,6,0.0,2024-06-12 03:00:00+00:00
29.2,16.6,6,0.0,2024-06-13 03:00:00+00:00
20.6,10.0,2,0.0,2024-06-14 03:00:00+00:00
18.9,3.6,1,0.0,2024-06-15 03:00:00+00:00
20.1,6.2,1,0.0,2024-06-16 03:00:00+00:00
20.8,1.8,2,0.0,2024-06-17 03:00:00+00:00
23.8,3.4,2,0.0,2024-06-18 03:00:00+00:00
14.8,4.2,1,0.0,2024-06-19 03:00:00+00:00
18.6,4.9,1,0.0,2024-06-20 03:00:00+00:00
23.1,7.0,1,0.0,2024-06-21 03:00:00+00:00
20.2,12.9,1,0.0,2024-06-22 03:00:00+00:00
14.0,6.1,2,0.1,2024-06-23 03:00:00+00:00
10.3,5.7,1,0.0,2024-06-24 03:00:00+00:00
9.9,1.3,2,0.0,2024-06-25 03:00:00+00:00
19.1,-4.2,1,0.0,2024-06-26 03:00:00+00:00
24.9,0.8,5,0.0,2024-06-27 03:00:00+00:00
14.4,-0.2,2,0.0,2024-06-28 03:00:00+00:00
15.3,-5.1,2,0.0,2024-06-29 03:00:00+00:00
18.2,-0.3,5,0.0,2024-06-30 03:00:00+00:00
20.8,-2.6,1,0.0,2024-07-01 03:00:00+00:00
24.4,-1.2,1,0.0,2024-07-02 03:00:00+00:00
16.2,1.6,1,0.0,2024-07-03 03:00:00+00:00
2.7,-2.2,0,0.0,2024-07-04 03:00:00+00:00
13.2,2.6,2,0.0,2024-07-05 03:00:00+00:00
13.4,0.4,1,0.0,2024-07-06 03:00:00+00:00
10.6,-4.4,1,0.0,2024-07-07 03:00:00+00:00
9.7,-6.9,1,0.0,2024-07-08 03:00:00+00:00
9.2,-3.7,1,0.0,2024-07-09 03:00:00+00:00
7.9,-2.1,1,0.0,2024-07-10 03:00:00+00:00
-2.1,-7.1,0,0.0,2024-07-11 03:00:00+00:00
13.0,-5.8,2,0.0,2024-07-12 03:00:00+00:00
14.4,-6.6,1,0.0,2024-07-13 03:00:00+00:00
15.3,-7.2,1,0.0,2024-07-14 03:00:00+00:00
18.0,-6.2,2,0.0,2024-07-15 03:00:00+00:00
16.7,-1.5,4,0.0,2024-07-16 03:00:00+00:00
13.3,5.5,1,0.1,2024-07-19 03:00:00+00:00
8.4,5.3,1,0.2,2024-07-20 03:00:00+00:00
9.0,6.3,1,0.0,2024-07-21 03:00:00+00:00
18.4,3.7,2,0.0,2024-07-22 03:00:00+00:00
21.2,4.1,3,0.0,2024-07-23 03:00:00+00:00
23.3,4.2,2,0.0,2024-07-24 03:00:00+00:00
24.5,-0.7,2,0.0,2024-07-25 03:00:00+00:00
23.3,0.7,2,0.0,2024-07-26 03:00:00+00:00
7.8,5.1,0,0.0,2024-07-29 03:00:00+00:00
18.9,-1.1,6,0.0,2024-07-30 03:00:00+00:00
21.3,7.7,6,0.0,2024-07-31 03:00:00+00:00
24.6,10.4,3,0.0,2024-08-01 03:00:00+00:00
29.4,13.0,8,0.0,2024-08-02 03:00:00+00:00
23.0,0.5,2,0.0,2024-08-05 03:00:00+00:00
17.0,3.0,2,0.0,2024-08-06 03:00:00+00:00
14.0,0.0,1,0.0,2024-08-07 03:00:00+00:00
13.0,0.0,2,0.0,2024-08-08 03:00:00+00:00
17.0,-6.0,1,0.0,2024-08-09 03:00:00+00:00
23.0,-3.0,3,0.0,2024-08-10 03:00:00+00:00
18.0,0.0,1,0.0,2024-08-11 03:00:00+00:00
20.0,-2.0,2,0.0,2024-08-12 03:00:00+00:00
21.0,9.0,7,0.0,2024-08-13 03:00:00+00:00
24.0,1.0,3,0.0,2024-08-14 03:00:00+00:00
24.0,1.0,1,0.0,2024-08-15 03:00:00+00:00
21.0,2.0,1,0.0,2024-08-16 03:00:00+00:00
20.0,4.0,1,0.0,2024-08-17 03:00:00+00:00
21.0,4.0,2,0.0,2024-08-18 03:00:00+00:00
13.0,8.0,1,0.0,2024-08-19 03:00:00+00:00
11.0,7.0,1,0.0,2024-08-20 03:00:00+00:00
12.0,5.0,2,0.0,2024-08-21 03:00:00+00:00
12.0,3.0,2,0.0,2024-08-22 03:00:00+00:00
13.0,-1.0,1,0.0,2024-08-23 03:00:00+00:00
14.0,-1.0,1,0.0,2024-08-24 03:00:00+00:00
16.0,-5.0,2,0.0,2024-08-25 03:00:00+00:00
19.0,0.0,3,0.0,2024-08-26 03:00:00+00:00
20.0,-1.0,2,0.0,2024-08-27 03:00:00+00:00
20.0,0.0,2,0.0,2024-08-28 03:00:00+00:00
21.0,5.0,1,0.0,2024-08-29 03:00:00+00:00
16.0,9.0,2,0.0,2024-08-30 03:00:00+00:00
16.0,5.0,0,0.0,2024-08-31 03:00:00+00:00
22.0,0.0,0,0.0,2024-09-01 03:00:00+00:00
30.0,13.0,7,0.0,2024-09-02 03:00:00+00:00
20.0,8.0,2,0.0,2024-09-03 03:00:00+00:00
22.0,7.0,1,0.0,2024-09-04 03:00:00+00:00
23.0,0.0,5,0.0,2024-09-05 03:00:00+00:00
25.0,11.0,4,0.0,2024-09-06 03:00:00+00:00
25.0,3.0,1,0.0,2024-09-07 03:00:00+00:00
26.0,6.0,2,0.0,2024-09-08 03:00:00+00:00
28.0,6.0,2,0.0,2024-09-09 03:00:00+00:00
31.0,14.0,7,0.0,2024-09-10 03:00:00+00:00
15.0,12.0,3,0.0,2024-09-11 03:00:00+00:00
16.0,8.0,0,0.0,2024-09-12 03:00:00+00:00
23.0,3.0,2,0.0,2024-09-13 03:00:00+00:00
22.0,3.0,2,0.0,2024-09-14 03:00:00+00:00
24.0,2.0,3,0.0,2024-09-15 03:00:00+00:00
25.0,3.0,3,0.0,2024-09-16 03:00:00+00:00
28.0,6.0,4,0.0,2024-09-17 03:00:00+00:00
31.0,8.0,3,0.0,2024-09-18 03:00:00+00:00
32.0,14.0,6,0.0,2024-09-19 03:00:00+00:00
23.0,7.0,2,0.0,2024-09-20 03:00:00+00:00
31.0,9.0,3,0.0,2024-09-21 03:00:00+00:00
29.0,16.0,4,0.0,2024-09-22 03:00:00+00:00
24.0,8.0,2,0.0,2024-09-23 03:00:00+00:00
25.0,5.0,1,0.0,2024-09-24 03:00:00+00:00
23.0,7.0,3,0.0,2024-09-25 03:00:00+00:00
20.0,8.0,2,0.0,2024-09-26 03:00:00+00:00
11.0,3.0,0,0.0,2024-09-27 03:00:00+00:00
28.0,18.0,1,0.0,2024-09-30 03:00:00+00:00
24.0,13.0,4,0.0,2024-10-01 03:00:00+00:00
21.0,6.0,1,0.0,2024-10-02 03:00:00+00:00
24.0,3.0,2,0.0,2024-10-03 03:00:00+00:00
28.0,4.0,3,0.0,2024-10-04 03:00:00+00:00
31.0,7.0,2,0.0,2024-10-05 03:00:00+00:00
28.0,15.0,2,0.0,2024-10-06 03:00:00+00:00
22.0,14.0,0,0.0,2024-10-07 03:00:00+00:00
19.0,12.0,1,0.0,2024-10-08 03:00:00+00:00
15.0,12.0,0,0.0,2024-10-09 03:00:00+00:00
24.0,11.0,1,0.0,2024-10-10 03:00:00+00:00
28.0,8.0,1,0.0,2024-10-11 03:00:00+00:00
22.0,14.0,1,0.0,2024-10-12 03:00:00+00:00
17.0,13.0,1,0.0,2024-10-13 03:00:00+00:00
22.0,14.0,1,0.0,2024-10-14 03:00:00+00:00
24.0,15.0,1,0.0,2024-10-15 03:00:00+00:00
26.0,13.0,2,0.0,2024-10-16 03:00:00+00:00
25.0,14.0,1,0.0,2024-10-17 03:00:00+00:00
26.0,12.0,1,0.0,2024-10-18 03:00:00+00:00
32.0,11.0,3,0.0,2024-10-19 03:00:00+00:00
34.0,13.0,4,0.0,2024-10-20 03:00:00+00:00
30.0,15.0,2,0.0,2024-10-21 03:00:00+00:00
21.0,16.0,0,0.0,2024-10-22 03:00:00+00:00
18.0,18.0,1,0.0,2024-10-23 03:00:00+00:00
21.0,8.0,3,0.0,2024-10-25 03:00:00+00:00
26.0,3.0,1,0.0,2024-10-26 03:00:00+00:00
28.0,7.0,3,0.0,2024-10-27 03:00:00+00:00
32.0,9.0,2,0.0,2024-10-28 03:00:00+00:00
32.0,11.0,2,0.0,2024-10-29 03:00:00+00:00
32.0,13.0,2,0.0,2024-10-30 03:00:00+00:00
26.0,17.0,1,0.0,2024-10-31 03:00:00+00:00
32.0,15.0,2,0.0,2024-11-01 03:00:00+00:00
24.0,18.0,3,0.0,2024-11-02 03:00:00+00:00
26.0,15.0,2,0.0,2024-11-03 03:00:00+00:00
26.0,15.0,2,0.0,2024-11-04 03:00:00+00:00
24.0,12.0,2,0.0,2024-11-05 03:00:00+00:00
26.0,11.0,1,0.0,2024-11-06 03:00:00+00:00
26.0,16.0,3,0.0,2024-11-07 03:00:00+00:00
31.0,17.0,1,0.0,2024-11-13 03:00:00+00:00
34.0,11.0,2,0.0,2024-11-14 03:00:00+00:00
19.0,17.0,2,0.0,2024-11-18 03:00:00+00:00
23.0,12.0,1,0.0,2024-11-19 03:00:00+00:00
25.0,14.0,2,0.0,2024-11-20 03:00:00+00:00
27.0,15.0,2,0.0,2024-11-21 03:00:00+00:00
29.0,15.0,2,0.0,2024-11-22 03:00:00+00:00
30.0,14.0,2,0.0,2024-11-23 03:00:00+00:00
36.0,19.0,2,0.0,2024-11-24 03:00:00+00:00
25.0,17.0,2,0.0,2024-11-25 03:00:00+00:00
27.0,20.0,1,0.0,2024-11-26 03:00:00+00:00
26.0,18.0,1,95.0,2024-11-27 03:00:00+00:00
28.0,15.0,2,1.0,2024-11-28 03:00:00+00:00
16.0,13.0,0,0.0,2024-11-29 03:00:00+00:00
16.0,13.0,0,0.0,2024-11-30 03:00:00+00:00
29.0,12.0,2,0.0,2024-12-01 03:00:00+00:00
25.0,9.0,1,0.0,2024-12-02 03:00:00+00:00
25.0,10.0,2,0.0,2024-12-03 03:00:00+00:00
29.0,9.0,3,0.0,2024-12-04 03:00:00+00:00
34.0,10.0,3,0.0,2024-12-05 03:00:00+00:00
26.0,18.0,2,0.0,2024-12-06 03:00:00+00:00
18.0,14.0,1,0.0,2024-12-07 03:00:00+00:00
18.0,12.0,1,0.0,2024-12-08 03:00:00+00:00
27.0,10.0,1,0.0,2024-12-09 03:00:00+00:00
31.0,10.0,2,0.0,2024-12-10 03:00:00+00:00
19.0,13.0,0,0.0,2024-12-11 03:00:00+00:00
22.0,18.0,0,0.0,2025-03-27 03:00:00+00:00
22.0,17.0,1,0.0,2025-03-28 03:00:00+00:00
23.0,17.0,1,0.0,2025-03-29 03:00:00+00:00
29.0,14.0,5,0.0,2025-03-30 03:00:00+00:00
17.0,9.0,2,0.0,2025-03-31 03:00:00+00:00
11.0,7.0,1,0.0,2025-04-04 03:00:00+00:00
19.0,3.0,1,0.0,2025-04-05 03:00:00+00:00
17.0,5.0,1,0.0,2025-04-06 03:00:00+00:00
15.0,7.0,0,0.0,2025-04-07 03:00:00+00:00
24.0,8.0,1,0.0,2025-04-09 03:00:00+00:00
16.0,12.0,0,0.0,2025-04-10 03:00:00+00:00
22.0,15.0,1,0.0,2025-04-11 03:00:00+00:00
20.0,12.0,1,0.0,2025-04-12 03:00:00+00:00
21.0,9.0,1,0.0,2025-04-13 03:00:00+00:00
20.0,13.0,0,0.0,2025-04-14 03:00:00+00:00
23.0,11.0,1,0.0,2025-04-15 03:00:00+00:00
24.0,15.0,2,0.0,2025-04-16 03:00:00+00:00
27.0,12.0,1,0.0,2025-04-17 03:00:00+00:00
17.0,12.0,1,0.0,2025-04-18 03:00:00+00:00
14.0,10.0,1,0.0,2025-04-19 03:00:00+00:00
15.0,10.0,1,0.0,2025-04-20 03:00:00+00:00
13.0,8.0,2,0.0,2025-04-21 03:00:00+00:00
23.0,20.0,3,0.0,2025-04-23 03:00:00+00:00
25.0,14.0,4,0.0,2025-04-30 03:00:00+00:00
26.0,8.0,3,0.0,2025-05-01 03:00:00+00:00
26.0,8.0,1,0.0,2025-05-02 03:00:00+00:00
27.0,10.0,2,0.0,2025-05-03 03:00:00+00:00
25.0,19.0,3,0.0,2025-05-04 03:00:00+00:00
19.0,16.0,0,0.0,2025-05-05 03:00:00+00:00
16.0,16.0,0,0.0,2025-05-06 03:00:00+00:00
23.0,14.0,1,0.0,2025-05-07 03:00:00+00:00
21.0,13.0,1,0.0,2025-05-08 03:00:00+00:00
24.0,10.0,1,0.0,2025-05-09 03:00:00+00:00
26.0,6.0,1,0.0,2025-05-10 03:00:00+00:00
25.0,6.0,2,0.0,2025-05-11 03:00:00+00:00
24.0,7.0,2,0.0,2025-05-12 03:00:00+00:00
24.0,6.0,3,0.0,2025-05-13 03:00:00+00:00
23.0,15.0,0,0.0,2025-05-14 03:00:00+00:00
25.0,15.0,3,0.0,2025-05-15 03:00:00+00:00
23.0,19.0,2,0.0,2025-05-16 03:00:00+00:00
27.0,16.0,5,0.0,2025-05-17 03:00:00+00:00
16.0,9.0,2,0.0,2025-05-18 03:00:00+00:00
18.0,4.0,1,0.0,2025-05-19 03:00:00+00:00
12.0,1.0,0,0.0,2025-05-20 03:00:00+00:00
15.0,7.0,1,0.0,2025-05-22 03:00:00+00:00
21.0,4.0,2,0.0,2025-05-23 03:00:00+00:00
21.0,10.0,1,0.0,2025-05-24 03:00:00+00:00
18.0,8.0,1,0.0,2025-05-25 03:00:00+00:00
20.0,5.0,2,0.0,2025-05-26 03:00:00+00:00
15.0,0.0,4,0.0,2025-05-27 03:00:00+00:00
13.0,-3.0,1,0.0,2025-05-28 03:00:00+00:00
17.0,-3.0,1,0.0,2025-05-29 03:00:00+00:00
20.0,-2.0,1,0.0,2025-05-30 03:00:00+00:00
18.0,-2.0,1,0.0,2025-05-31 03:00:00+00:00
18.0,-3.0,1,0.0,2025-06-01 03:00:00+00:00
20.0,1.0,2,0.0,2025-06-02 03:00:00+00:00
21.0,1.0,2,0.0,2025-06-03 03:00:00+00:00
22.0,1.0,1,0.0,2025-06-04 03:00:00+00:00
20.0,1.0,1,0.0,2025-06-05 03:00:00+00:00
22.0,0.0,1,0.0,2025-06-06 03:00:00+00:00
18.0,5.0,1,0.0,2025-06-07 03:00:00+00:00
18.0,4.0,1,0.0,2025-06-08 03:00:00+00:00
19.0,-1.0,1,0.0,2025-06-09 03:00:00+00:00
19.0,0.0,2,0.0,2025-06-10 03:00:00+00:00
19.0,0.0,2,0.0,2025-06-11 03:00:00+00:00
19.0,0.0,3,0.0,2025-06-12 03:00:00+00:00
17.0,9.0,1,0.0,2025-06-13 03:00:00+00:00
16.0,1.0,1,0.0,2025-06-14 03:00:00+00:00
17.0,-1.0,3,0.0,2025-06-15 03:00:00+00:00
19.0,6.0,4,0.0,2025-06-16 03:00:00+00:00
17.0,0.0,2,0.0,2025-06-17 03:00:00+00:00
19.0,-2.0,1,0.0,2025-06-18 03:00:00+00:00
19.0,-3.0,1,0.0,2025-06-19 03:00:00+00:00
21.0,-3.0,1,0.0,2025-06-20 03:00:00+00:00
20.0,-2.0,1,0.0,2025-06-21 03:00:00+00:00
17.0,0.0,2,0.0,2025-06-22 03:00:00+00:00
12.0,-3.0,1,0.0,2025-06-23 03:00:00+00:00
17.0,-6.0,3,0.0,2025-06-24 03:00:00+00:00
15.0,1.0,4,0.0,2025-06-25 03:00:00+00:00
17.0,-1.0,1,0.0,2025-06-26 03:00:00+00:00
17.0,-4.0,1,0.0,2025-06-27 03:00:00+00:00
14.0,-1.0,2,0.0,2025-06-28 03:00:00+00:00
5.0,0.0,1,0.0,2025-06-29 03:00:00+00:00
7.0,-8.0,1,0.0,2025-06-30 03:00:00+00:00
10.0,-6.0,3,0.0,2025-07-01 03:00:00+00:00
13.0,-3.0,4,0.0,2025-07-02 03:00:00+00:00
17.0,0.0,5,0.0,2025-07-03 03:00:00+00:00
20.0,1.0,3,0.0,2025-07-04 03:00:00+00:00
19.0,-1.0,1,0.0,2025-07-05 03:00:00+00:00
21.0,5.0,2,0.0,2025-07-06 03:00:00+00:00
21.0,6.0,1,0.0,2025-07-07 03:00:00+00:00
21.0,4.0,1,0.0,2025-07-08 03:00:00+00:00
23.0,12.0,2,0.0,2025-07-09 03:00:00+00:00
16.0,8.0,0,0.0,2025-07-10 03:00:00+00:00
13.0,9.0,0,0.0,2025-07-11 03:00:00+00:00
16.0,6.0,3,0.0,2025-07-12 03:00:00+00:00
19.0,3.0,2,0.0,2025-07-13 03:00:00+00:00
22.0,4.0,4,0.0,2025-07-14 03:00:00+00:00
25.0,10.0,3,0.0,2025-07-15 03:00:00+00:00
16.0,2.0,4,0.0,2025-07-16 03:00:00+00:00
20.0,-4.0,1,0.0,2025-07-17 03:00:00+00:00
23.0,-1.0,3,0.0,2025-07-18 03:00:00+00:00
23.0,1.0,3,0.0,2025-07-19 03:00:00+00:00
25.0,1.0,1,0.0,2025-07-20 03:00:00+00:00
21.0,1.0,1,0.0,2025-07-21 03:00:00+00:00
13.0,4.0,1,0.0,2025-07-22 03:00:00+00:00
8.0,6.0,1,0.0,2025-07-23 03:00:00+00:00
13.0,5.0,2,0.0,2025-07-24 03:00:00+00:00
16.0,4.0,2,0.0,2025-07-25 03:00:00+00:00
10.0,5.0,1,0.0,2025-07-26 03:00:00+00:00
9.0,3.0,2,0.0,2025-07-27 03:00:00+00:00
14.0,2.0,1,0.0,2025-07-28 03:00:00+00:00
15.0,2.0,6,0.0,2025-07-29 03:00:00+00:00
19.0,8.0,8,0.0,2025-07-30 03:00:00+00:00
23.0,11.0,7,0.0,2025-07-31 03:00:00+00:00
26.0,9.0,3,0.0,2025-08-01 03:00:00+00:00
18.0,3.0,1,0.0,2025-08-02 03:00:00+00:00
16.0,6.0,1,0.0,2025-08-03 03:00:00+00:00
16.0,4.0,1,0.0,2025-08-04 03:00:00+00:00
18.0,0.0,1,0.0,2025-08-05 03:00:00+00:00
19.0,1.0,2,0.0,2025-08-06 03:00:00+00:00
13.0,6.0,1,0.0,2025-08-07 03:00:00+00:00
17.0,-4.0,1,0.0,2025-08-08 03:00:00+00:00
20.0,-3.0,1,0.0,2025-08-09 03:00:00+00:00
21.0,3.0,4,0.0,2025-08-10 03:00:00+00:00
24.0,0.0,1,0.0,2025-08-11 03:00:00+00:00
27.0,6.0,4,0.0,2025-08-12 03:00:00+00:00
17.0,6.0,2,0.0,2025-08-13 03:00:00+00:00
15.0,1.0,1,0.0,2025-08-14 03:00:00+00:00
15.0,7.0,1,0.0,2025-08-15 03:00:00+00:00
18.0,4.0,1,0.0,2025-08-16 03:00:00+00:00
16.0,1.0,1,0.0,2025-08-17 03:00:00+00:00
13.0,8.0,1,0.0,2025-08-18 03:00:00+00:00
11.0,8.0,0,0.0,2025-08-19 03:00:00+00:00
21.0,1.0,3,405.0,2025-08-20 03:00:00+00:00
24.0,2.0,4,0.0,2025-08-21 03:00:00+00:00
17.0,6.0,3,0.0,2025-08-22 03:00:00+00:00
15.0,0.0,1,0.0,2025-08-23 03:00:00+00:00
22.0,-3.0,2,0.0,2025-08-24 03:00:00+00:00
24.0,0.0,1,0.0,2025-08-25 03:00:00+00:00
25.0,0.0,1,0.0,2025-08-26 03:00:00+00:00
24.0,0.0,2,0.0,2025-08-27 03:00:00+00:00
25.0,1.0,2,0.0,2025-08-28 03:00:00+00:00
24.0,3.0,2,0.0,2025-08-29 03:00:00+00:00
18.0,12.0,1,0.0,2025-08-30 03:00:00+00:00
15.0,5.0,2,0.0,2025-08-31 03:00:00+00:00
19.0,4.0,1,0.0,2025-09-01 03:00:00+00:00
22.0,2.0,2,0.0,2025-09-02 03:00:00+00:00
18.0,3.0,2,0.0,2025-09-03 03:00:00+00:00
13.0,6.0,1,0.0,2025-09-04 03:00:00+00:00
13.0,2.0,1,0.0,2025-09-05 03:00:00+00:00
17.0,-1.0,2,0.0,2025-09-06 03:00:00+00:00
19.0,0.0,3,0.0,2025-09-07 03:00:00+00:00
23.0,4.0,2,0.0,2025-09-08 03:00:00+00:00
26.0,2.0,2,0.0,2025-09-09 03:00:00+00:00
27.0,10.0,6,0.0,2025-09-10 03:00:00+00:00
24.0,3.0,2,0.0,2025-09-11 03:00:00+00:00
23.0,2.0,2,0.0,2025-09-12 03:00:00+00:00
29.0,5.0,4,0.0,2025-09-13 03:00:00+00:00
19.0,14.0,1,0.0,2025-09-14 03:00:00+00:00
24.0,11.0,1,0.0,2025-09-15 03:00:00+00:00
25.0,7.0,1,0.0,2025-09-16 03:00:00+00:00
21.0,13.0,0,0.0,2025-09-17 03:00:00+00:00
28.0,15.0,2,0.0,2025-09-18 03:00:00+00:00
32.0,14.0,3,0.0,2025-09-19 03:00:00+00:00
28.0,14.0,3,0.0,2025-09-20 03:00:00+00:00
19.0,5.0,2,0.0,2025-09-21 03:00:00+00:00
21.0,1.0,2,0.0,2025-09-22 03:00:00+00:00
25.0,2.0,4,0.0,2025-09-23 03:00:00+00:00
23.0,5.0,2,0.0,2025-09-24 03:00:00+00:00
23.0,8.0,3,0.0,2025-09-25 03:00:00+00:00
28.0,7.0,3,0.0,2025-09-26 03:00:00+00:00
21.0,7.0,3,0.0,2025-09-27 03:00:00+00:00
27.0,1.0,2,0.0,2025-09-28 03:00:00+00:00
27.0,7.0,2,0.0,2025-09-29 03:00:00+00:00
22.0,11.0,1,0.0,2025-09-30 03:00:00+00:00
23.0,11.0,1,0.0,2025-10-01 03:00:00+00:00
26.0,5.0,2,0.0,2025-10-02 03:00:00+00:00
31.0,8.0,4,0.0,2025-10-03 03:00:00+00:00
34.0,12.0,4,0.0,2025-10-04 03:00:00+00:00
23.0,10.0,4,0.0,2025-10-05 03:00:00+00:00
20.0,1.0,2,0.0,2025-10-06 03:00:00+00:00
26.0,0.0,2,0.0,2025-10-07 03:00:00+00:00
27.0,2.0,2,0.0,2025-10-08 03:00:00+00:00
29.0,5.0,5,0.0,2025-10-09 03:00:00+00:00
31.0,5.0,4,0.0,2025-10-10 03:00:00+00:00
33.0,10.0,4,0.0,2025-10-11 03:00:00+00:00
26.0,10.0,2,0.0,2025-10-12 03:00:00+00:00
28.0,3.0,1,0.0,2025-10-13 03:00:00+00:00
28.0,5.0,3,0.0,2025-10-14 03:00:00+00:00
32.0,8.0,3,0.0,2025-10-15 03:00:00+00:00
27.0,13.0,1,0.0,2025-10-16 03:00:00+00:00
18.0,13.0,1,0.0,2025-10-17 03:00:00+00:00
23.0,8.0,2,0.0,2025-10-18 03:00:00+00:00
25.0,5.0,3,0.0,2025-10-19 03:00:00+00:00
27.0,7.0,3,0.0,2025-10-20 03:00:00+00:00
31.0,8.0,4,0.0,2025-10-21 03:00:00+00:00
29.0,13.0,2,0.0,2025-10-22 03:00:00+00:00
34.0,16.0,3,0.0,2025-10-23 03:00:00+00:00
25.0,14.0,2,0.0,2025-10-24 03:00:00+00:00
21.0,8.0,4,0.0,2025-10-25 03:00:00+00:00
26.0,3.0,2,0.0,2025-10-26 03:00:00+00:00
16.0,5.0,2,0.0,2025-10-27 03:00:00+00:00
7.0,4.0,1,0.0,2025-10-28 03:00:00+00:00
16.0,7.0,1,0.0,2025-10-29 03:00:00+00:00
21.0,8.0,3,0.0,2025-10-30 03:00:00+00:00
29.0,7.0,4,0.0,2025-10-31 03:00:00+00:00
22.0,14.0,1,0.0,2025-11-01 03:00:00+00:00
28.0,9.0,1,0.0,2025-11-02 03:00:00+00:00
30.0,9.0,2,0.0,2025-11-03 03:00:00+00:00
26.0,14.0,3,0.0,2025-11-04 03:00:00+00:00
26.0,15.0,2,0.0,2025-11-05 03:00:00+00:00
22.0,15.0,3,0.0,2025-11-06 03:00:00+00:00
16.0,10.0,2,0.0,2025-11-07 03:00:00+00:00
21.0,5.0,2,0.0,2025-11-08 03:00:00+00:00
24.0,6.0,2,0.0,2025-11-09 03:00:00+00:00
24.0,10.0,2,0.0,2025-11-10 03:00:00+00:00
34.0,11.0,4,0.0,2025-11-11 03:00:00+00:00
23.0,13.0,2,0.0,2025-11-12 03:00:00+00:00
24.0,12.0,1,0.0,2025-11-13 03:00:00+00:00
27.0,10.0,2,0.0,2025-11-14 03:00:00+00:00
32.0,15.0,4,0.0,2025-11-15 03:00:00+00:00
24.0,12.0,4,0.0,2025-11-16 03:00:00+00:00
29.0,6.0,2,0.0,2025-11-17 03:00:00+00:00
32.0,8.0,2,0.0,2025-11-18 03:00:00+00:00
32.0,11.0,2,0.0,2025-11-19 03:00:00+00:00
38.0,13.0,5,0.0,2025-11-20 03:00:00+00:00
27.0,15.0,2,0.0,2025-11-21 03:00:00+00:00
27.0,9.0,2,0.0,2025-11-22 03:00:00+00:00
28.0,11.0,2,0.0,2025-11-23 03:00:00+00:00
32.0,9.0,3,0.0,2025-11-24 03:00:00+00:00
35.0,11.0,2,0.0,2025-11-25 03:00:00+00:00
33.0,12.0,3,0.0,2025-11-26 03:00:00+00:00
32.0,16.0,2,0.0,2025-11-27 03:00:00+00:00
29.0,20.0,1,0.0,2025-11-28 03:00:00+00:00
32.0,17.0,3,1.0,2025-11-29 03:00:00+00:00
28.0,18.0,2,0.0,2025-11-30 03:00:00+00:00
22.0,15.0,1,0.0,2025-12-01 03:00:00+00:00
26.0,12.0,1,0.0,2025-12-02 03:00:00+00:00
32.0,10.0,1,0.0,2025-12-03 03:00:00+00:00
35.0,14.0,2,0.0,2025-12-04 03:00:00+00:00
35.0,16.0,3,0.0,2025-12-05 03:00:00+00:00
27.0,19.0,1,0.0,2025-12-06 03:00:00+00:00
22.0,14.0,0,0.0,2025-12-07 03:00:00+00:00
27.0,13.0,2,0.0,2025-12-08 03:00:00+00:00
30.0,8.0,1,0.0,2025-12-09 03:00:00+00:00
33.0,11.0,1,0.0,2025-12-10 03:00:00+00:00
27.0,15.0,1,0.0,2025-12-11 03:00:00+00:00
33.0,11.0,2,0.0,2025-12-12 03:00:00+00:00
35.0,13.0,3,0.0,2025-12-13 03:00:00+00:00
24.0,12.0,2,0.0,2025-12-14 03:00:00+00:00
25.0,10.0,2,0.0,2025-12-15 03:00:00+00:00
29.0,11.0,2,0.0,2025-12-16 03:00:00+00:00
31.0,11.0,4,0.0,2025-12-17 03:00:00+00:00
32.0,11.0,2,0.0,2025-12-18 03:00:00+00:00
34.0,14.0,3,0.0,2025-12-19 03:00:00+00:00
29.0,21.0,2,0.0,2025-12-20 03:00:00+00:00
30.0,16.0,2,1.0,2025-12-21 03:00:00+00:00
27.0,15.0,2,0.0,2025-12-22 03:00:00+00:00
32.0,18.0,2,0.0,2025-12-23 03:00:00+00:00
33.0,16.0,2,0.0,2025-12-24 03:00:00+00:00
31.0,16.0,2,0.0,2025-12-25 03:00:00+00:00
32.0,12.0,2,0.0,2025-12-26 03:00:00+00:00
31.0,18.0,2,0.0,2025-12-27 03:00:00+00:00
31.0,16.0,1,0.0,2025-12-28 03:00:00+00:00
31.0,18.0,1,0.0,2025-12-29 03:00:00+00:00
34.0,17.0,2,0.0,2025-12-30 03:00:00+00:00
36.0,19.0,1,0.0,2025-12-31 03:00:00+00:00
36.0,18.0,2,0.0,2026-01-01 03:00:00+00:00
31.0,16.0,2,0.0,2026-01-02 03:00:00+00:00
23.0,18.0,0,0.0,2026-01-03 03:00:00+00:00
28.6,18.4,3,0.0,2026-03-19 03:00:00+00:00
31.2,17.9,3,2.2,2026-03-20 03:00:00+00:00
23.0,11.7,2,4.1,2026-03-21 03:00:00+00:00
26.8,10.8,2,0.0,2026-03-22 03:00:00+00:00
22.4,11.0,2,0.0,2026-03-23 03:00:00+00:00
27.0,7.6,2,0.0,2026-03-24 03:00:00+00:00
24.4,10.1,2,0.0,2026-03-25 03:00:00+00:00
25.4,12.5,2,0.0,2026-03-26 03:00:00+00:00
22.4,16.7,1,0.0,2026-03-27 03:00:00+00:00
28.6,18.8,1,0.5,2026-03-28 03:00:00+00:00
32.8,20.2,2,0.0,2026-03-29 03:00:00+00:00
34.2,19.0,2,0.0,2026-03-30 03:00:00+00:00
33.6,20.1,3,0.0,2026-03-31 03:00:00+00:00
33.2,19.8,1,0.0,2026-04-01 03:00:00+00:00
23.0,17.6,1,2.7,2026-04-02 03:00:00+00:00
31.1,17.7,2,0.0,2026-04-03 03:00:00+00:00
22.2,11.8,1,3.7,2026-04-04 03:00:00+00:00
12.1,9.5,0,0.9,2026-04-05 03:00:00+00:00
13.3,10.0,1,0.2,2026-04-06 03:00:00+00:00
21.3,9.4,1,0.0,2026-04-07 03:00:00+00:00
19.5,12.4,1,0.0,2026-04-08 03:00:00+00:00
20.9,8.5,1,0.0,2026-04-09 03:00:00+00:00
24.0,7.5,2,0.0,2026-04-10 03:00:00+00:00
23.0,12.3,2,0.0,2026-04-11 03:00:00+00:00
26.8,8.7,1,0.0,2026-04-12 03:00:00+00:00
23.9,11.5,1,0.0,2026-04-13 03:00:00+00:00
19.1,14.7,1,2.1,2026-04-14 03:00:00+00:00
24.9,14.4,2,0.0,2026-04-15 03:00:00+00:00
27.6,11.0,1,0.0,2026-04-16 03:00:00+00:00
28.1,10.3,1,0.0,2026-04-17 03:00:00+00:00
27.0,14.8,2,0.0,2026-04-18 03:00:00+00:00
21.8,15.0,1,1.9,2026-04-19 03:00:00+00:00
19.0,11.8,1,0.3,2026-04-20 03:00:00+00:00
16.6,11.6,1,0.0,2026-04-21 03:00:00+00:00
17.6,12.1,1,0.1,2026-04-22 03:00:00+00:00
23.1,9.3,1,0.0,2026-04-23 03:00:00+00:00
23.4,11.5,3,0.0,2026-04-24 03:00:00+00:00
19.0,11.5,1,0.0,2026-04-25 03:00:00+00:00
20.3,6.4,2,0.0,2026-04-26 03:00:00+00:00
18.0,4.3,2,0.0,2026-04-27 03:00:00+00:00
19.4,5.1,2,0.0,2026-04-28 03:00:00+00:00
25.6,3.2,2,0.0,2026-04-29 03:00:00+00:00
24.2,3.7,2,0.0,2026-04-30 03:00:00+00:00
25.9,8.0,2,0.0,2026-05-01 03:00:00+00:00
16.7,5.8,1,0.0,2026-05-02 03:00:00+00:00
21.2,1.9,4,0.0,2026-05-03 03:00:00+00:00
25.9,4.5,1,0.0,2026-05-04 03:00:00+00:00
26.9,8.9,2,0.0,2026-05-05 03:00:00+00:00
28.5,17.0,5,0.0,2026-05-06 03:00:00+00:00
20.9,7.1,3,0.0,2026-05-07 03:00:00+00:00
18.1,1.3,2,0.0,2026-05-08 03:00:00+00:00
14.1,0.2,2,0.0,2026-05-09 03:00:00+00:00
17.9,-3.6,1,0.0,2026-05-10 03:00:00+00:00
21.5,-2.3,2,0.0,2026-05-11 03:00:00+00:00
26.3,-0.6,1,0.0,2026-05-12 03:00:00+00:00
20.7,1.2,1,0.0,2026-05-13 03:00:00+00:00
16.1,4.6,1,0.0,2026-05-14 03:00:00+00:00
20.3,2.8,2,0.0,2026-05-15 03:00:00+00:00
12.9,3.6,2,0.0,2026-05-16 03:00:00+00:00
13.0,0.9,1,0.0,2026-05-17 03:00:00+00:00
16.9,-3.8,1,0.0,2026-05-18 03:00:00+00:00
20.9,-3.6,1,0.0,2026-05-19 03:00:00+00:00
18.0,-2.6,1,0.0,2026-05-20 03:00:00+00:00
14.9,1.0,1,0.0,2026-05-21 03:00:00+00:00
14.2,1.1,1,0.0,2026-05-22 03:00:00+00:00
15.6,-1.5,2,0.0,2026-05-23 03:00:00+00:00
16.4,4.3,3,0.0,2026-05-24 03:00:00+00:00
18.5,1.2,1,0.0,2026-05-25 03:00:00+00:00
19.6,-0.3,1,0.0,2026-05-26 03:00:00+00:00
20.7,0.2,2,0.0,2026-05-27 03:00:00+00:00
18.2,6.7,1,0.0,2026-05-28 03:00:00+00:00
19.8,9.4,1,0.0,2026-05-29 03:00:00+00:00
18.8,9.8,1,0.0,2026-05-30 03:00:00+00:00
21.2,5.6,2,0.0,2026-05-31 03:00:00+00:00
16.6,10.5,1,0.1,2026-06-01 03:00:00+00:00
13.7,11.5,1,0.0,2026-06-02 03:00:00+00:00
15.1,11.8,0,0.1,2026-06-03 03:00:00+00:00
20.1,12.5,2,0.2,2026-06-04 03:00:00+00:00
22.6,13.5,2,0.0,2026-06-05 03:00:00+00:00
18.8,13.6,1,0.2,2026-06-06 03:00:00+00:00
14.6,9.4,1,2.2,2026-06-07 03:00:00+00:00
14.9,10.3,1,0.0,2026-06-08 03:00:00+00:00
16.1,9.4,1,0.0,2026-06-09 03:00:00+00:00
13.9,9.9,1,0.0,2026-06-10 03:00:00+00:00
17.5,6.4,1,0.0,2026-06-11 03:00:00+00:00
18.9,2.1,3,0.0,2026-06-12 03:00:00+00:00
17.9,2.5,2,0.0,2026-06-13 03:00:00+00:00
6.9,4.4,1,0.0,2026-06-14 03:00:00+00:00
17.4,3.2,1,0.0,2026-06-15 03:00:00+00:00
22.1,0.1,1,0.0,2026-06-16 03:00:00+00:00
19.1,1.6,2,0.0,2026-06-17 03:00:00+00:00
15.0,9.7,4,0.0,2026-06-18 03:00:00+00:00
18.4,0.5,1,0.0,2026-06-19 03:00:00+00:00
20.3,1.9,4,0.0,2026-06-20 03:00:00+00:00
14.7,0.9,1,1.0,2026-06-21 03:00:00+00:00
14.1,0.2,1,0.3,2026-06-22 03:00:00+00:00
16.7,-3.2,2,0.0,2026-06-23 03:00:00+00:00
15.0,-3.7,2,0.0,2026-06-24 03:00:00+00:00
18.0,-1.6,2,0.0,2026-06-25 03:00:00+00:00
19.8,1.4,5,0.0,2026-06-26 03:00:00+00:00
18.3,-0.4,1,0.0,2026-06-27 03:00:00+00:00
15.6,1.8,1,0.0,2026-06-28 03:00:00+00:00
16.1,-2.9,1,0.0,2026-06-29 03:00:00+00:00
15.9,3.0,3,0.0,2026-06-30 03:00:00+00:00
9.9,3.5,2,0.0,2026-07-01 03:00:00+00:00
4.6,2.9,1,0.0,2026-07-02 03:00:00+00:00
5.0,2.7,2,0.0,2026-07-03 03:00:00+00:00
8.0,2.7,1,0.0,2026-07-04 03:00:00+00:00
13.3,0.1,1,0.0,2026-07-05 03:00:00+00:00
19.3,-4.3,1,0.0,2026-07-06 03:00:00+00:00
21.7,-2.5,3,0.0,2026-07-07 03:00:00+00:00
23.3,8.7,4,0.0,2026-07-08 03:00:00+00:00
23.0,2.7,2,0.0,2026-07-09 03:00:00+00:00
17.1,0.9,1,0.0,2026-07-10 03:00:00+00:00
14.0,1.9,2,0.0,2026-07-11 03:00:00+00:00
14.5,4.1,2,0.0,2026-07-12 03:00:00+00:00
20.2,2.6,6,0.0,2026-07-13 03:00:00+00:00
22.2,8.6,8,0.0,2026-07-14 03:00:00+00:00
24.3,8.2,2,0.0,2026-07-15 03:00:00+00:00
26.4,7.4,3,0.0,2026-07-16 03:00:00+00:00
23.9,12.9,2,0.0,2026-07-17 03:00:00+00:00
17.2,9.0,1,0.0,2026-07-18 03:00:00+00:00
13.8,9.8,1,0.0,2026-07-19 03:00:00+00:00
15.1,7.2,2,0.0,2026-07-20 03:00:00+00:00
9.6,3.4,1,0.0,2026-07-21 03:00:00+00:00
8.9,5.7,1,0.0,2026-07-22 03:00:00+00:00
14.9,7.3,4,0.0,2026-07-23 03:00:00+00:00
16.6,4.7,2,0.0,2026-07-24 03:00:00+00:00
21.3,3.1,4,0.0,2026-07-25 03:00:00+00:00
21.6,5.7,1,0.0,2026-07-26 03:00:00+00:00
31.6,8.5,3,0.0,2026-07-27 03:00:00+00:00
23.1,7.7,1,0.0,2026-07-28 03:00:00+00:00
17.0,12.1,2,0.0,2026-07-29 03:00:00+00:00
21.7,11.0,3,0.0,2026-07-30 03:00:00+00:00
26.8,16.4,5,0.0,2026-07-31 03:00:00+00:00
21.5,7.2,3,0.0,2026-08-01 03:00:00+00:00
24.4,4.8,5,0.0,2026-08-02 03:00:00+00:00
21.6,10.6,2,0.0,2026-08-03 03:00:00+00:00
17.3,13.5,1,0.0,2026-08-04 03:00:00+00:00
19.1,9.2,1,0.0,2026-08-05 03:00:00+00:00
21.6,3.2,5,0.0,2026-08-06 03:00:00+00:00
17.9,0.0,4,0.0,2026-08-07 03:00:00+00:00
13.8,0.4,3,0.0,2026-08-08 03:00:00+00:00
14.4,-4.0,2,0.0,2026-08-09 03:00:00+00:00
13.0,-2.2,2,0.0,2026-08-10 03:00:00+00:00
11.3,-0.7,1,0.0,2026-08-11 03:00:00+00:00
11.4,2.4,2,0.0,2026-08-12 03:00:00+00:00
12.9,1.9,2,0.0,2026-08-13 03:00:00+00:00
12.9,7.4,2,0.0,2026-08-14 03:00:00+00:00
15.5,6.7,3,0.0,2026-08-15 03:00:00+00:00
19.4,4.4,2,0.0,2026-08-16 03:00:00+00:00
14.3,6.4,2,0.0,2026-08-17 03:00:00+00:00
16.2,2.7,2,0.0,2026-08-18 03:00:00+00:00
18.8,0.2,1,0.0,2026-08-19 03:00:00+00:00
25.3,-1.6,1,0.0,2026-08-20 03:00:00+00:00
12.6,0.8,2,0.0,2026-08-21 03:00:00+00:00
16.7,1.5,2,0.0,2026-08-22 03:00:00+00:00
11.6,0.0,1,0.0,2026-08-23 03:00:00+00:00
19.3,7.9,2,0.0,2026-08-24 03:00:00+00:00
22.8,6.6,3,0.0,2026-08-25 03:00:00+00:00
26.8,10.2,5,0.0,2026-08-26 03:00:00+00:00
17.8,10.1,2,0.0,2026-08-27 03:00:00+00:00
20.1,5.2,2,0.0,2026-08-28 03:00:00+00:00
20.4,4.6,2,0.0,2026-08-29 03:00:00+00:00
22.4,4.1,2,0.0,2026-08-30 03:00:00+00:00
22.9,4.5,1,0.6,2026-08-31 03:00:00+00:00
23.0,4.1,0,0.0,2026-09-01 03:00:00+00:00
