avg_pressure,outTempMax,outTempMin,avg_outHumidity,avg_windSpeed,avg_windDir,total_rain,avg_dewpoint,avg_heatindex,dateTime
940,30.6,18.0,71.0,5,201.93347567345228,4.7,16.1,22.7,2023-01-01 03:00:00+00:00
941,31.9,13.3,47.0,3,189.89065761661138,0.0,8.1,23.4,2023-01-02 03:00:00+00:00
940,30.9,15.2,62.0,3,194.99082875281343,0.7,13.0,21.3,2023-01-03 03:00:00+00:00
943,34.1,16.0,55.0,3,209.9491891407916,0.0,11.5,24.5,2023-01-04 03:00:00+00:00
942,35.7,15.4,39.0,4,189.69909745128766,0.0,8.5,26.3,2023-01-05 03:00:00+00:00
943,36.5,16.7,36.0,4,216.90565591522568,0.0,6.8,27.1,2023-01-06 03:00:00+00:00
944,37.5,18.7,36.0,4,203.65625118031608,0.0,9.6,28.1,2023-01-07 03:00:00+00:00
944,37.0,20.1,36.0,3,194.0454506158766,0.0,9.4,28.7,2023-01-08 03:00:00+00:00
940,37.7,18.2,34.0,3,197.1174416201676,0.0,7.9,28.9,2023-01-09 03:00:00+00:00
938,39.3,19.6,31.0,3,181.68932993781405,0.0,7.2,29.8,2023-01-10 03:00:00+00:00
941,31.4,18.5,62.0,3,189.42124848348288,0.0,15.9,24.6,2023-01-11 03:00:00+00:00
940,21.5,15.7,83.0,4,209.3641107458739,0.9,15.7,18.6,2023-01-12 03:00:00+00:00
941,32.2,13.9,58.0,3,200.70372360118762,0.0,10.6,22.2,2023-01-13 03:00:00+00:00
939,35.6,14.0,42.0,4,206.64870853667594,0.0,7.2,25.2,2023-01-14 03:00:00+00:00
941,35.8,15.7,44.0,3,213.32508555432923,0.0,11.6,26.1,2023-01-15 03:00:00+00:00
941,36.0,20.1,39.0,4,196.35233202124238,0.0,9.8,27.7,2023-01-16 03:00:00+00:00
942,35.8,19.3,42.0,4,191.30471345013805,0.1,12.2,27.6,2023-01-17 03:00:00+00:00
945,34.8,18.9,62.0,4,176.72348817886126,0.4,16.9,25.5,2023-01-18 03:00:00+00:00
942,36.6,21.6,56.0,3,173.40042024913566,0.0,18.6,29.8,2023-01-19 03:00:00+00:00
935,41.3,21.8,58.0,7,222.51054410041053,0.0,19.0,30.4,2023-01-20 03:00:00+00:00
938,34.1,17.7,67.0,4,178.28681042714237,2.2,16.2,25.5,2023-01-21 03:00:00+00:00
939,34.1,18.7,71.0,3,200.9386565250004,1.3,18.6,25.2,2023-01-22 03:00:00+00:00
939,34.0,17.4,59.0,3,183.50562934023864,0.0,15.7,26.1,2023-01-23 03:00:00+00:00
937,33.4,20.3,60.0,5,209.23016316206827,0.0,17.0,26.2,2023-01-24 03:00:00+00:00
939,33.1,18.5,68.0,4,180.3991750721761,2.5,17.0,24.5,2023-01-25 03:00:00+00:00
936,33.4,19.7,70.0,4,181.24216810927263,0.0,19.8,27.5,2023-01-26 03:00:00+00:00
939,27.1,19.2,89.0,4,194.7939587743357,1.6,20.1,22.1,2023-01-27 03:00:00+00:00
943,30.9,17.5,74.0,3,188.3781510835792,0.0,18.3,23.9,2023-01-28 03:00:00+00:00
943,26.0,20.7,80.0,2,207.68563046760593,0.0,19.5,23.3,2023-01-29 03:00:00+00:00
939,33.4,19.7,70.0,3,204.35874722414633,0.2,18.8,25.5,2023-01-30 03:00:00+00:00
939,34.6,20.2,67.0,3,202.26821890805448,0.0,19.6,27.7,2023-01-31 03:00:00+00:00
941,32.3,18.7,75.0,5,206.89883935363886,0.7,18.9,24.3,2023-02-01 03:00:00+00:00
944,28.2,17.1,75.0,4,179.16809437059484,2.2,16.4,21.5,2023-02-02 03:00:00+00:00
945,27.7,18.0,71.0,5,199.51530368944174,0.2,16.5,22.3,2023-02-03 03:00:00+00:00
946,29.3,19.0,60.0,3,177.14060371881442,0.0,14.7,23.3,2023-02-04 03:00:00+00:00
941,34.9,15.7,56.0,4,187.7533501309121,0.0,13.8,25.2,2023-02-05 03:00:00+00:00
939,36.4,15.7,49.0,3,220.27930726999708,0.1,12.0,26.5,2023-02-06 03:00:00+00:00
939,37.6,18.3,51.0,4,206.86055500546234,0.0,14.6,28.0,2023-02-07 03:00:00+00:00
940,32.1,20.3,58.0,4,194.87531232857154,0.0,15.8,25.4,2023-02-08 03:00:00+00:00
940,35.3,20.7,55.0,4,165.80279273491,0.0,16.1,27.0,2023-02-09 03:00:00+00:00
940,35.0,17.9,55.0,4,194.27876640116926,0.0,15.2,27.0,2023-02-10 03:00:00+00:00
938,37.8,17.6,56.0,3,204.24463631213706,0.0,16.7,28.0,2023-02-11 03:00:00+00:00
934,39.2,21.8,52.0,4,238.21838360722228,0.0,18.0,30.7,2023-02-12 03:00:00+00:00
936,31.3,21.2,54.0,5,186.54425148693753,0.0,16.3,26.8,2023-02-13 03:00:00+00:00
937,32.6,19.5,62.0,5,187.40225475267718,0.0,17.0,25.6,2023-02-14 03:00:00+00:00
936,37.0,19.2,52.0,4,200.9650895293094,0.0,15.9,27.8,2023-02-15 03:00:00+00:00
935,27.1,14.5,61.0,8,175.2129616930505,1.0,12.1,21.2,2023-02-16 03:00:00+00:00
946,16.7,8.8,42.0,5,167.28017366011844,0.0,-0.3,13.1,2023-02-17 03:00:00+00:00
947,30.3,3.4,46.0,4,190.87439459616792,0.0,2.4,16.5,2023-02-18 03:00:00+00:00
944,21.6,15.2,61.0,2,240.70708292461717,0.0,10.1,17.8,2023-02-19 03:00:00+00:00
942,31.5,12.6,42.0,5,169.92060256472513,0.0,8.8,23.6,2023-02-20 03:00:00+00:00
941,34.2,15.0,44.0,4,192.34235039216944,0.0,9.7,24.3,2023-02-21 03:00:00+00:00
942,27.6,18.6,69.0,5,186.12961467135526,0.1,15.4,21.5,2023-02-22 03:00:00+00:00
941,31.0,16.6,59.0,4,185.24069429814728,0.0,14.4,23.7,2023-02-23 03:00:00+00:00
941,31.9,16.3,71.0,3,203.99698184974963,2.4,16.0,22.3,2023-02-24 03:00:00+00:00
938,32.4,15.2,67.0,3,201.39056225645112,0.0,14.9,22.7,2023-02-25 03:00:00+00:00
943,30.5,17.1,48.0,4,180.04913320679512,0.0,10.0,23.5,2023-02-26 03:00:00+00:00
944,36.2,14.6,49.0,3,205.5807051077209,0.0,12.0,25.3,2023-02-27 03:00:00+00:00
941,35.7,17.7,54.0,3,183.0089677315,0.0,15.7,27.0,2023-02-28 03:00:00+00:00
940,33.6,19.1,67.0,3,189.00534806042455,0.5,16.5,24.0,2023-03-01 03:00:00+00:00
940,37.3,16.4,53.0,3,205.59675044312226,0.0,11.4,26.2,2023-03-02 03:00:00+00:00
937,36.4,17.1,55.0,3,196.2822827827575,0.0,14.5,26.3,2023-03-03 03:00:00+00:00
940,36.8,18.4,54.0,3,207.4555152067311,0.0,14.9,27.2,2023-03-04 03:00:00+00:00
940,36.9,19.1,50.0,3,213.99899079305953,0.0,14.9,28.1,2023-03-05 03:00:00+00:00
937,34.0,18.2,65.0,5,213.39034483062864,3.5,16.9,25.1,2023-03-06 03:00:00+00:00
939,32.7,16.9,63.0,4,186.0139165438698,0.0,14.9,24.0,2023-03-07 03:00:00+00:00
939,36.7,16.7,57.0,3,235.91718850690827,0.0,14.7,26.2,2023-03-08 03:00:00+00:00
940,36.1,19.3,57.0,3,182.3204958534795,0.0,16.4,27.6,2023-03-09 03:00:00+00:00
940,38.9,18.8,55.0,4,200.6954361185765,0.0,16.8,28.3,2023-03-10 03:00:00+00:00
940,38.2,20.5,52.0,3,212.52578020993653,0.0,15.4,28.6,2023-03-11 03:00:00+00:00
940,37.1,21.2,48.0,4,186.044776119403,0.0,16.0,29.3,2023-03-12 03:00:00+00:00
940,36.3,21.4,46.0,4,196.32183074491545,0.0,15.3,29.4,2023-03-13 03:00:00+00:00
940,33.1,19.8,75.0,3,180.39541709717489,3.6,18.7,24.3,2023-03-14 03:00:00+00:00
941,34.1,20.3,67.0,4,195.24752690348146,0.0,19.1,26.9,2023-03-15 03:00:00+00:00
942,34.6,21.0,59.0,3,189.47626806450788,0.0,17.8,27.9,2023-03-16 03:00:00+00:00
942,35.8,19.3,54.0,3,206.7772943689065,0.0,15.0,27.2,2023-03-17 03:00:00+00:00
942,36.1,19.0,57.0,3,199.97968186827504,0.0,16.8,27.2,2023-03-18 03:00:00+00:00
941,34.9,20.8,69.0,5,182.7,0.0,20.2,27.8,2023-03-19 03:00:00+00:00
943,24.9,19.9,84.0,3,175.43089358347314,0.0,19.7,22.5,2023-03-20 03:00:00+00:00
943,23.7,18.9,90.0,4,180.54326834744268,0.0,19.4,21.1,2023-03-21 03:00:00+00:00
944,22.8,18.5,90.0,2,206.6423907562598,0.4,18.8,20.5,2023-03-22 03:00:00+00:00
944,24.5,19.3,91.0,2,159.7309164366359,8.6,19.8,21.4,2023-03-23 03:00:00+00:00
944,25.0,20.0,87.0,2,184.61411592866432,1.0,19.3,21.6,2023-03-24 03:00:00+00:00
944,29.3,18.8,76.0,4,184.52577724012258,0.0,18.5,23.7,2023-03-25 03:00:00+00:00
948,28.0,17.1,68.0,3,170.82211460259424,0.0,15.1,21.6,2023-03-26 03:00:00+00:00
941,30.6,16.7,67.0,3,179.8198350898557,0.0,16.2,23.4,2023-03-27 03:00:00+00:00
935,32.0,21.5,61.0,5,143.60354849018236,0.0,17.1,25.9,2023-03-28 03:00:00+00:00
939,27.0,17.1,54.0,7,168.61413887876037,0.0,12.4,23.3,2023-03-29 03:00:00+00:00
942,30.8,12.9,51.0,3,192.4223390460447,0.0,9.1,20.4,2023-03-30 03:00:00+00:00
949,21.4,15.1,67.0,5,179.04618281973066,0.0,11.8,18.8,2023-03-31 03:00:00+00:00
945,27.2,13.4,42.0,4,146.87007874015748,0.0,5.7,19.7,2023-04-01 03:00:00+00:00
940,19.6,15.9,88.0,2,204.05940594059405,0.1,15.9,18.1,2023-04-02 03:00:00+00:00
940,27.8,18.7,77.0,3,184.50027135223834,0.0,17.0,21.4,2023-04-03 03:00:00+00:00
944,25.8,17.6,78.0,3,168.1553348902802,0.0,15.9,20.1,2023-04-04 03:00:00+00:00
943,25.4,17.9,71.0,3,155.46609505947868,0.0,15.4,20.9,2023-04-05 03:00:00+00:00
943,28.3,16.1,71.0,2,172.21381560863864,0.0,16.1,22.0,2023-04-06 03:00:00+00:00
945,30.6,18.1,74.0,2,179.82814690683162,1.0,17.0,22.3,2023-04-07 03:00:00+00:00
944,30.4,16.2,71.0,3,182.46573008015784,0.0,16.2,22.6,2023-04-08 03:00:00+00:00
943,31.4,14.4,64.0,3,256.75398321087806,0.0,14.4,22.7,2023-04-09 03:00:00+00:00
943,29.4,14.4,63.0,2,187.24673928413506,0.0,14.2,22.3,2023-04-10 03:00:00+00:00
938,32.4,15.7,62.0,3,222.56869395338182,0.0,14.3,23.0,2023-04-11 03:00:00+00:00
942,23.5,13.1,66.0,5,170.02660214687052,0.0,12.2,19.2,2023-04-12 03:00:00+00:00
945,14.1,11.6,88.0,2,182.64702328509324,1.5,11.2,13.2,2023-04-13 03:00:00+00:00
945,19.0,11.8,69.0,3,149.8782620215201,0.0,8.2,14.2,2023-04-14 03:00:00+00:00
945,19.8,12.8,65.0,2,180.95059192520912,0.0,8.7,15.6,2023-04-15 03:00:00+00:00
943,23.1,12.7,76.0,3,188.11579823703246,0.1,11.9,16.5,2023-04-16 03:00:00+00:00
939,24.6,11.9,73.0,3,197.26318015926546,0.1,11.5,17.1,2023-04-17 03:00:00+00:00
938,26.6,8.0,53.0,3,204.97986265964997,0.0,5.5,16.5,2023-04-18 03:00:00+00:00
943,27.2,8.7,57.0,3,213.61491092123552,0.0,7.1,17.3,2023-04-19 03:00:00+00:00
944,27.3,8.9,61.0,2,203.76301385841802,0.0,8.9,17.8,2023-04-20 03:00:00+00:00
939,24.9,15.3,56.0,4,192.04196226489873,0.0,10.3,19.7,2023-04-21 03:00:00+00:00
945,26.1,14.0,64.0,2,190.31459979912407,0.0,11.1,18.6,2023-04-22 03:00:00+00:00
946,22.4,15.7,65.0,2,198.81735718218752,0.0,11.1,17.9,2023-04-23 03:00:00+00:00
945,22.2,13.8,75.0,2,181.74535909713697,0.0,12.8,17.5,2023-04-24 03:00:00+00:00
942,28.5,11.2,66.0,2,218.11800630575877,0.0,11.3,19.1,2023-04-25 03:00:00+00:00
943,30.4,9.8,65.0,2,230.481206107189,0.0,10.7,18.6,2023-04-26 03:00:00+00:00
941,30.9,9.9,60.0,3,234.71239369773474,0.0,9.6,19.5,2023-04-27 03:00:00+00:00
937,31.1,15.9,54.0,5,158.63963167307284,0.0,11.6,22.7,2023-04-28 03:00:00+00:00
933,32.0,20.9,58.0,7,91.58279530664258,0.0,15.5,24.7,2023-04-29 03:00:00+00:00
938,26.3,14.1,59.0,8,163.36500669822496,0.0,11.2,20.2,2023-04-30 03:00:00+00:00
948,21.2,12.9,26.0,3,190.91661806510083,0.0,-4.4,15.8,2023-05-01 03:00:00+00:00
947,21.5,12.2,39.0,3,209.9991709154434,0.0,0.8,15.6,2023-05-02 03:00:00+00:00
946,20.2,10.9,48.0,2,179.85501172090588,0.0,2.8,14.3,2023-05-03 03:00:00+00:00
944,20.4,9.4,60.0,2,218.1362675619881,0.0,5.7,13.7,2023-05-04 03:00:00+00:00
946,15.9,11.9,94.0,2,209.46597077844797,3.3,12.7,13.6,2023-05-05 03:00:00+00:00
942,23.5,10.1,79.0,2,222.59967624114552,0.0,10.4,14.8,2023-05-06 03:00:00+00:00
942,28.4,7.4,67.0,2,224.34769831492915,0.0,7.7,15.6,2023-05-07 03:00:00+00:00
947,26.4,7.4,65.0,2,227.3835865577723,0.0,7.7,15.5,2023-05-08 03:00:00+00:00
945,26.8,7.6,66.0,4,207.9804974872729,0.0,8.6,16.2,2023-05-09 03:00:00+00:00
948,25.1,8.9,69.0,3,207.14567798372002,0.0,10.4,16.8,2023-05-10 03:00:00+00:00
946,26.7,12.2,69.0,2,187.2868713881998,0.0,11.8,18.4,2023-05-11 03:00:00+00:00
945,28.6,9.1,66.0,3,186.85413995997283,0.0,10.3,17.7,2023-05-12 03:00:00+00:00
943,26.8,8.9,70.0,3,204.5225519150028,0.0,10.8,17.1,2023-05-13 03:00:00+00:00
943,33.8,9.2,66.0,2,230.93462542154614,0.0,10.1,18.2,2023-05-14 03:00:00+00:00
942,30.1,10.3,57.0,4,201.53770961176218,0.0,10.5,20.4,2023-05-15 03:00:00+00:00
939,29.6,14.6,55.0,5,162.67252360381514,0.0,13.0,22.9,2023-05-16 03:00:00+00:00
938,28.8,14.1,66.0,4,201.40890224536915,0.4,13.6,20.8,2023-05-17 03:00:00+00:00
945,24.7,10.2,72.0,3,202.8713971996682,0.0,9.7,15.7,2023-05-18 03:00:00+00:00
943,27.6,14.5,66.0,4,164.2011706771373,0.0,12.1,18.8,2023-05-19 03:00:00+00:00
946,17.3,12.6,78.0,4,165.12889548955923,0.0,10.1,14.0,2023-05-20 03:00:00+00:00
937,25.1,11.9,74.0,3,203.21584011430883,0.0,11.5,16.3,2023-05-21 03:00:00+00:00
938,26.2,12.1,71.0,3,163.8304248451887,0.0,13.0,18.7,2023-05-22 03:00:00+00:00
938,25.0,15.4,70.0,7,129.5040503300677,0.0,13.6,19.6,2023-05-23 03:00:00+00:00
937,27.6,15.2,75.0,3,200.4468772050995,0.0,15.3,20.2,2023-05-24 03:00:00+00:00
936,26.7,18.0,87.0,2,184.1477832472403,0.1,18.0,20.3,2023-05-25 03:00:00+00:00
938,21.0,16.5,86.0,4,184.26850105283086,0.0,15.7,18.2,2023-05-26 03:00:00+00:00
952,16.8,8.9,68.0,5,176.31216234021463,0.2,5.7,11.7,2023-05-27 03:00:00+00:00
951,18.6,6.2,52.0,3,174.92455637821692,0.0,1.4,11.3,2023-05-28 03:00:00+00:00
946,17.5,8.3,60.0,4,119.57506221048622,0.0,5.5,13.2,2023-05-29 03:00:00+00:00
944,22.6,6.0,71.0,2,188.50528689779108,0.0,8.3,14.0,2023-05-30 03:00:00+00:00
941,13.3,12.2,83.0,5,91.28194748722086,0.0,10.2,12.9,2023-05-31 03:00:00+00:00
950,20.5,11.8,24.0,5,171.1184210526316,0.0,-4.8,16.0,2023-09-29 03:00:00+00:00
947,26.2,9.7,37.0,3,184.0909090909091,0.0,0.7,16.5,2023-09-30 03:00:00+00:00
941,29.3,7.0,41.0,4,198.80859375,0.0,2.9,18.6,2023-10-01 03:00:00+00:00
935,31.6,10.0,36.0,4,193.7603305785124,0.0,3.9,21.1,2023-10-02 03:00:00+00:00
937,23.9,10.6,54.0,6,202.6906779661017,0.0,6.3,16.2,2023-10-03 03:00:00+00:00
943,24.3,6.3,44.0,4,157.2680412371134,0.0,0.3,15.3,2023-10-04 03:00:00+00:00
936,29.1,5.0,34.0,4,181.6822429906542,0.0,-1.0,17.2,2023-10-05 03:00:00+00:00
938,30.2,8.6,35.0,4,200.18691588785046,0.0,0.7,17.8,2023-10-06 03:00:00+00:00
946,29.1,9.1,32.0,3,164.50471698113208,0.0,0.5,19.5,2023-10-07 03:00:00+00:00
943,32.8,8.9,33.0,3,171.08490566037736,0.0,1.4,21.1,2023-10-08 03:00:00+00:00
941,33.7,11.2,29.0,4,172.6293103448276,0.0,1.4,23.6,2023-10-09 03:00:00+00:00
935,37.8,13.1,27.0,6,170.10775862068965,0.0,2.8,25.3,2023-10-10 03:00:00+00:00
947,20.6,11.5,30.0,9,168.43309859154928,0.0,-1.3,17.0,2023-10-11 03:00:00+00:00
949,21.7,5.9,34.0,4,189.51030927835052,0.0,-2.0,13.9,2023-10-12 03:00:00+00:00
947,24.3,6.8,36.0,4,182.19026548672565,0.0,-1.5,15.6,2023-10-13 03:00:00+00:00
943,27.6,7.3,34.0,5,191.86363636363637,0.0,0.2,17.9,2023-10-14 03:00:00+00:00
940,32.2,10.1,30.0,4,177.12765957446808,0.0,1.7,22.4,2023-10-15 03:00:00+00:00
939,29.3,16.9,37.0,7,187.92857142857142,0.0,7.2,23.5,2023-10-16 03:00:00+00:00
948,26.0,16.0,36.0,5,158.94,0.0,3.2,19.9,2023-10-17 03:00:00+00:00
946,18.2,13.2,40.0,2,159.19811320754718,0.0,1.4,15.3,2023-10-18 03:00:00+00:00
945,30.0,10.7,43.0,3,174.22018348623854,0.0,4.9,19.9,2023-10-19 03:00:00+00:00
942,30.9,11.3,45.0,4,181.1344537815126,0.0,8.5,22.0,2023-10-20 03:00:00+00:00
938,36.0,20.6,58.0,3,148.125,0.0,17.1,27.3,2023-10-21 03:00:00+00:00
939,27.3,18.1,69.0,6,185.8464566929134,0.2,16.4,22.5,2023-10-22 03:00:00+00:00
941,26.1,14.3,85.0,4,177.21238938053096,0.3,17.5,20.2,2023-10-23 03:00:00+00:00
945,21.3,13.9,74.0,4,152.24452554744525,0.0,12.0,17.0,2023-10-24 03:00:00+00:00
942,22.6,14.8,77.0,2,148.37264150943398,0.0,13.2,17.5,2023-10-25 03:00:00+00:00
936,29.3,15.7,60.0,4,127.95454545454545,0.0,12.6,21.6,2023-10-26 03:00:00+00:00
933,33.1,15.2,60.0,5,197.17916024491777,0.6,12.2,21.7,2023-10-27 03:00:00+00:00
930,35.6,13.3,51.0,4,212.3539829844233,0.0,10.1,24.5,2023-10-28 03:00:00+00:00
930,38.2,21.6,32.0,6,229.4228393082576,0.0,7.8,29.2,2023-10-29 03:00:00+00:00
942,24.6,10.2,44.0,9,182.8011643238867,0.0,3.7,17.1,2023-10-30 03:00:00+00:00
944,23.2,9.4,49.0,6,167.0329858587703,0.0,4.8,16.8,2023-10-31 03:00:00+00:00
943,11.2,8.8,92.0,5,174.8201106286447,0.2,8.4,9.7,2023-11-01 03:00:00+00:00
941,17.7,7.4,79.0,6,170.859375,0.0,7.9,11.7,2023-11-02 03:00:00+00:00
945,26.4,4.5,50.0,5,176.9318181818182,0.0,2.8,15.5,2023-11-03 03:00:00+00:00
942,29.1,8.0,45.0,4,165.3846153846154,0.0,5.1,19.5,2023-11-04 03:00:00+00:00
938,32.2,11.5,42.0,5,177.57692307692307,0.0,6.9,22.3,2023-11-05 03:00:00+00:00
939,34.8,12.8,39.0,5,183.34710743801654,0.0,6.8,25.0,2023-11-06 03:00:00+00:00
935,41.7,16.1,34.0,8,209.8854961832061,0.0,8.0,28.3,2023-11-07 03:00:00+00:00
942,31.4,17.9,21.0,5,163.7937062937063,0.0,-1.4,23.7,2023-11-08 03:00:00+00:00
942,29.5,14.3,24.0,4,177.35294117647058,0.0,-0.6,22.4,2023-11-09 03:00:00+00:00
932,33.1,20.0,53.0,3,185.96938775510205,0.0,13.8,24.8,2023-11-10 03:00:00+00:00
933,34.8,17.5,34.0,5,145.62992125984252,0.0,5.8,26.3,2023-11-11 03:00:00+00:00
939,23.6,14.4,39.0,8,173.36330935251797,0.0,3.6,19.3,2023-11-12 03:00:00+00:00
940,28.6,11.0,33.0,5,186.4748201438849,0.0,1.5,19.1,2023-11-13 03:00:00+00:00
938,29.5,12.5,56.0,3,182.19026548672565,0.0,10.3,20.8,2023-11-14 03:00:00+00:00
934,32.1,15.8,48.0,4,184.67307692307693,0.0,11.0,23.1,2023-11-15 03:00:00+00:00
936,29.6,13.9,48.0,5,159.9579831932773,1.5,6.9,21.5,2023-11-16 03:00:00+00:00
928,34.9,15.0,41.0,6,222.82894736842104,0.0,7.3,25.6,2023-11-17 03:00:00+00:00
938,27.7,17.1,28.0,7,149.3933823529412,0.0,0.7,21.9,2023-11-18 03:00:00+00:00
941,33.0,13.4,35.0,4,170.3048780487805,0.0,6.0,23.3,2023-11-19 03:00:00+00:00
935,39.3,16.3,37.0,5,193.84615384615384,0.0,9.6,28.0,2023-11-20 03:00:00+00:00
935,31.3,17.6,53.0,5,187.2391304347826,2.2,13.6,24.5,2023-11-21 03:00:00+00:00
940,31.3,16.3,49.0,5,149.08536585365854,0.0,10.8,24.0,2023-11-22 03:00:00+00:00
946,31.8,17.4,38.0,5,165.6,0.0,8.8,25.9,2023-11-23 03:00:00+00:00
950,31.1,17.6,35.0,3,169.91379310344828,0.0,5.3,23.9,2023-11-24 03:00:00+00:00
944,33.3,17.6,36.0,4,171.375,0.0,7.6,25.2,2023-11-25 03:00:00+00:00
940,35.7,16.1,38.0,3,148.28571428571428,0.0,8.5,26.6,2023-11-26 03:00:00+00:00
939,36.2,19.2,49.0,3,142.64563106796118,0.0,15.1,27.9,2023-11-27 03:00:00+00:00
936,35.6,21.6,53.0,5,142.40584701443308,0.0,17.9,29.7,2023-11-28 03:00:00+00:00
940,26.5,17.5,79.0,6,183.08136175380832,3.6,16.3,20.3,2023-11-29 03:00:00+00:00
938,29.5,18.0,76.0,2,168.9945652173913,0.2,17.0,21.7,2023-11-30 03:00:00+00:00
935,36.0,21.9,62.0,5,177.6219512195122,0.0,18.1,27.0,2023-12-01 03:00:00+00:00
937,33.6,19.6,55.0,4,158.625,0.1,13.7,26.4,2023-12-02 03:00:00+00:00
941,32.1,19.0,59.0,4,198.31858407079645,0.0,16.5,26.2,2024-01-02 03:00:00+00:00
942,33.1,21.5,58.0,4,182.66666666666666,0.2,16.5,26.3,2024-01-03 03:00:00+00:00
942,34.4,17.4,63.0,4,175.2731092436975,0.9,18.4,27.4,2024-01-04 03:00:00+00:00
940,33.9,21.4,59.0,4,175.0,0.0,17.9,27.7,2024-01-05 03:00:00+00:00
937,27.1,20.1,73.0,4,182.78925619834712,0.3,18.6,23.8,2024-01-06 03:00:00+00:00
937,30.5,18.0,77.0,3,158.1081081081081,3.1,18.1,23.0,2024-01-07 03:00:00+00:00
938,31.1,20.4,68.0,3,150.64285714285714,0.0,18.2,25.2,2024-01-08 03:00:00+00:00
939,30.5,20.2,81.0,2,192.1764705882353,1.7,19.8,23.4,2024-01-09 03:00:00+00:00
939,31.6,19.4,72.0,3,159.0,0.5,19.0,25.0,2024-01-10 03:00:00+00:00
944,28.6,18.0,76.0,3,195.9375,0.2,16.7,21.3,2024-01-11 03:00:00+00:00
942,31.2,18.6,72.0,2,181.04166666666666,0.1,18.1,24.1,2024-01-12 03:00:00+00:00
939,33.1,23.1,58.0,3,136.875,0.0,18.4,28.4,2024-01-13 03:00:00+00:00
941,30.9,20.3,55.0,5,179.8170731707317,0.1,14.1,25.4,2024-01-14 03:00:00+00:00
939,34.3,18.5,55.0,4,167.7439024390244,0.0,14.7,25.9,2024-01-15 03:00:00+00:00
938,29.0,18.5,75.0,7,174.12313432835822,0.0,18.1,23.1,2024-01-16 03:00:00+00:00
944,31.4,15.6,60.0,3,156.7436974789916,0.0,14.2,23.9,2024-01-17 03:00:00+00:00
939,33.1,17.0,58.0,3,196.77966101694915,0.0,15.6,25.8,2024-01-18 03:00:00+00:00
943,33.2,21.8,48.0,4,185.15267175572518,0.0,14.0,27.2,2024-01-19 03:00:00+00:00
943,31.1,18.0,56.0,3,185.66666666666666,0.0,14.8,24.4,2024-01-20 03:00:00+00:00
945,31.4,20.2,50.0,2,151.4189189189189,0.0,12.2,23.8,2024-01-21 03:00:00+00:00
947,32.0,15.1,52.0,3,191.9758064516129,0.0,11.9,23.7,2024-01-22 03:00:00+00:00
945,32.0,15.2,49.0,3,181.8609022556391,0.0,11.2,24.1,2024-01-23 03:00:00+00:00
943,33.3,15.9,47.0,4,176.2795275590551,0.0,11.8,25.2,2024-01-24 03:00:00+00:00
943,33.9,17.7,47.0,4,180.74380165289256,0.0,13.0,26.1,2024-01-25 03:00:00+00:00
944,33.5,17.2,49.0,4,178.11068702290078,0.0,13.4,25.9,2024-01-26 03:00:00+00:00
943,33.0,16.7,48.0,5,166.04651162790697,0.0,12.7,25.6,2024-01-27 03:00:00+00:00
942,33.7,18.3,49.0,5,151.04651162790697,0.0,14.0,26.6,2024-01-28 03:00:00+00:00
941,37.0,18.5,46.0,4,167.67857142857142,0.0,14.1,28.4,2024-01-29 03:00:00+00:00
941,37.2,20.2,48.0,4,167.47782516252434,0.0,15.7,29.0,2024-01-30 03:00:00+00:00
942,38.0,23.4,43.0,4,177.91965467340313,0.0,14.4,30.0,2024-01-31 03:00:00+00:00
945,33.4,22.2,60.0,2,195.49119266724318,0.0,16.8,25.6,2024-02-01 03:00:00+00:00
937,41.3,18.5,60.0,6,193.26923076923077,0.0,21.0,32.6,2024-03-12 03:00:00+00:00
937,30.6,22.9,81.0,4,167.6978417266187,0.0,21.9,26.2,2024-03-13 03:00:00+00:00
938,25.0,22.0,91.0,3,187.0183486238532,0.3,21.8,23.4,2024-03-14 03:00:00+00:00
937,25.6,21.2,87.0,2,168.1701030927835,0.0,20.3,22.6,2024-03-15 03:00:00+00:00
936,28.0,21.4,86.0,4,181.27358490566039,0.0,20.6,23.5,2024-03-16 03:00:00+00:00
938,28.6,21.1,80.0,3,145.22727272727272,0.1,20.1,24.4,2024-03-17 03:00:00+00:00
936,34.6,22.5,74.0,3,156.26146788990826,0.0,21.3,27.9,2024-03-18 03:00:00+00:00
935,35.3,23.5,76.0,3,161.11607142857142,0.0,22.5,29.3,2024-03-19 03:00:00+00:00
930,41.5,18.6,63.0,7,162.0796460176991,0.0,18.4,29.4,2024-03-20 03:00:00+00:00
947,26.6,15.3,41.0,5,174.9820143884892,0.0,4.8,20.0,2024-03-21 03:00:00+00:00
949,27.2,12.6,50.0,4,153.94736842105263,0.0,8.0,19.8,2024-03-22 03:00:00+00:00
943,32.2,12.0,57.0,4,188.03571428571428,0.0,11.3,21.3,2024-03-23 03:00:00+00:00
943,33.5,13.6,61.0,3,200.34,0.0,13.8,23.4,2024-03-24 03:00:00+00:00
945,33.5,20.3,63.0,3,166.08050847457628,0.0,17.4,25.7,2024-03-25 03:00:00+00:00
943,33.2,22.0,67.0,3,142.6209677419355,0.0,19.0,26.4,2024-03-26 03:00:00+00:00
943,32.5,20.5,75.0,2,145.86206896551724,2.8,19.2,24.4,2024-03-27 03:00:00+00:00
945,33.3,19.5,72.0,3,170.47297297297297,0.1,18.4,24.6,2024-03-28 03:00:00+00:00
942,34.6,17.3,62.0,3,171.8362831858407,0.0,16.2,25.5,2024-03-29 03:00:00+00:00
941,35.9,17.8,60.0,4,187.1341463414634,0.0,16.5,26.1,2024-03-30 03:00:00+00:00
943,29.5,18.5,44.0,4,165.3832116788321,0.0,8.7,22.1,2024-03-31 03:00:00+00:00
944,25.1,15.4,55.0,5,176.3556338028169,0.0,9.1,18.7,2024-04-01 03:00:00+00:00
940,27.6,14.4,55.0,3,151.5137614678899,0.0,9.7,20.0,2024-04-02 03:00:00+00:00
939,29.2,16.1,73.0,5,156.5546218487395,0.0,16.0,21.5,2024-04-03 03:00:00+00:00
944,31.3,12.0,54.0,2,201.23831775700936,0.0,8.0,20.3,2024-04-04 03:00:00+00:00
946,30.7,11.7,63.0,2,191.52892561983472,0.0,12.8,20.8,2024-04-05 03:00:00+00:00
942,21.0,14.9,90.0,2,180.9375,1.3,16.4,18.2,2024-04-06 03:00:00+00:00
942,28.7,12.2,82.0,2,196.25,0.0,15.0,18.8,2024-04-07 03:00:00+00:00
939,28.9,13.1,73.0,3,179.8125,0.0,14.8,20.7,2024-04-08 03:00:00+00:00
942,28.4,14.0,74.0,5,188.0859375,0.0,14.4,19.8,2024-04-09 03:00:00+00:00
947,18.8,9.3,90.0,6,176.5057022721449,0.0,12.2,13.9,2024-04-10 03:00:00+00:00
949,12.3,8.8,89.0,3,191.30381109415222,0.1,9.1,10.9,2024-04-11 03:00:00+00:00
946,14.5,11.5,96.0,3,203.50536146081646,1.5,11.9,12.6,2024-04-12 03:00:00+00:00
941,16.0,12.1,96.0,1,214.7281333445853,0.5,12.9,13.6,2024-04-13 03:00:00+00:00
939,21.7,12.6,81.0,2,180.94866398033187,0.1,13.0,16.5,2024-04-14 03:00:00+00:00
935,24.7,13.9,80.0,2,158.07019584819895,0.9,13.7,17.5,2024-04-15 03:00:00+00:00
941,27.9,12.7,56.0,2,163.9140125632187,0.0,8.8,18.8,2024-04-16 03:00:00+00:00
945,28.8,8.9,64.0,4,185.26498338287442,0.0,9.9,18.0,2024-04-17 03:00:00+00:00
945,19.9,10.1,84.0,2,245.69600803192597,0.0,9.8,12.6,2024-04-18 03:00:00+00:00
936,22.8,16.0,79.0,5,173.38235294117646,0.1,15.6,19.4,2024-04-26 03:00:00+00:00
941,21.4,14.2,69.0,3,165.05859375,0.1,10.2,16.6,2024-04-27 03:00:00+00:00
938,23.1,9.2,59.0,3,186.58536585365854,0.0,6.5,16.1,2024-04-28 03:00:00+00:00
931,30.8,11.4,71.0,4,163.29545454545453,0.0,13.7,19.6,2024-04-29 03:00:00+00:00
934,30.1,13.5,68.0,4,177.7996947016677,0.0,13.0,19.9,2024-04-30 03:00:00+00:00
939,22.5,10.2,73.0,4,187.6869033719623,0.4,10.9,16.0,2024-05-01 03:00:00+00:00
943,18.3,8.6,61.0,4,190.93662174351,0.0,4.8,12.5,2024-05-02 03:00:00+00:00
942,11.6,10.2,73.0,1,194.11835632944056,0.0,6.0,10.7,2024-05-03 03:00:00+00:00
936,20.8,10.4,41.0,9,97.0890410958904,0.0,2.8,16.4,2024-05-20 03:00:00+00:00
940,18.9,5.4,67.0,3,181.73076923076923,0.0,5.1,11.5,2024-05-21 03:00:00+00:00
941,15.3,7.4,79.0,2,178.73831775700936,0.0,7.1,10.8,2024-05-22 03:00:00+00:00
945,10.8,7.3,87.0,4,194.7523598645878,0.1,7.5,9.6,2024-05-23 03:00:00+00:00
952,10.7,5.9,76.0,3,174.2597974886852,0.0,3.8,7.9,2024-05-24 03:00:00+00:00
953,10.6,5.8,74.0,3,157.77093864567337,0.0,2.6,7.1,2024-05-25 03:00:00+00:00
951,7.7,4.6,61.0,3,133.11835731643086,0.0,-1.0,6.0,2024-05-26 03:00:00+00:00
952,14.0,0.3,67.0,2,209.39729423734192,0.0,0.7,6.9,2024-05-27 03:00:00+00:00
949,19.2,-0.5,67.0,3,184.66158361828047,0.0,1.1,7.8,2024-05-28 03:00:00+00:00
944,20.8,7.4,46.0,6,165.3068178249393,0.0,1.2,13.4,2024-05-29 03:00:00+00:00
945,23.7,2.6,59.0,2,225.14308493285256,0.0,2.0,11.2,2024-05-30 03:00:00+00:00
942,21.6,3.5,66.0,5,136.46341463414635,0.0,5.4,12.5,2024-05-31 03:00:00+00:00
940,26.5,7.8,56.0,3,170.02173913043478,0.0,6.3,16.3,2024-06-01 03:00:00+00:00
945,14.7,7.0,59.0,4,193.8785046728972,0.0,1.2,10.0,2024-06-02 03:00:00+00:00
953,14.5,6.6,44.0,4,150.86065573770492,0.0,-1.9,9.9,2024-06-03 03:00:00+00:00
945,17.6,4.2,57.0,2,167.05188679245282,0.0,1.9,10.4,2024-06-04 03:00:00+00:00
940,23.6,5.1,64.0,3,196.69858470091722,0.0,5.7,13.1,2024-06-05 03:00:00+00:00
941,29.6,7.3,70.0,2,224.97358340327057,0.0,9.7,16.1,2024-06-06 03:00:00+00:00
942,26.5,9.6,82.0,1,208.30790705199647,0.0,12.5,15.9,2024-06-07 03:00:00+00:00
936,26.7,12.4,81.0,1,231.37232021033117,0.0,13.8,17.4,2024-06-08 03:00:00+00:00
935,28.5,12.7,58.0,4,186.84229354037657,0.0,9.8,19.5,2024-06-09 03:00:00+00:00
942,22.5,6.1,56.0,2,208.32685021358242,0.0,3.0,13.4,2024-06-10 03:00:00+00:00
939,27.4,5.3,64.0,2,211.91891155047247,0.0,7.3,14.4,2024-06-11 03:00:00+00:00
933,27.3,12.5,69.0,6,145.29236128733672,0.0,14.4,20.7,2024-06-12 03:00:00+00:00
927,31.4,18.0,61.0,8,166.25307988965622,0.0,15.4,23.8,2024-06-13 03:00:00+00:00
937,22.3,13.4,55.0,6,192.78776978417267,0.0,7.6,17.8,2024-06-14 03:00:00+00:00
945,20.9,7.0,53.0,2,207.8323157548483,0.0,2.7,13.7,2024-06-15 03:00:00+00:00
945,23.5,9.7,42.0,2,216.08164650701804,0.0,0.8,14.9,2024-06-16 03:00:00+00:00
937,22.7,4.9,62.0,4,170.87006665921712,0.0,5.8,13.1,2024-06-17 03:00:00+00:00
932,26.5,6.9,65.0,4,165.14070248679403,0.0,8.9,16.3,2024-06-18 03:00:00+00:00
941,17.5,7.2,74.0,3,195.0635593220339,0.0,6.9,11.6,2024-06-19 03:00:00+00:00
940,21.4,8.0,71.0,2,196.17977528089887,0.0,7.7,13.1,2024-06-20 03:00:00+00:00
933,25.6,9.2,83.0,2,206.73529411764707,0.0,12.0,15.1,2024-06-21 03:00:00+00:00
935,23.5,14.4,82.0,3,178.09322033898306,0.0,13.2,16.5,2024-06-22 03:00:00+00:00
944,14.8,6.5,65.0,6,159.47080291970804,0.1,2.3,9.5,2024-06-23 03:00:00+00:00
949,11.9,6.3,47.0,4,177.80075187969925,0.0,-2.1,8.9,2024-06-24 03:00:00+00:00
949,11.4,3.4,68.0,3,166.65929203539824,0.0,1.3,7.1,2024-06-25 03:00:00+00:00
944,21.6,-1.0,55.0,3,182.09745762711864,0.0,-1.6,9.1,2024-06-26 03:00:00+00:00
935,25.3,3.8,35.0,6,173.02325581395348,0.0,-4.1,14.5,2024-06-27 03:00:00+00:00
946,17.6,3.9,34.0,5,180.0,0.0,-4.9,11.1,2024-06-28 03:00:00+00:00
951,17.9,-1.5,44.0,3,194.72009699328171,0.0,-5.8,7.1,2024-06-29 03:00:00+00:00
944,20.5,3.4,36.0,7,113.03786417596476,0.0,-3.8,11.8,2024-06-30 03:00:00+00:00
943,23.5,0.9,48.0,2,245.95282693739014,0.0,-1.9,10.2,2024-07-01 03:00:00+00:00
940,28.3,2.5,48.0,2,239.7395781381683,0.0,-0.1,12.7,2024-07-02 03:00:00+00:00
944,18.9,5.3,49.0,2,212.94771883187977,0.0,-1.3,10.4,2024-07-03 03:00:00+00:00
945,16.6,1.6,44.0,4,198.2944752045157,0.0,-4.1,8.1,2024-07-04 03:00:00+00:00
951,15.2,5.4,35.0,3,203.23634837253263,0.0,-5.5,9.4,2024-07-05 03:00:00+00:00
949,15.6,4.5,35.0,3,180.57264517507238,0.0,-6.5,8.8,2024-07-06 03:00:00+00:00
953,12.7,-0.4,44.0,3,197.89503012441364,0.0,-6.9,5.4,2024-07-07 03:00:00+00:00
953,11.8,-3.2,51.0,3,218.03494999551566,0.0,-6.3,3.0,2024-07-08 03:00:00+00:00
950,12.2,-0.1,60.0,2,191.0507431394139,0.0,-3.1,4.4,2024-07-09 03:00:00+00:00
946,9.2,1.4,59.0,2,181.1927343638997,0.0,-3.0,4.7,2024-07-10 03:00:00+00:00
949,13.8,-3.3,52.0,3,228.06715825927697,0.0,-5.7,4.4,2024-07-11 03:00:00+00:00
957,15.7,-3.0,51.0,3,214.36209658614726,0.0,-5.1,5.3,2024-07-12 03:00:00+00:00
955,17.5,-2.8,52.0,3,210.73337496368583,0.0,-4.7,5.6,2024-07-13 03:00:00+00:00
952,18.3,-3.4,53.0,3,224.21261562851814,0.0,-4.0,6.0,2024-07-14 03:00:00+00:00
951,21.4,-2.4,56.0,3,206.48867745057166,0.0,-2.0,7.7,2024-07-15 03:00:00+00:00
949,20.5,2.2,64.0,4,140.7933901994955,0.0,2.8,10.0,2024-07-16 03:00:00+00:00
947,23.7,-0.1,60.0,2,197.545871559633,0.0,1.0,10.0,2024-07-17 03:00:00+00:00
940,25.8,12.3,44.0,7,137.25,0.0,4.4,17.2,2024-07-18 03:00:00+00:00
951,14.9,6.0,67.0,5,182.0300751879699,0.0,4.9,11.3,2024-07-19 03:00:00+00:00
948,9.4,5.8,93.0,3,177.13983050847457,0.1,6.2,7.3,2024-07-20 03:00:00+00:00
947,9.8,6.8,94.0,3,174.10194174757282,0.0,7.7,8.7,2024-07-21 03:00:00+00:00
947,22.2,6.2,80.0,2,164.27710843373495,0.0,8.7,12.6,2024-07-22 03:00:00+00:00
941,23.0,6.5,71.0,4,201.95370370057722,0.0,7.7,13.8,2024-07-23 03:00:00+00:00
944,25.3,7.3,52.0,4,202.7855743153762,0.0,2.3,14.9,2024-07-24 03:00:00+00:00
945,27.0,2.8,41.0,3,203.18198684209156,0.0,-2.1,14.1,2024-07-25 03:00:00+00:00
944,25.7,4.4,39.0,3,230.30934277056784,0.0,-1.2,14.1,2024-07-26 03:00:00+00:00
946,22.1,4.1,52.0,3,199.46535624242176,0.0,2.3,12.9,2024-07-27 03:00:00+00:00
951,16.2,7.0,53.0,4,185.37422899926128,0.0,0.7,11.1,2024-07-28 03:00:00+00:00
955,17.0,5.2,38.0,3,184.98499752238106,0.0,-3.5,10.6,2024-07-29 03:00:00+00:00
945,20.9,1.6,47.0,4,213.96139025600016,0.0,-1.8,10.5,2024-07-30 03:00:00+00:00
936,22.6,10.2,51.0,6,152.09166679246712,0.0,5.7,16.1,2024-07-31 03:00:00+00:00
930,26.3,11.9,69.0,4,178.53868667443658,0.0,12.3,18.4,2024-08-01 03:00:00+00:00
925,23.5,14.5,71.0,4,166.78829768949336,0.0,13.4,19.2,2024-08-02 03:00:00+00:00
941,19.0,8.0,54.0,10,164.609756097561,0.0,4.7,13.8,2024-08-06 03:00:00+00:00
945,16.0,4.0,49.0,2,193.328,0.0,-2.7,8.5,2024-08-07 03:00:00+00:00
949,15.0,1.0,41.0,4,169.95652173913044,0.0,-4.5,7.7,2024-08-08 03:00:00+00:00
950,20.0,-2.0,43.0,2,224.08391608391608,0.0,-5.1,7.2,2024-08-09 03:00:00+00:00
943,23.0,0.0,35.0,4,178.2,0.0,-5.4,11.0,2024-08-10 03:00:00+00:00
949,20.0,3.0,35.0,2,196.11851851851853,0.0,-4.1,11.3,2024-08-11 03:00:00+00:00
950,22.0,0.0,34.0,2,203.03846153846155,0.0,-5.2,10.5,2024-08-12 03:00:00+00:00
943,22.0,10.0,26.0,8,92.93984962406014,0.0,-4.1,14.9,2024-08-13 03:00:00+00:00
939,26.0,5.0,30.0,5,158.67391304347825,0.0,-2.6,16.0,2024-08-14 03:00:00+00:00
941,26.0,4.0,39.0,2,230.91666666666666,0.0,-0.5,14.4,2024-08-15 03:00:00+00:00
944,21.0,6.0,56.0,4,223.05109489051094,0.0,2.8,11.9,2024-08-16 03:00:00+00:00
943,21.0,7.0,57.0,3,188.35433070866142,0.0,4.8,13.7,2024-08-17 03:00:00+00:00
942,22.0,6.0,63.0,5,185.46923076923076,0.0,4.5,12.1,2024-08-18 03:00:00+00:00
946,13.0,9.0,79.0,5,178.29861111111111,0.0,7.0,10.6,2024-08-19 03:00:00+00:00
945,12.0,7.0,91.0,3,170.25531914893617,0.0,7.8,9.2,2024-08-20 03:00:00+00:00
940,13.0,5.0,87.0,5,181.01459854014598,0.0,6.2,8.4,2024-08-21 03:00:00+00:00
944,15.0,3.0,77.0,5,160.12230215827338,0.0,2.7,7.1,2024-08-22 03:00:00+00:00
947,16.0,1.0,58.0,3,179.45864661654136,0.0,-1.2,7.5,2024-08-23 03:00:00+00:00
953,15.0,2.0,54.0,3,163.47142857142856,0.0,-0.3,8.0,2024-08-24 03:00:00+00:00
954,19.0,-1.0,47.0,3,192.6171875,0.0,-2.8,8.4,2024-08-25 03:00:00+00:00
947,21.0,3.0,44.0,4,184.04255319148936,0.0,-0.4,12.3,2024-08-26 03:00:00+00:00
948,23.0,2.0,45.0,3,208.97826086956522,0.0,-0.6,11.7,2024-08-27 03:00:00+00:00
948,9.0,5.0,55.0,2,256.77777777777777,0.0,-0.4,7.1,2024-08-28 03:00:00+00:00
940,30.0,17.0,19.0,5,166.65625,0.0,-1.1,25.0,2024-10-04 03:00:00+00:00
942,33.0,10.0,33.0,3,200.24460431654677,0.0,2.1,21.7,2024-10-05 03:00:00+00:00
942,30.0,17.0,37.0,3,166.748031496063,0.0,7.8,24.0,2024-10-06 03:00:00+00:00
940,23.0,15.0,78.0,2,181.00877192982455,0.0,13.5,18.0,2024-10-07 03:00:00+00:00
944,20.0,14.0,85.0,5,178.68115942028984,0.0,13.3,16.0,2024-10-08 03:00:00+00:00
947,16.0,13.0,92.0,2,187.02479338842974,0.0,12.9,13.9,2024-10-09 03:00:00+00:00
941,27.0,12.0,72.0,2,192.36,0.0,11.6,17.8,2024-10-10 03:00:00+00:00
938,30.0,11.0,58.0,2,204.07042253521126,112.0,10.3,20.8,2024-10-11 03:00:00+00:00
943,24.0,15.0,58.0,4,174.25352112676057,0.0,10.7,19.2,2024-10-12 03:00:00+00:00
946,18.0,14.0,88.0,4,181.57251908396947,0.0,13.4,15.4,2024-10-13 03:00:00+00:00
944,24.0,15.0,81.0,2,187.25714285714287,0.0,15.6,19.0,2024-10-14 03:00:00+00:00
944,25.0,16.0,84.0,3,156.7153846153846,0.0,16.6,19.4,2024-10-15 03:00:00+00:00
940,29.0,15.0,71.0,3,178.91735537190084,0.0,15.4,21.5,2024-10-16 03:00:00+00:00
941,26.0,16.0,80.0,3,190.97744360902254,0.0,15.8,19.5,2024-10-17 03:00:00+00:00
944,29.0,14.0,70.0,3,185.8031496062992,0.0,13.5,20.2,2024-10-18 03:00:00+00:00
938,34.0,13.0,56.0,4,185.4496124031008,0.0,12.0,23.3,2024-10-19 03:00:00+00:00
932,37.0,16.0,44.0,4,235.21774193548387,0.0,10.3,25.9,2024-10-20 03:00:00+00:00
939,30.0,18.0,53.0,4,185.66129032258064,0.0,13.3,24.0,2024-10-21 03:00:00+00:00
942,23.0,18.0,80.0,2,219.776,0.0,15.7,19.6,2024-10-22 03:00:00+00:00
934,25.0,17.0,87.0,4,166.41463414634146,0.0,17.6,20.0,2024-10-23 03:00:00+00:00
935,28.0,16.0,45.0,6,196.17777777777778,0.0,7.6,21.1,2024-10-24 03:00:00+00:00
939,23.0,12.0,49.0,5,199.07462686567163,0.0,4.4,16.6,2024-10-25 03:00:00+00:00
945,29.0,7.0,42.0,3,203.96503496503496,0.0,1.2,17.9,2024-10-26 03:00:00+00:00
944,31.0,10.0,42.0,3,205.90845070422534,0.0,5.0,20.5,2024-10-27 03:00:00+00:00
943,35.0,12.0,41.0,3,213.76258992805757,0.0,7.2,23.6,2024-10-28 03:00:00+00:00
943,34.0,14.0,43.0,3,191.09230769230768,0.0,9.3,24.8,2024-10-29 03:00:00+00:00
940,34.0,16.0,39.0,4,201.66176470588235,0.0,8.0,25.6,2024-10-30 03:00:00+00:00
937,28.0,19.0,64.0,3,211.16783216783216,0.0,14.3,21.5,2024-10-31 03:00:00+00:00
932,34.0,17.0,53.0,4,132.0212765957447,0.0,14.7,25.9,2024-11-01 03:00:00+00:00
940,24.0,19.0,51.0,8,168.0,0.0,10.4,21.4,2024-11-02 03:00:00+00:00
941,28.0,16.0,49.0,4,156.00694444444446,0.0,10.0,21.2,2024-11-03 03:00:00+00:00
940,27.0,17.0,62.0,5,162.89361702127658,0.0,14.2,22.0,2024-11-04 03:00:00+00:00
946,26.0,13.0,58.0,2,183.05785123966942,0.0,9.6,19.2,2024-11-05 03:00:00+00:00
941,29.0,13.0,64.0,2,193.47445255474452,0.0,13.5,20.9,2024-11-06 03:00:00+00:00
944,28.0,18.0,56.0,5,171.24817518248176,0.0,12.0,21.7,2024-11-07 03:00:00+00:00
943,31.0,17.0,48.0,3,141.49586776859505,0.0,10.0,22.5,2024-11-08 03:00:00+00:00
938,35.0,14.0,45.0,4,163.46666666666667,0.0,10.3,24.4,2024-11-09 03:00:00+00:00
936,38.0,16.0,46.0,6,153.22764227642276,0.0,12.9,26.5,2024-11-10 03:00:00+00:00
944,28.0,13.0,47.0,4,192.392,0.0,5.3,19.3,2024-11-11 03:00:00+00:00
943,31.0,10.0,44.0,3,176.72972972972974,0.0,6.3,21.1,2024-11-12 03:00:00+00:00
940,36.0,14.0,36.0,2,179.98969072164948,0.0,4.7,24.9,2024-11-13 03:00:00+00:00
939,38.0,15.0,32.0,2,170.2736842105263,0.0,4.9,26.5,2024-11-14 03:00:00+00:00
935,37.0,16.0,31.0,3,169.91071428571428,0.0,5.2,27.4,2024-11-15 03:00:00+00:00
937,34.0,17.0,38.0,5,197.63636363636363,0.0,8.9,25.1,2024-11-16 03:00:00+00:00
944,20.0,15.0,75.0,5,180.78518518518518,0.0,12.0,16.6,2024-11-17 03:00:00+00:00
946,20.0,13.0,75.0,3,179.96296296296296,0.0,12.2,17.1,2024-11-18 03:00:00+00:00
943,24.0,14.0,64.0,3,161.05042016806723,0.0,10.9,18.5,2024-11-19 03:00:00+00:00
943,27.0,15.0,70.0,3,142.34513274336283,0.0,13.7,19.9,2024-11-20 03:00:00+00:00
944,28.0,15.0,70.0,3,146.42727272727274,0.0,15.2,21.5,2024-11-21 03:00:00+00:00
944,33.0,18.0,52.0,3,147.9,0.0,13.2,25.0,2024-11-22 03:00:00+00:00
940,32.0,17.0,53.0,4,197.00735294117646,0.0,14.0,25.0,2024-11-23 03:00:00+00:00
936,39.0,21.0,49.0,4,165.49242424242425,0.0,16.5,29.2,2024-11-24 03:00:00+00:00
939,26.0,18.0,81.0,4,170.9579831932773,0.0,18.2,21.9,2024-11-25 03:00:00+00:00
938,27.0,21.0,85.0,1,208.49056603773585,0.0,19.3,22.2,2024-11-26 03:00:00+00:00
939,35.0,23.0,31.0,3,163.44117647058823,0.0,9.7,29.2,2025-01-13 03:00:00+00:00
937,37.0,18.0,40.0,3,187.3362831858407,0.0,9.4,27.6,2025-01-14 03:00:00+00:00
938,37.0,19.0,40.0,3,174.34677419354838,0.0,11.1,28.5,2025-01-15 03:00:00+00:00
940,36.0,20.0,50.0,4,184.0,0.0,14.7,27.1,2025-01-16 03:00:00+00:00
941,34.0,17.0,69.0,4,156.53389830508473,0.0,17.3,24.4,2025-01-17 03:00:00+00:00
943,23.0,18.0,83.0,2,181.32,0.0,17.2,20.5,2025-01-18 03:00:00+00:00
943,26.0,15.0,65.0,5,178.98214285714286,0.0,13.5,21.0,2025-01-19 03:00:00+00:00
941,30.0,13.0,52.0,3,188.69767441860466,0.0,10.5,22.1,2025-01-20 03:00:00+00:00
938,35.0,16.0,52.0,4,169.7734375,0.0,12.8,25.2,2025-01-21 03:00:00+00:00
941,35.0,17.0,56.0,3,181.70542635658916,0.0,15.1,25.9,2025-01-22 03:00:00+00:00
939,34.0,20.0,63.0,4,187.8294573643411,0.0,17.7,26.5,2025-01-23 03:00:00+00:00
939,37.0,22.0,64.0,5,164.328125,0.0,18.6,27.3,2025-01-24 03:00:00+00:00
942,30.0,19.0,77.0,3,173.8053097345133,0.0,20.4,25.7,2025-01-25 03:00:00+00:00
940,33.0,20.0,72.0,2,154.5151515151515,0.0,18.7,25.5,2025-01-26 03:00:00+00:00
938,32.0,20.0,67.0,3,168.0,0.0,19.0,26.9,2025-01-27 03:00:00+00:00
942,30.0,19.0,72.0,3,168.81512605042016,0.0,17.4,23.4,2025-01-28 03:00:00+00:00
944,33.0,18.0,63.0,3,176.92372881355934,0.0,16.4,25.4,2025-01-29 03:00:00+00:00
942,33.0,19.0,63.0,4,162.3709677419355,0.0,17.4,26.3,2025-01-30 03:00:00+00:00
938,34.0,19.0,56.0,3,149.29752066115702,0.0,16.2,27.2,2025-01-31 03:00:00+00:00
937,35.0,19.0,59.0,3,168.92372881355934,0.0,16.8,27.0,2025-02-01 03:00:00+00:00
935,36.0,20.0,55.0,4,159.96825396825398,0.0,16.6,28.2,2025-02-02 03:00:00+00:00
934,40.0,21.0,50.0,3,171.7094017094017,0.0,16.4,29.9,2025-02-03 03:00:00+00:00
938,28.0,21.0,68.0,5,192.88235294117646,0.0,18.4,25.2,2025-02-04 03:00:00+00:00
937,30.0,21.0,77.0,4,164.08403361344537,0.0,20.2,25.2,2025-02-05 03:00:00+00:00
940,34.0,18.0,60.0,3,173.88095238095238,0.0,15.5,25.8,2025-02-06 03:00:00+00:00
942,35.0,19.0,56.0,4,166.02325581395348,0.0,17.1,28.1,2025-02-07 03:00:00+00:00
941,40.0,22.0,50.0,3,179.79166666666666,0.0,17.7,31.7,2025-02-08 03:00:00+00:00
942,40.0,25.0,46.0,3,174.11458333333334,0.0,15.1,32.0,2025-02-09 03:00:00+00:00
936,41.0,21.0,41.0,4,186.69354838709677,0.0,13.3,31.1,2025-02-10 03:00:00+00:00
936,32.0,22.0,49.0,6,192.99212598425197,0.0,14.1,26.5,2025-02-11 03:00:00+00:00
940,22.0,19.0,86.0,4,163.95348837209303,0.0,17.9,20.5,2025-02-12 03:00:00+00:00
943,28.0,19.0,77.0,3,160.25714285714287,0.0,18.1,22.9,2025-02-13 03:00:00+00:00
938,35.0,21.0,64.0,3,188.50387596899225,0.0,19.3,28.4,2025-02-14 03:00:00+00:00
937,30.0,20.0,79.0,3,180.72661870503597,1.0,19.7,24.4,2025-02-15 03:00:00+00:00
936,29.0,21.0,72.0,4,156.97916666666666,0.0,18.8,24.7,2025-02-16 03:00:00+00:00
941,32.0,18.0,61.0,4,191.93478260869566,0.0,15.2,24.6,2025-02-17 03:00:00+00:00
945,28.0,15.0,58.0,4,180.0071942446043,0.0,12.4,21.5,2025-02-18 03:00:00+00:00
938,35.0,20.0,48.0,5,189.7348484848485,0.0,13.3,25.8,2025-02-19 03:00:00+00:00
938,34.0,18.0,59.0,3,192.5581395348837,0.0,17.0,27.0,2025-02-20 03:00:00+00:00
940,37.0,20.0,61.0,3,187.56428571428572,0.0,19.0,29.2,2025-02-21 03:00:00+00:00
940,38.0,23.0,57.0,4,172.29787234042553,0.0,20.0,31.5,2025-02-22 03:00:00+00:00
938,38.0,24.0,54.0,3,182.61029411764707,0.0,20.0,33.0,2025-02-23 03:00:00+00:00
938,38.0,24.0,64.0,5,212.1970802919708,0.0,19.9,29.4,2025-02-24 03:00:00+00:00
941,31.0,19.0,77.0,3,177.26605504587155,0.0,19.0,23.9,2025-02-25 03:00:00+00:00
941,29.0,19.0,83.0,3,185.30927835051546,0.0,19.8,23.5,2025-02-26 03:00:00+00:00
939,32.0,19.0,76.0,4,138.26605504587155,0.0,18.7,24.2,2025-02-27 03:00:00+00:00
936,33.0,20.0,72.0,4,149.8846153846154,0.0,19.9,27.2,2025-02-28 03:00:00+00:00
939,30.0,21.0,71.0,3,143.89655172413794,0.0,18.3,24.7,2025-03-01 03:00:00+00:00
939,31.0,20.0,80.0,3,144.27522935779817,0.0,19.3,23.6,2025-03-02 03:00:00+00:00
939,34.0,21.0,74.0,4,162.704,0.0,20.4,27.5,2025-03-03 03:00:00+00:00
939,33.0,22.0,69.0,4,160.0655737704918,0.0,20.1,28.3,2025-03-04 03:00:00+00:00
936,37.0,23.0,61.0,3,156.3361344537815,0.0,19.6,30.2,2025-03-05 03:00:00+00:00
937,36.0,23.0,57.0,4,158.22314049586777,0.0,19.2,30.9,2025-03-06 03:00:00+00:00
937,37.0,24.0,52.0,4,169.8728813559322,0.0,18.4,31.2,2025-03-07 03:00:00+00:00
947,27.0,15.0,65.0,6,182.3587786259542,0.0,10.6,19.0,2025-03-08 03:00:00+00:00
951,23.0,15.0,59.0,3,159.7795275590551,0.0,9.4,17.8,2025-03-09 03:00:00+00:00
943,28.0,14.0,58.0,5,109.3931623931624,0.0,11.7,20.9,2025-03-10 03:00:00+00:00
944,29.0,14.0,72.0,5,182.22307692307692,0.0,15.1,21.0,2025-03-11 03:00:00+00:00
951,15.0,12.0,94.0,2,170.1595744680851,0.0,12.4,13.4,2025-03-12 03:00:00+00:00
949,18.0,13.0,82.0,1,151.37037037037038,0.0,11.8,14.9,2025-03-13 03:00:00+00:00
944,20.0,15.0,74.0,3,132.66355140186917,0.0,12.1,16.8,2025-03-14 03:00:00+00:00
943,24.0,15.0,71.0,2,137.57692307692307,0.0,13.1,18.8,2025-03-15 03:00:00+00:00
945,29.0,18.0,71.0,2,146.22641509433961,0.0,16.1,22.1,2025-03-16 03:00:00+00:00
945,32.0,16.0,68.0,2,182.83333333333334,0.0,15.8,23.1,2025-03-17 03:00:00+00:00
945,33.0,15.0,68.0,2,208.60638297872342,0.0,15.7,23.2,2025-03-18 03:00:00+00:00
943,34.0,16.0,63.0,3,201.7076923076923,0.0,15.1,24.0,2025-03-19 03:00:00+00:00
942,33.0,16.0,62.0,3,178.32478632478632,0.0,14.8,23.8,2025-03-20 03:00:00+00:00
941,30.0,17.0,76.0,2,211.9111111111111,0.0,16.1,21.0,2025-03-21 03:00:00+00:00
939,31.0,14.0,69.0,2,189.30882352941177,0.0,14.9,22.0,2025-03-22 03:00:00+00:00
941,22.0,16.0,85.0,3,183.45967741935485,0.0,15.8,18.5,2025-03-23 03:00:00+00:00
944,17.0,14.0,93.0,2,192.18260869565216,0.0,14.8,15.9,2025-03-24 03:00:00+00:00
946,18.0,14.0,90.0,2,193.17164179104478,0.0,14.3,16.0,2025-03-25 03:00:00+00:00
940,25.0,17.0,89.0,1,173.07142857142858,0.0,17.8,19.8,2025-03-26 03:00:00+00:00
938,25.0,19.0,89.0,1,215.47899159663865,0.0,18.5,20.6,2025-03-27 03:00:00+00:00
940,23.0,18.0,88.0,2,188.56302521008402,0.0,17.7,19.7,2025-03-28 03:00:00+00:00
940,25.0,19.0,83.0,1,149.68595041322314,0.0,17.7,20.7,2025-03-29 03:00:00+00:00
935,32.0,14.0,68.0,5,198.0252100840336,0.0,16.2,23.4,2025-03-30 03:00:00+00:00
948,21.0,10.0,48.0,5,180.6934306569343,0.0,3.3,15.1,2025-03-31 03:00:00+00:00
947,21.0,7.0,63.0,2,193.91666666666666,0.0,5.7,13.6,2025-04-01 03:00:00+00:00
941,27.0,7.0,62.0,2,204.63432835820896,0.0,7.5,16.5,2025-04-02 03:00:00+00:00
946,25.0,9.0,61.0,5,193.45925925925926,0.0,8.4,16.8,2025-04-03 03:00:00+00:00
956,13.0,7.0,54.0,4,166.71223021582733,0.0,1.1,9.9,2025-04-04 03:00:00+00:00
951,22.0,6.0,58.0,3,172.27941176470588,0.0,4.3,13.1,2025-04-05 03:00:00+00:00
947,19.0,9.0,68.0,3,201.0921985815603,0.0,7.7,13.7,2025-04-06 03:00:00+00:00
945,22.0,10.0,79.0,4,194.66666666666666,0.0,10.9,14.9,2025-04-07 03:00:00+00:00
946,22.0,11.0,73.0,3,169.33076923076922,0.0,10.8,16.0,2025-04-08 03:00:00+00:00
944,25.0,10.0,75.0,2,191.40495867768595,0.0,11.2,16.1,2025-04-09 03:00:00+00:00
941,25.0,14.0,75.0,2,132.52032520325204,0.0,13.4,18.0,2025-04-10 03:00:00+00:00
940,24.0,17.0,73.0,1,183.19847328244273,0.0,13.7,19.0,2025-04-11 03:00:00+00:00
944,23.0,12.0,78.0,2,184.16666666666666,0.0,12.5,16.6,2025-04-12 03:00:00+00:00
946,25.0,11.0,63.0,2,187.02158273381295,0.0,9.7,17.4,2025-04-13 03:00:00+00:00
942,20.0,15.0,65.0,2,213.64341085271317,0.0,10.3,17.1,2025-04-14 03:00:00+00:00
941,25.0,13.0,72.0,3,196.1769230769231,0.0,12.5,18.0,2025-04-15 03:00:00+00:00
940,27.0,15.0,69.0,2,187.136,0.0,13.4,19.4,2025-04-16 03:00:00+00:00
939,29.0,14.0,69.0,2,199.04132231404958,0.0,14.3,21.0,2025-04-17 03:00:00+00:00
944,18.0,13.0,93.0,3,171.72027972027973,0.0,14.1,15.2,2025-04-18 03:00:00+00:00
948,16.0,12.0,77.0,2,160.8951612903226,0.0,9.3,13.5,2025-04-19 03:00:00+00:00
945,16.0,11.0,73.0,1,148.36496350364965,0.0,8.7,13.4,2025-04-20 03:00:00+00:00
941,25.0,13.0,54.0,4,164.12857142857143,0.0,8.4,18.1,2025-04-21 03:00:00+00:00
940,26.0,17.0,56.0,4,146.9763779527559,0.0,11.1,20.2,2025-04-22 03:00:00+00:00
940,26.0,16.0,74.0,1,186.81746031746033,0.0,14.7,19.6,2025-04-23 03:00:00+00:00
939,26.0,15.0,73.0,2,194.3790322580645,0.0,13.4,18.6,2025-04-24 03:00:00+00:00
933,27.0,13.0,73.0,5,133.2058823529412,0.0,14.5,19.9,2025-04-25 03:00:00+00:00
942,21.0,14.0,48.0,5,186.98591549295776,0.0,3.7,16.4,2025-04-26 03:00:00+00:00
945,27.0,12.0,44.0,2,151.31654676258992,0.0,4.7,17.7,2025-04-27 03:00:00+00:00
945,28.0,8.0,58.0,2,191.1865671641791,0.0,6.7,16.9,2025-04-28 03:00:00+00:00
941,27.0,8.0,62.0,4,205.22222222222223,0.0,8.4,17.0,2025-04-29 03:00:00+00:00
940,29.0,9.0,64.0,2,191.44736842105263,0.0,8.1,15.9,2025-04-30 03:00:00+00:00
938,28.0,12.0,58.0,3,139.1315789473684,0.0,10.2,19.5,2025-05-01 03:00:00+00:00
943,28.0,12.0,65.0,2,196.15625,0.0,11.8,19.4,2025-05-02 03:00:00+00:00
942,29.0,13.0,66.0,2,140.94117647058823,0.0,13.3,20.6,2025-05-03 03:00:00+00:00
940,28.0,20.0,73.0,4,120.26086956521739,0.0,16.9,22.3,2025-05-04 03:00:00+00:00
942,20.0,16.0,91.0,1,179.0,0.0,16.0,17.4,2025-05-05 03:00:00+00:00
938,28.0,16.0,78.0,2,194.73394495412845,0.0,16.2,20.7,2025-05-06 03:00:00+00:00
937,26.0,15.0,84.0,2,183.8796992481203,0.0,16.0,18.7,2025-05-07 03:00:00+00:00
936,22.0,14.0,82.0,2,180.28333333333333,0.0,14.4,17.6,2025-05-08 03:00:00+00:00
942,25.0,12.0,71.0,3,184.97014925373134,0.0,11.8,17.7,2025-05-09 03:00:00+00:00
948,29.0,9.0,64.0,2,207.9917355371901,0.0,9.2,17.8,2025-05-10 03:00:00+00:00
947,27.0,10.0,66.0,2,199.6991869918699,0.0,10.0,17.5,2025-05-11 03:00:00+00:00
944,27.0,10.0,64.0,3,219.21238938053096,3.0,9.3,17.4,2025-05-12 03:00:00+00:00
940,27.0,10.0,65.0,3,227.05384615384617,0.0,10.4,17.9,2025-05-13 03:00:00+00:00
941,23.0,17.0,74.0,1,224.93577981651376,0.0,14.1,19.1,2025-05-14 03:00:00+00:00
939,26.0,17.0,80.0,2,209.38095238095238,0.0,16.9,20.7,2025-05-15 03:00:00+00:00
938,24.0,19.0,79.0,2,150.488,0.0,17.6,21.6,2025-05-16 03:00:00+00:00
932,29.0,17.0,69.0,5,141.06569343065692,0.0,16.7,23.1,2025-05-17 03:00:00+00:00
945,17.0,12.0,24.0,5,173.4468085106383,0.0,-5.0,14.9,2025-05-18 03:00:00+00:00
944,12.0,12.0,42.0,2,200.05,0.0,0.0,12.0,2025-05-19 03:00:00+00:00
948,12.0,12.0,42.0,2,199.04724409448818,0.0,0.0,12.0,2025-05-20 03:00:00+00:00
947,12.0,12.0,42.0,1,198.11864406779662,0.0,0.0,12.0,2025-05-21 03:00:00+00:00
943,12.0,12.0,42.0,2,187.73275862068965,0.0,0.0,12.0,2025-05-23 03:00:00+00:00
944,12.0,12.0,42.0,3,183.2076923076923,0.0,0.0,12.0,2025-05-24 03:00:00+00:00
940,12.0,12.0,42.0,2,204.40579710144928,0.0,0.0,12.0,2025-05-25 03:00:00+00:00
935,12.0,12.0,42.0,3,205.45864661654136,0.0,0.0,12.0,2025-05-26 03:00:00+00:00
944,12.0,12.0,42.0,9,209.82978723404256,0.0,0.0,12.0,2025-05-27 03:00:00+00:00
952,12.0,12.0,42.0,2,192.19379844961242,0.0,0.0,12.0,2025-05-28 03:00:00+00:00
949,12.0,12.0,42.0,2,178.31914893617022,0.0,0.0,12.0,2025-05-29 03:00:00+00:00
945,12.0,12.0,42.0,2,214.71428571428572,0.0,0.0,12.0,2025-05-30 03:00:00+00:00
948,12.0,12.0,42.0,1,221.77,0.0,0.0,12.0,2025-05-31 03:00:00+00:00
947,12.0,12.0,42.0,2,174.5034965034965,0.0,0.0,12.0,2025-06-01 03:00:00+00:00
943,12.0,12.0,42.0,3,144.99236641221373,0.0,0.0,12.0,2025-06-02 03:00:00+00:00
939,12.0,12.0,42.0,3,193.75912408759123,0.0,0.0,12.0,2025-06-03 03:00:00+00:00
939,12.0,12.0,42.0,3,219.58267716535434,0.0,0.0,12.0,2025-06-04 03:00:00+00:00
946,12.0,12.0,42.0,1,217.1984126984127,0.0,0.0,12.0,2025-06-05 03:00:00+00:00
945,12.0,12.0,42.0,2,222.77692307692308,0.0,0.0,12.0,2025-06-06 03:00:00+00:00
943,12.0,12.0,42.0,2,201.1851851851852,0.0,0.0,12.0,2025-06-07 03:00:00+00:00
948,12.0,12.0,42.0,1,213.44,0.0,0.0,12.0,2025-06-08 03:00:00+00:00
950,12.0,12.0,42.0,0,220.2941176470588,0.0,0.0,12.0,2025-06-09 03:00:00+00:00
941,-40.0,-40.0,,10,190.47674418604652,0.0,,,2025-06-25 03:00:00+00:00
945,-40.0,-40.0,,2,210.69924812030075,0.0,,,2025-06-26 03:00:00+00:00
944,-40.0,-40.0,,3,201.50359712230215,0.0,,,2025-06-27 03:00:00+00:00
944,-40.0,-40.0,,5,199.0144927536232,0.0,,,2025-06-28 03:00:00+00:00
956,-40.0,-40.0,,4,182.30882352941177,0.0,,,2025-06-29 03:00:00+00:00
956,-40.0,-40.0,,2,198.1328125,0.0,,,2025-06-30 03:00:00+00:00
953,-40.0,-40.0,,5,178.85314685314685,0.0,,,2025-07-01 03:00:00+00:00
952,-40.0,-40.0,,8,87.81118881118881,0.0,,,2025-07-02 03:00:00+00:00
948,-40.0,-40.0,,8,110.99248120300751,0.0,,,2025-07-03 03:00:00+00:00
946,-40.0,-40.0,,5,144.7536231884058,0.0,,,2025-07-04 03:00:00+00:00
947,-40.0,-40.0,,2,233.95384615384614,0.0,,,2025-07-05 03:00:00+00:00
942,-40.0,-40.0,,2,224.2377049180328,0.0,,,2025-07-06 03:00:00+00:00
948,-40.0,-40.0,,3,187.63025210084032,0.0,,,2025-07-07 03:00:00+00:00
947,-40.0,-40.0,,2,210.97674418604652,0.0,,,2025-07-08 03:00:00+00:00
946,-40.0,-40.0,,3,194.74436090225564,0.0,,,2025-07-09 03:00:00+00:00
950,-40.0,-40.0,,2,174.75,0.0,,,2025-07-10 03:00:00+00:00
950,-40.0,-40.0,,1,158.5625,0.0,,,2025-07-11 03:00:00+00:00
948,-40.0,-40.0,,4,144.4308943089431,0.0,,,2025-07-12 03:00:00+00:00
948,-40.0,-40.0,,1,247.6,0.0,,,2025-07-13 03:00:00+00:00
940,-40.0,-40.0,,3,152.05194805194805,0.0,,,2025-07-24 03:00:00+00:00
939,-40.0,-40.0,,5,173.68085106382978,0.0,,,2025-07-25 03:00:00+00:00
944,-40.0,-40.0,,6,176.4014598540146,0.0,,,2025-07-26 03:00:00+00:00
946,-40.0,-40.0,,6,169.74825174825176,0.0,,,2025-07-27 03:00:00+00:00
951,-40.0,-40.0,,3,190.1549295774648,0.0,,,2025-07-28 03:00:00+00:00
946,-40.0,-40.0,,7,96.45255474452554,0.0,,,2025-07-29 03:00:00+00:00
938,-40.0,-40.0,,9,88.98601398601399,0.0,,,2025-07-30 03:00:00+00:00
932,-40.0,-40.0,,8,99.07246376811594,0.0,,,2025-07-31 03:00:00+00:00
933,-40.0,-40.0,,6,202.00709219858157,0.0,,,2025-08-01 03:00:00+00:00
940,-40.0,-40.0,,2,213.20143884892087,0.0,,,2025-08-02 03:00:00+00:00
946,-40.0,-40.0,,2,183.95035460992906,0.0,,,2025-08-03 03:00:00+00:00
954,-40.0,-40.0,,3,204.45,0.0,,,2025-08-04 03:00:00+00:00
952,-40.0,-40.0,,3,196.36231884057972,0.0,,,2025-08-05 03:00:00+00:00
947,-40.0,-40.0,,4,201.32608695652175,0.0,,,2025-08-06 03:00:00+00:00
951,-40.0,-40.0,,5,182.3916083916084,0.0,,,2025-08-07 03:00:00+00:00
954,-40.0,-40.0,,2,221.44525547445255,0.0,,,2025-08-08 03:00:00+00:00
948,-40.0,-40.0,,3,207.75886524822695,0.0,,,2025-08-09 03:00:00+00:00
946,-40.0,-40.0,,6,127.52816901408451,0.0,,,2025-08-10 03:00:00+00:00
946,-40.0,-40.0,,3,190.23703703703703,0.0,,,2025-08-11 03:00:00+00:00
939,-40.0,-40.0,,7,107.53146853146853,0.0,,,2025-08-12 03:00:00+00:00
950,-40.0,-40.0,,6,174.2330827067669,0.0,,,2025-08-13 03:00:00+00:00
953,-40.0,-40.0,,3,177.9448818897638,0.0,,,2025-08-14 03:00:00+00:00
948,-40.0,-40.0,,3,137.36428571428573,0.0,,,2025-08-15 03:00:00+00:00
945,-40.0,-40.0,,3,165.19565217391303,0.0,,,2025-08-16 03:00:00+00:00
945,-40.0,-40.0,,2,173.93283582089552,0.0,,,2025-08-17 03:00:00+00:00
942,-40.0,-40.0,,3,204.13475177304966,0.0,,,2025-08-18 03:00:00+00:00
935,-40.0,-40.0,,1,145.7570093457944,0.0,,,2025-08-19 03:00:00+00:00
939,-40.0,-40.0,,3,133.8357142857143,0.0,,,2025-08-20 03:00:00+00:00
932,-40.0,-40.0,,5,219.34814814814814,0.0,,,2025-08-21 03:00:00+00:00
935,-40.0,-40.0,,8,192.7642857142857,0.0,,,2025-08-22 03:00:00+00:00
951,-40.0,-40.0,,4,187.94927536231884,0.0,,,2025-08-23 03:00:00+00:00
949,-40.0,-40.0,,5,198.46478873239437,0.0,,,2025-08-24 03:00:00+00:00
949,-40.0,-40.0,,3,224.1,0.0,,,2025-08-25 03:00:00+00:00
950,-40.0,-40.0,,3,203.05633802816902,0.0,,,2025-08-26 03:00:00+00:00
949,-40.0,-40.0,,3,201.206106870229,0.0,,,2025-08-27 03:00:00+00:00
945,-40.0,-40.0,,3,204.18840579710144,0.0,,,2025-08-28 03:00:00+00:00
938,-40.0,-40.0,,4,199.88571428571427,0.0,,,2025-08-29 03:00:00+00:00
940,-40.0,-40.0,,5,191.25,0.0,,,2025-08-30 03:00:00+00:00
939,-40.0,-40.0,,4,156.49624060150376,0.0,,,2025-08-31 03:00:00+00:00
943,-40.0,-40.0,,3,203.35714285714286,0.0,,,2025-09-01 03:00:00+00:00
939,-40.0,-40.0,,3,173.71875,0.0,,,2025-09-02 03:00:00+00:00
942,-40.0,-40.0,,5,185.0144927536232,0.0,,,2025-09-03 03:00:00+00:00
952,-40.0,-40.0,,4,171.51111111111112,0.0,,,2025-09-04 03:00:00+00:00
954,-40.0,-40.0,,3,169.6083916083916,0.0,,,2025-09-05 03:00:00+00:00
949,-40.0,-40.0,,4,187.7902097902098,0.0,,,2025-09-06 03:00:00+00:00
943,-40.0,-40.0,,4,192.0,0.0,,,2025-09-07 03:00:00+00:00
941,-40.0,-40.0,,5,196.40714285714284,0.0,,,2025-09-08 03:00:00+00:00
946,-40.0,-40.0,,1,233.6904761904762,0.0,,,2025-09-09 03:00:00+00:00
942,-40.0,-40.0,,10,163.8074074074074,0.0,,,2025-09-10 03:00:00+00:00
951,-40.0,-40.0,,3,216.79577464788733,0.0,,,2025-09-11 03:00:00+00:00
945,-40.0,-40.0,,4,192.6595744680851,0.0,,,2025-09-12 03:00:00+00:00
939,-40.0,-40.0,,5,212.8661971830986,0.0,,,2025-09-13 03:00:00+00:00
944,-40.0,-40.0,,3,173.03053435114504,0.0,,,2025-09-14 03:00:00+00:00
944,-40.0,-40.0,,3,185.3764705882353,0.0,,,2025-09-15 03:00:00+00:00
942,-40.0,-40.0,,3,159.03846153846155,0.0,,,2025-09-16 03:00:00+00:00
941,-40.0,-40.0,,2,195.49612403100775,0.0,,,2025-09-17 03:00:00+00:00
939,-40.0,-40.0,,3,176.2578125,0.0,,,2025-09-18 03:00:00+00:00
936,-40.0,-40.0,,6,145.1705426356589,0.0,,,2025-09-19 03:00:00+00:00
934,-40.0,-40.0,,5,148.87943262411346,0.0,,,2025-09-20 03:00:00+00:00
936,-40.0,-40.0,,6,204.46601941747574,0.0,,,2025-09-21 03:00:00+00:00
942,-40.0,-40.0,,3,185.45185185185184,0.0,,,2025-09-22 03:00:00+00:00
944,-40.0,-40.0,,5,211.15037593984962,0.0,,,2025-09-23 03:00:00+00:00
953,-40.0,-40.0,,4,184.79432624113474,0.0,,,2025-09-24 03:00:00+00:00
949,-40.0,-40.0,,4,169.14788732394365,0.0,,,2025-09-25 03:00:00+00:00
937,-40.0,-40.0,,4,208.46969696969697,0.0,,,2025-09-26 03:00:00+00:00
944,-40.0,-40.0,,8,180.85,0.0,,,2025-09-27 03:00:00+00:00
941,-40.0,-40.0,,3,178.63358778625954,0.0,,,2025-09-28 03:00:00+00:00
940,-40.0,-40.0,,4,181.8450704225352,0.0,,,2025-09-29 03:00:00+00:00
948,-40.0,-40.0,,4,187.24817518248176,0.0,,,2025-09-30 03:00:00+00:00
951,-40.0,-40.0,,2,200.43076923076924,0.0,,,2025-10-01 03:00:00+00:00
946,28.0,-40.0,41.0,3,191.76642335766422,0.0,8.8,24.1,2025-10-02 03:00:00+00:00
937,33.0,12.0,55.0,4,176.99236641221373,0.0,11.5,22.6,2025-10-03 03:00:00+00:00
931,36.0,15.0,49.0,5,181.8235294117647,0.0,12.1,26.0,2025-10-04 03:00:00+00:00
939,23.0,11.0,37.0,8,181.8111888111888,0.0,2.5,18.3,2025-10-05 03:00:00+00:00
948,23.0,5.0,39.0,3,190.8740740740741,0.0,-1.3,14.3,2025-10-06 03:00:00+00:00
947,29.0,4.0,37.0,3,169.64285714285714,0.0,-1.7,16.6,2025-10-07 03:00:00+00:00
947,30.0,6.0,32.0,3,195.92537313432837,0.0,-2.0,18.3,2025-10-08 03:00:00+00:00
942,31.0,10.0,24.0,6,165.88721804511277,0.0,-1.7,21.3,2025-10-09 03:00:00+00:00
938,33.0,9.0,29.0,4,219.125,0.0,1.3,23.6,2025-10-10 03:00:00+00:00
934,33.0,14.0,37.0,6,195.5748031496063,0.0,5.2,22.4,2025-10-11 03:00:00+00:00
941,28.0,13.0,21.0,5,180.4468085106383,0.0,-3.6,19.9,2025-10-12 03:00:00+00:00
941,30.0,7.0,41.0,2,223.86,0.0,0.9,17.5,2025-10-13 03:00:00+00:00
940,30.0,14.0,18.0,4,143.03389830508473,0.0,-2.4,25.3,2025-10-14 03:00:00+00:00
937,34.0,21.0,23.0,4,184.3913043478261,0.0,3.9,28.9,2025-10-15 03:00:00+00:00
941,30.0,16.0,45.0,3,187.45985401459853,0.0,9.5,22.6,2025-10-16 03:00:00+00:00
944,20.0,14.0,76.0,5,200.71900826446281,0.0,11.7,16.1,2025-10-17 03:00:00+00:00
951,26.0,11.0,48.0,3,201.51111111111112,0.0,5.6,18.2,2025-10-18 03:00:00+00:00
946,27.0,8.0,37.0,4,191.75524475524475,0.0,2.1,18.9,2025-10-19 03:00:00+00:00
942,30.0,10.0,40.0,4,216.72388059701493,0.0,5.5,20.4,2025-10-20 03:00:00+00:00
939,34.0,11.0,40.0,4,215.1418439716312,0.0,6.7,23.2,2025-10-21 03:00:00+00:00
940,32.0,17.0,45.0,3,179.62142857142857,0.0,10.7,23.8,2025-10-22 03:00:00+00:00
935,36.0,18.0,45.0,3,199.0,0.0,13.4,27.2,2025-10-23 03:00:00+00:00
934,26.0,16.0,69.0,5,180.01418439716312,0.0,15.5,21.5,2025-10-24 03:00:00+00:00
942,23.0,12.0,42.0,8,193.73239436619718,0.0,2.2,17.0,2025-10-25 03:00:00+00:00
942,28.0,6.0,42.0,4,204.6074074074074,0.0,1.8,17.6,2025-10-26 03:00:00+00:00
949,16.0,5.0,74.0,6,198.2,0.0,5.6,10.3,2025-10-27 03:00:00+00:00
955,8.0,5.0,77.0,3,179.15384615384616,0.0,3.0,6.7,2025-10-28 03:00:00+00:00
951,19.0,8.0,52.0,3,150.38297872340425,1.0,4.0,14.0,2025-10-29 03:00:00+00:00
945,24.0,10.0,53.0,4,171.77857142857144,0.0,6.4,16.4,2025-10-30 03:00:00+00:00
937,32.0,9.0,48.0,5,185.90510948905109,0.0,8.0,21.1,2025-10-31 03:00:00+00:00
939,24.0,13.0,63.0,4,186.0071942446043,0.0,11.1,18.4,2025-11-01 03:00:00+00:00
940,32.0,10.0,48.0,3,198.16153846153847,0.0,6.8,21.3,2025-11-02 03:00:00+00:00
938,32.0,12.0,48.0,3,197.53623188405797,0.0,10.0,22.8,2025-11-03 03:00:00+00:00
939,27.0,16.0,55.0,6,192.38167938931298,0.0,11.4,21.3,2025-11-04 03:00:00+00:00
947,27.0,17.0,56.0,4,155.88732394366198,0.0,11.5,21.2,2025-11-05 03:00:00+00:00
941,23.0,16.0,55.0,5,125.82517482517483,0.0,9.4,18.7,2025-11-06 03:00:00+00:00
939,17.0,11.0,85.0,4,165.50381679389312,0.0,10.6,13.2,2025-11-07 03:00:00+00:00
944,23.0,7.0,62.0,3,192.33823529411765,0.0,6.9,15.0,2025-11-08 03:00:00+00:00
945,26.0,9.0,58.0,3,172.9142857142857,0.0,8.8,17.8,2025-11-09 03:00:00+00:00
944,27.0,13.0,56.0,3,181.31205673758865,0.0,10.4,20.2,2025-11-10 03:00:00+00:00
938,35.0,14.0,47.0,6,218.17910447761193,0.0,9.6,23.6,2025-11-11 03:00:00+00:00
945,26.0,14.0,52.0,5,184.08510638297872,0.0,8.6,19.4,2025-11-12 03:00:00+00:00
946,26.0,15.0,55.0,2,177.70503597122303,0.0,10.1,20.1,2025-11-13 03:00:00+00:00
944,30.0,13.0,53.0,3,218.43283582089552,0.0,11.2,22.1,2025-11-14 03:00:00+00:00
936,35.0,17.0,53.0,4,210.74285714285713,0.0,14.1,25.7,2025-11-15 03:00:00+00:00
939,26.0,15.0,42.0,9,177.93617021276594,0.0,5.9,20.5,2025-11-16 03:00:00+00:00
942,31.0,10.0,36.0,2,213.75,0.0,1.6,21.1,2025-11-17 03:00:00+00:00
938,35.0,11.0,35.0,3,197.09558823529412,0.0,3.9,23.8,2025-11-18 03:00:00+00:00
939,35.0,15.0,36.0,3,206.2189781021898,0.0,6.2,25.0,2025-11-19 03:00:00+00:00
932,40.0,17.0,37.0,7,227.10714285714286,0.0,8.1,27.1,2025-11-20 03:00:00+00:00
945,28.0,16.0,26.0,6,167.5107913669065,0.0,-0.3,22.2,2025-11-21 03:00:00+00:00
946,29.0,12.0,42.0,3,197.16788321167883,0.0,6.6,20.9,2025-11-22 03:00:00+00:00
944,30.0,14.0,46.0,4,166.48951048951048,0.0,8.7,22.0,2025-11-23 03:00:00+00:00
940,34.0,13.0,39.0,3,169.58450704225353,0.0,6.1,24.4,2025-11-24 03:00:00+00:00
939,36.0,14.0,33.0,3,197.62686567164178,0.0,5.2,26.0,2025-11-25 03:00:00+00:00
938,35.0,16.0,33.0,3,178.43795620437956,0.0,6.9,26.3,2025-11-26 03:00:00+00:00
937,34.0,18.0,50.0,4,176.57971014492753,0.0,13.7,26.1,2025-11-27 03:00:00+00:00
939,30.0,22.0,60.0,3,198.15602836879432,0.0,16.5,25.1,2025-11-28 03:00:00+00:00
936,34.0,18.0,69.0,4,155.16521739130434,1.0,17.5,24.8,2025-11-29 03:00:00+00:00
937,30.0,18.0,75.0,4,149.5639097744361,0.0,17.6,23.0,2025-11-30 03:00:00+00:00
940,23.0,16.0,75.0,4,186.65671641791045,0.0,15.1,20.1,2025-12-01 03:00:00+00:00
941,28.0,14.0,64.0,2,203.792,0.0,13.0,21.1,2025-12-02 03:00:00+00:00
941,35.0,13.0,50.0,2,211.96899224806202,0.0,10.4,24.2,2025-12-03 03:00:00+00:00
939,37.0,17.0,43.0,3,187.53571428571428,0.0,11.5,27.3,2025-12-04 03:00:00+00:00
937,36.0,19.0,41.0,4,169.13571428571427,0.0,12.2,28.2,2025-12-05 03:00:00+00:00
941,27.0,21.0,51.0,4,192.58273381294964,0.0,12.9,24.2,2025-12-06 03:00:00+00:00
945,23.0,15.0,79.0,2,192.5691056910569,0.0,13.6,17.4,2025-12-07 03:00:00+00:00
943,28.0,15.0,50.0,5,174.0935251798561,0.0,8.7,21.0,2025-12-08 03:00:00+00:00
937,33.0,11.0,42.0,3,196.006993006993,0.0,5.4,22.2,2025-12-09 03:00:00+00:00
936,35.0,14.0,39.0,2,202.20567375886526,0.0,6.9,25.1,2025-12-10 03:00:00+00:00
935,28.0,17.0,49.0,4,198.48888888888888,0.0,11.2,23.3,2025-12-11 03:00:00+00:00
933,36.0,14.0,44.0,2,254.11971830985917,0.0,8.6,25.0,2025-12-12 03:00:00+00:00
931,37.0,16.0,39.0,4,196.98581560283688,0.0,9.7,27.8,2025-12-13 03:00:00+00:00
937,25.0,13.0,81.0,5,176.9718309859155,0.0,14.9,18.4,2025-12-14 03:00:00+00:00
941,29.0,13.0,57.0,4,177.62790697674419,0.0,9.5,19.9,2025-12-15 03:00:00+00:00
944,31.0,13.0,52.0,3,193.3943661971831,0.0,11.0,22.7,2025-12-16 03:00:00+00:00
938,34.0,16.0,35.0,4,217.65384615384616,0.0,6.9,25.9,2025-12-17 03:00:00+00:00
938,35.0,15.0,34.0,3,190.41732283464566,0.0,6.0,26.5,2025-12-18 03:00:00+00:00
935,36.0,17.0,43.0,3,197.0530303030303,0.0,12.3,27.6,2025-12-19 03:00:00+00:00
934,30.0,22.0,59.0,4,181.6,0.0,16.6,25.5,2025-12-20 03:00:00+00:00
936,32.0,17.0,66.0,4,167.95652173913044,0.0,16.2,23.8,2025-12-21 03:00:00+00:00
938,29.0,16.0,72.0,2,175.29770992366412,0.0,15.7,21.6,2025-12-22 03:00:00+00:00
938,35.0,20.0,52.0,3,162.2357142857143,0.0,14.2,26.7,2025-12-23 03:00:00+00:00
938,36.0,18.0,64.0,4,205.34558823529412,0.0,16.0,24.3,2025-12-24 03:00:00+00:00
941,32.0,18.0,63.0,3,159.9568345323741,0.0,15.6,24.3,2025-12-25 03:00:00+00:00
937,34.0,15.0,55.0,2,184.1203007518797,0.0,14.7,25.7,2025-12-26 03:00:00+00:00
939,32.0,20.0,44.0,5,187.63768115942028,0.0,10.7,26.5,2025-12-27 03:00:00+00:00
940,33.0,19.0,52.0,3,201.55797101449275,0.0,13.9,25.2,2025-12-28 03:00:00+00:00
940,35.0,21.0,57.0,2,231.1908396946565,0.0,15.3,25.5,2025-12-29 03:00:00+00:00
940,37.0,20.0,46.0,2,170.6315789473684,0.0,13.4,28.2,2025-12-30 03:00:00+00:00
940,37.0,21.0,41.0,3,182.45454545454547,0.0,12.9,28.6,2025-12-31 03:00:00+00:00
938,38.0,20.0,42.0,3,194.73758865248226,0.0,12.8,28.5,2026-01-01 03:00:00+00:00
