yy-mm-dd,TP-ERA5_K,PP-ERA5_mm,WM-ERA5_ms,RD_ERA5-Jm2,CHLA_S2-ugL,TSI,CTSI
2023-01-01,295.7217,0.293731689453125,2.2360146,4020688.0,,,
2023-01-02,294.56003,1.131156086921692,1.4618145,3622236.0,87.69486263736263,74.48859915782947,5.0
2023-01-03,294.49945,0.0018805265426635,1.6028203,3707736.0,,,
2023-01-04,295.61148,0.0008553267689421,1.5245689,3976584.0,72.54415094339623,72.62795643292333,5.0
2023-01-05,297.53647,0.000435113790445,1.880835,3959032.0,,,
2023-01-06,297.9845,0.2943158149719238,2.1436594,3809516.0,,,
2023-01-07,299.3539,0.1999437808990478,2.4283433,3568664.0,66.25824324324324,71.73882245653783,5.0
2023-01-08,299.67307,0.1135021448135376,1.8523116,3345056.0,,,
2023-01-09,298.8384,0.4288405179977417,2.2043965,3652880.0,53.69281250000002,69.67596843323841,4.0
2023-01-10,299.83044,0.5672872066497803,2.1949008,3602748.0,,,
2023-01-11,297.39722,6.675213813781738,1.635055,1316152.0,,,
2023-01-12,292.43265,0.039885651320219,1.4602866,3841936.0,,,
2023-01-13,291.96603,0.0,1.6167141,3994088.0,,,
2023-01-14,295.41556,0.1272559165954589,1.7169828,3149778.0,55.79081081081077,70.05198600690744,5.0
2023-01-15,296.81027,0.0753348171710968,1.6400732,3852378.0,,,
2023-01-16,298.12946,0.0995397567749023,2.0680745,3593656.0,,,
2023-01-17,298.4393,0.9657368063926696,1.5623436,3310852.0,,,
2023-01-18,296.5548,0.0776082202792167,1.7299467,3310422.0,,,
2023-01-19,297.86615,1.0124473571777344,1.9568634,3780818.0,71.49282296650719,72.48474722306088,5.0
2023-01-20,300.86063,5.200192451477051,2.7743511,3732448.0,,,
2023-01-21,296.35104,0.1460909843444824,2.278311,3758224.0,,,
2023-01-22,297.1852,0.0270530581474304,1.690529,3349116.0,63.81085365853661,71.36960753299218,5.0
2023-01-23,297.30536,0.2717971801757812,1.9977149,3666232.0,,,
2023-01-24,298.13455,3.2990612983703613,1.7339233,3187318.0,,,
2023-01-25,295.5606,0.1500248908996582,1.5644306,3784404.0,,,
2023-01-26,296.2168,8.655444145202637,1.7038435,2052000.0,,,
2023-01-27,295.60617,0.5335062742233276,1.4075063,3273444.0,,,
2023-01-28,294.20956,0.4465281963348388,1.4891981,2499500.0,,,
2023-01-29,294.68832,1.1128634214401243,1.2631154,3444030.0,,,
2023-01-30,295.13925,1.2964814901351929,1.330064,3034006.0,,,
2023-01-31,297.07648,2.312600612640381,1.1886212,3259022.0,,,
2023-02-01,296.89462,7.035300254821777,1.5811992,2716682.0,,,
2023-02-02,293.47717,0.1996606588363647,1.3684597,3234896.0,,,
2023-02-03,293.2042,0.0957846641540527,2.2866838,3270962.0,,,
2023-02-04,292.95682,0.0038444995880126,1.5984119,3871554.0,,,
2023-02-05,295.62607,0.000435113790445,1.8503379,3871694.0,,,
2023-02-06,297.00558,0.3198832273483276,1.9355282,3825994.0,69.33413043478265,72.18397479157812,5.0
2023-02-07,298.51846,1.418337106704712,1.9963278,3422480.0,,,
2023-02-08,297.20724,0.6546556949615479,1.4293975,3715446.0,71.22125000000003,72.44741195595299,5.0
2023-02-09,297.4608,0.0008597968844696,1.310782,3820176.0,,,
2023-02-10,297.10886,0.0004276633262634,1.7667732,3575200.0,,,
2023-02-11,298.23233,0.90104341506958,2.5666811,3249426.0,109.95075,76.70731920032969,5.0
2023-02-12,300.12054,0.1498758792877197,2.8580115,3267374.0,,,
2023-02-13,298.37296,0.7727295160293579,2.6955059,3484628.0,91.44357859531772,74.89923433775465,5.0
2023-02-14,296.37753,0.0700831562280654,1.529291,3319550.0,,,
2023-02-15,297.42703,8.315913200378418,1.7968026,3127034.0,,,
2023-02-16,294.7556,0.00038743019104,2.486136,2867650.0,67.35253968253971,71.89951739262582,5.0
2023-02-17,286.05844,0.000852346420288,3.0830295,3864674.0,,,
2023-02-18,285.66272,0.0008680065511725,1.8486953,3772502.0,67.92855172413798,71.98305770440076,5.0
2023-02-19,289.07578,0.0,2.711599,3708072.0,,,
2023-02-20,291.69254,0.0008702276973053,2.50592,3664796.0,,,
2023-02-21,294.00723,2.0727663040161133,2.2969463,2972238.0,92.3666666666667,74.99776606100008,5.0
2023-02-22,293.36813,0.4274442195892334,1.7859589,3500568.0,,,
2023-02-23,294.3003,2.2550673484802246,1.8086201,3157972.0,63.43083333333332,71.31101022007113,5.0
2023-02-24,293.3904,1.5631914138793943,1.1607262,3439192.0,,,
2023-02-25,294.57697,1.7413792610168457,1.8199425,3343802.0,,,
2023-02-26,294.17078,0.0786185264587402,1.5460958,3513418.0,,,
2023-02-27,295.40945,0.0077491458505392,1.9006017,3450106.0,,,
2023-02-28,296.75436,3.305286169052124,2.5615253,3220516.0,92.89483050847451,75.05370106535341,5.0
2023-03-01,296.8147,0.0,1.3258324,3629540.0,,,
2023-03-02,296.06427,0.0008523463038727,1.9586962,3559066.0,,,
2023-03-03,296.266,0.000435113790445,2.0075796,3401550.0,97.8602127659574,75.56452798904924,5.0
2023-03-04,297.2803,0.0104159116744995,1.6286474,3348697.0,,,
2023-03-05,297.97928,0.5617619156837463,2.5215588,2641488.0,64.44650485436887,71.4668462311744,5.0
2023-03-06,296.6354,0.0104904174804687,2.6555502,3466676.0,,,
2023-03-07,295.63498,0.0422298908233642,1.9197859,3483730.0,,,
2023-03-08,296.37354,6.111804395914078e-07,1.8362247,3475934.0,110.25427272727272,76.73436272370935,5.0
2023-03-09,298.45364,0.000435113790445,2.2607834,3472650.0,,,
2023-03-10,298.63455,0.0008583068847656,2.077317,3433306.0,67.71472361809043,71.95212870401178,5.0
2023-03-11,299.16843,0.0004368268128018,2.8274715,3242910.0,,,
2023-03-12,299.33365,0.0942349433898925,2.5296752,3131350.0,,,
2023-03-13,299.57974,4.066124439239502,2.281833,2633806.0,71.67243243243246,72.5093617118238,5.0
2023-03-14,296.1077,0.4591942131519317,1.2007118,3236507.0,,,
2023-03-15,296.63437,0.0852700322866439,1.3022193,3335740.0,52.47288461538463,69.45050918157048,4.0
2023-03-16,296.78183,0.0008525970042683,1.452198,3373995.0,,,
2023-03-17,296.94955,0.0,1.3978133,3256907.0,,,
2023-03-18,297.0471,0.1985877752304077,1.6590109,2940435.0,67.84519553072624,71.9710123071625,5.0
2023-03-19,297.25333,0.4081757366657257,1.5190401,2662564.5,,,
2023-03-20,295.58047,0.7634460926055908,1.5496999,2299924.0,,,
2023-03-21,294.82254,2.102196216583252,1.4662896,2237686.0,,,
2023-03-22,293.38904,4.238086700439453,1.1708766,1774508.0,,,
2023-03-23,293.21823,1.6036033630371094,1.1544387,766040.0,,,
2023-03-24,292.28818,0.2291947603225708,1.1499404,2213802.0,,,
2023-03-25,292.80612,0.0180006027221679,1.6069878,2436612.0,107.98701183431952,76.53052750876093,5.0
2023-03-26,291.4602,0.0770986080169677,1.5491022,2647540.0,,,
2023-03-27,291.86237,0.0004321336746215,2.7528698,3055408.0,,,
2023-03-28,294.86557,0.0096112489700317,2.9062824,2232048.0,,,
2023-03-29,293.07455,0.0053271651268005,2.9749153,2885402.0,,,
2023-03-30,290.79742,0.6858706474304199,1.6817698,1406928.0,,,
2023-03-31,289.36893,0.0008583068847656,2.1151772,3034326.0,,,
2023-04-01,288.3887,0.1724637150764465,1.855544,719008.0,,,
2023-04-02,289.54068,0.6388574838638306,1.7973565,1181994.0,,,
2023-04-03,291.42038,1.1061429977416992,1.294948,1860918.0,,,
2023-04-04,289.78012,0.1279413700103759,1.921842,1640464.0,,,
2023-04-05,289.83545,0.2324879169464111,1.6722344,2215244.0,,,
2023-04-06,291.2566,0.3534201979637146,1.534689,2492020.0,,,
2023-04-07,292.31058,0.0120997428894042,1.1212424,2188988.0,,,
2023-04-08,292.4668,0.0008523463620804,1.9944648,2808066.0,,,
2023-04-09,292.5911,0.0057518482208251,2.5430558,2387962.0,48.44355555555554,68.66671730193431,4.0
2023-04-10,292.5342,0.000876186939422,2.1057718,2407858.0,,,
2023-04-11,293.62506,0.4047602415084839,2.4449332,1400274.0,,,
2023-04-12,290.51804,1.1629276275634766,2.1962376,1162174.0,,,
2023-04-13,283.79663,0.1332461833953857,2.169141,1518118.0,,,
2023-04-14,283.91666,0.0359335504472255,1.5221978,2155320.0,,,
2023-04-15,284.82205,0.0983700156211853,0.76203126,1440986.0,,,
2023-04-16,286.79968,0.0979062169790268,0.86023647,2092372.0,,,
2023-04-17,286.6279,0.1082196831703186,1.3531548,2607468.0,35.398721804511254,65.58908873737509,4.0
2023-04-18,287.62692,0.0008702276973053,1.3469619,2738548.0,,,
2023-04-19,288.3109,0.0,2.0179713,2748236.0,65.6566666666667,71.64934800469514,5.0
2023-04-20,288.45618,0.0,2.0032148,2243970.0,,,
2023-04-21,287.98242,0.03892183303833,2.4147694,2337184.0,,,
2023-04-22,288.60294,0.4803836345672607,1.4261848,2090376.0,,,
2023-04-23,288.30353,1.7339885234832764,1.0152794,1673634.0,,,
2023-04-24,287.4988,0.0171319115906953,0.824776,2486536.0,,,
2023-04-25,287.7396,0.0,1.2269255,2634204.0,,,
2023-04-26,289.0311,0.0,1.5064253,2644362.0,,,
2023-04-27,289.9335,0.0008523463038727,2.2544336,2614586.0,33.91434782608694,65.1688523942681,4.0
2023-04-28,290.83548,0.0008523463038727,3.6345851,2565560.0,,,
2023-04-29,292.23877,0.5649775266647339,3.4386866,1864802.0,33.36640845070423,65.0090621536421,4.0
2023-04-30,291.6671,0.353790819644928,3.530487,1183070.0,,,
2023-05-01,284.34195,0.0004276632098481,2.0253158,1917518.0,,,
2023-05-02,284.62503,0.0,1.227752,2255912.0,,,
2023-05-03,284.1735,0.0805497169494628,1.1609538,2259932.0,,,
2023-05-04,284.5403,1.7324090003967283,1.3073856,510936.0,,,
2023-05-05,285.05704,0.0541955232620239,1.2813491,2047384.0,,,
2023-05-06,286.07065,0.0008583068847656,1.4260205,2444112.0,,,
2023-05-07,286.54434,0.0008583068847656,1.5349878,2428776.0,37.226704545454496,66.08302866873619,4.0
2023-05-08,287.5275,0.0008583068847656,1.5515814,2450180.0,,,
2023-05-09,287.2203,0.003710389137268,2.0173674,2290836.0,33.51780487804879,65.05347327593583,4.0
2023-05-10,287.15332,0.0095143904909491,1.6217963,2025464.0,,,
2023-05-11,288.46594,0.0008681182516738,1.1510645,2310284.0,,,
2023-05-12,288.2085,0.0008583068847656,1.7758112,2364272.0,,,
2023-05-13,288.8683,0.0,2.0358593,2375016.0,,,
2023-05-14,289.81335,0.0008598481072112,2.109187,2358416.0,,,
2023-05-15,289.77774,0.0008821489172987,2.7135231,2256236.0,,,
2023-05-16,290.5862,0.1826882362365722,2.9914124,1696436.0,,,
2023-05-17,290.13577,1.197606325149536,2.0626395,2271124.0,,,
2023-05-18,287.36423,0.2758949995040893,1.9349966,1359856.0,,,
2023-05-19,287.90442,0.0704675912857055,1.1722804,1570476.0,50.763818181818166,69.12567366959469,4.0
2023-05-20,284.97034,0.0703409314155578,2.044338,1500992.0,,,
2023-05-21,286.47318,0.002436339855194,1.6446935,2010756.0,,,
2023-05-22,287.63998,0.0133663415908813,1.7619256,1436132.0,,,
2023-05-23,288.08517,0.0367537140846252,2.5808594,975976.0,,,
2023-05-24,289.3242,0.2638325095176697,1.5375417,987024.0,,,
2023-05-25,290.0725,1.2587831020355225,1.1535615,1214152.0,,,
2023-05-26,289.9117,0.1115649938583374,1.7805892,1206552.0,,,
2023-05-27,283.33902,0.0062659382820129,2.4445078,2150996.0,,,
2023-05-28,282.2031,0.036776065826416,1.3354421,1233636.0,,,
2023-05-29,282.21323,0.0008523463038727,1.8875489,1941496.0,,,
2023-05-30,284.33463,0.0,1.5782446,2152488.0,,,
2023-05-31,286.3752,0.0008583068847656,1.9296209,2093696.0,,,
2023-06-01,286.2745,0.0028721988201141,2.183236,1998544.0,,,
2023-06-02,288.8782,0.0242739915847778,2.9721754,1820700.0,,,
2023-06-03,287.9751,0.7335842251777649,1.4733042,647680.0,,,
2023-06-04,286.04272,0.0013411045074462,2.3330727,1844816.0,,,
2023-06-05,286.23245,0.009387731552124,1.4517193,1870412.0,,,
2023-06-06,288.21506,0.0953972339630127,2.3738084,1040874.0,,,
2023-06-07,286.68265,0.0053495168685913,1.3564863,1982860.0,,,
2023-06-08,290.05063,0.0030398368835449,2.621328,2001028.0,,,
2023-06-09,287.93307,0.0021755693014711,3.4765074,2120416.0,,,
2023-06-10,282.19238,0.0267848372459411,1.9549804,1895980.0,,,
2023-06-11,281.21936,0.0008583068847656,1.3865877,2127772.0,40.944487804878015,67.01685066626447,4.0
2023-06-12,279.0753,0.0008762739016674,1.3218415,2153292.0,,,
2023-06-13,278.90625,0.0008583068847656,1.0966054,2177528.0,33.467692307692275,65.03879534033595,4.0
2023-06-14,278.84525,0.0008733910508453,1.9068922,1773840.0,,,
2023-06-15,279.35645,0.0008845485863275,1.7498068,2115532.0,,,
2023-06-16,280.0071,0.0008631195523776,1.8335744,2064272.0,26.958019801980143,62.91689498021675,4.0
2023-06-17,279.8774,0.0001788139343261,1.2697135,1702000.0,,,
2023-06-18,279.82272,0.1620054244995117,2.466304,1339668.0,,,
2023-06-19,281.78323,0.1075752079486846,1.536377,796192.0,,,
2023-06-20,282.68137,0.3248974680900574,1.076878,1994968.0,,,
2023-06-21,282.4622,0.000859797000885,1.1059041,1938688.0,,,
2023-06-22,282.58936,0.0008821489172987,2.1126778,2023328.0,,,
2023-06-23,285.74536,0.0008597968844696,1.9874862,2039296.0,,,
2023-06-24,287.8749,0.0008523463620804,2.1985166,2055376.0,,,
2023-06-25,285.76306,0.000426173210144,1.7835003,2093530.0,,,
2023-06-26,286.6331,0.1951754093170166,2.6330366,1207326.0,21.73355555555552,60.80359114463036,4.0
2023-06-27,284.6787,0.0151582062244415,1.300024,2131498.0,,,
2023-06-28,283.0453,0.0008583068847656,2.0505197,2028668.0,18.27033057851244,59.10078173466728,4.0
2023-06-29,281.26404,0.0008583068847656,1.9933916,1944076.0,,,
2023-06-30,282.2631,0.0008583068847656,1.9176556,1870956.0,,,
2023-07-01,283.0287,0.013589859008789,2.2790701,1815372.0,,,
2023-07-02,289.0522,0.0008612872334197,3.3926477,2002144.0,,,
2023-07-03,288.9069,0.0020265583880245,2.5182757,1697534.0,,,
2023-07-04,290.30972,0.2833753824234009,2.2312977,1282412.0,,,
2023-07-05,287.0781,0.1897662878036499,1.6053449,962362.0,,,
2023-07-06,284.77243,0.1520067453384399,1.4214922,1330274.0,,,
2023-07-07,282.97934,0.0019967555999755,1.53833,2036280.0,,,
2023-07-08,283.7565,0.0734776258468627,1.2485813,1004640.0,35.28058823529414,65.55629579153218,4.0
2023-07-09,284.76675,1.0379105806350708,1.1646439,543138.0,,,
2023-07-10,285.12515,0.8016228675842285,1.1262367,359480.0,,,
2023-07-11,282.32263,0.6755292415618896,1.3082088,641604.0,,,
2023-07-12,280.51688,0.0069011002779006,2.1655517,1939400.0,,,
2023-07-13,278.38284,0.0008583068847656,1.5233756,2061636.0,,,
2023-07-14,277.84592,0.0,2.1514452,2163580.0,,,
2023-07-15,279.46155,0.0175628811120986,1.8398987,2104960.0,,,
2023-07-16,280.0869,0.0163018703460693,1.2142576,1917300.0,,,
2023-07-17,278.7073,0.0008583068847656,1.2949615,2080406.0,,,
2023-07-18,278.09473,0.0008672475814819,1.945073,2050248.0,27.05435714285713,62.95188956366747,4.0
2023-07-19,279.07208,0.0008383042295463,2.7162094,2208522.0,,,
2023-07-20,282.6349,0.0008583068847656,2.679806,1987248.0,,,
2023-07-21,286.91965,0.0077550294809043,3.1280801,2180766.0,,,
2023-07-22,288.46716,0.0047624106518924,2.4063432,2238084.0,,,
2023-07-23,282.80887,0.0016704202862456,2.502518,1986752.0,,,
2023-07-24,281.29358,0.0121176056563854,1.5142974,2140408.0,,,
2023-07-25,280.76596,0.0004410743713378,1.2186931,2320696.0,,,
2023-07-26,281.3013,0.000426173210144,1.7057624,2338712.0,36.56020618556696,65.90580138880873,4.0
2023-07-27,282.57327,0.0,1.9501919,2311460.0,,,
2023-07-28,282.50497,0.0008597968844696,1.6382779,2352268.0,30.76802325581397,64.2137290174121,4.0
2023-07-29,284.9819,0.0,2.923849,2249414.0,,,
2023-07-30,287.61856,0.0008523463038727,2.1347606,2194954.0,,,
2023-07-31,287.52408,0.0008523463038727,2.4028943,2343694.0,,,
2023-08-01,292.0962,0.0036209819372743,2.70119,2358404.0,,,
2023-08-02,291.6038,0.255778431892395,2.2529852,2047818.0,61.03155844155848,70.93274651338133,5.0
2023-08-03,286.4149,0.0008583068847656,2.3632917,2414024.0,,,
2023-08-04,285.73154,0.0008583068847656,1.4370055,2385694.0,,,
2023-08-05,286.5952,0.0,1.6886133,2394224.0,,,
2023-08-06,288.16653,0.0008523463038727,2.5871913,2484000.0,,,
2023-08-07,284.34702,0.2386868000030517,2.6944609,1813120.0,35.6733823529412,65.6649112679035,4.0
2023-08-08,281.41266,0.0008583068847656,1.0307267,2399412.0,,,
2023-08-09,282.7443,0.0,1.8051363,2525868.0,,,
2023-08-10,287.1388,0.000426173210144,2.8775444,2507554.0,52.78554347826085,69.50878845708766,4.0
2023-08-11,284.30383,0.0008583068847656,1.9702826,2544848.0,,,
2023-08-12,282.8202,0.0004351138486526,1.2451905,2575468.0,,,
2023-08-13,284.29697,0.0,2.6513155,2642632.0,,,
2023-08-14,288.72815,0.0,2.4941099,2365694.0,,,
2023-08-15,290.57925,0.0,3.1679688,2549062.0,48.93467005076141,68.76566907512048,4.0
2023-08-16,291.8861,0.098884105682373,2.0527294,2503682.0,,,
2023-08-17,288.79712,0.0486001372337341,1.695652,2669612.0,60.41941176470589,70.83385541777304,5.0
2023-08-18,284.5222,0.0,2.3313348,2647726.0,,,
2023-08-19,284.1951,0.000435113790445,2.4204257,2653396.0,,,
2023-08-20,284.53207,0.0004276633262634,2.0805836,2727400.0,58.73600840336135,70.55664963397834,5.0
2023-08-21,289.80237,0.0027567148208618,3.5518131,2677486.0,,,
2023-08-22,286.48373,0.0008579699206165,2.4197652,2719732.0,44.587709923664114,67.85306551884842,4.0
2023-08-23,282.924,0.0534877181053161,1.7522761,2686930.0,,,
2023-08-24,284.61252,0.0442713499069213,2.0137951,2613472.0,,,
2023-08-25,283.83517,0.0863000750541687,1.2046293,2220320.0,,,
2023-08-26,282.18173,0.0021010637283325,1.6973389,2687400.0,,,
2023-08-27,283.12943,0.0,1.970966,2846746.0,50.57551020408163,69.08921589121402,4.0
2023-08-28,283.78293,0.0017166138859465,3.1603978,2889746.0,,,
2023-08-29,285.68454,0.0004336237325333,1.8455194,2898504.0,,,
2023-08-30,289.44595,0.000435113790445,2.961878,2867130.0,53.70984693877548,69.67908023413163,4.0
2023-08-31,286.2847,0.0008583068847656,2.6371324,2816062.0,,,
2023-09-01,289.619,1.2192726135253906,1.8647572,581596.0,,,
2023-09-02,285.8759,1.6315877437591553,2.5485747,2120004.0,,,
2023-09-03,282.21274,0.1020729541778564,2.161302,2433536.0,,,
2023-09-04,282.56772,0.0,2.2755253,2868644.0,,,
2023-09-05,282.36618,0.0594407320022583,1.7960306,1209790.0,,,
2023-09-06,282.06073,0.1209974288940429,1.8959599,1742010.0,,,
2023-09-07,285.0162,0.0970587134361267,1.356599,1642848.0,,,
2023-09-08,282.96094,0.0017166137695312,0.99204797,2995026.0,,,
2023-09-09,285.55136,0.0008553267689421,2.2124634,3034668.0,,,
2023-09-10,290.25833,0.2043098211288452,2.5549576,3077776.0,,,
2023-09-11,292.55093,0.0859200954437255,3.3691988,2382996.0,43.56632075471703,67.62572988650126,4.0
2023-09-12,284.53183,0.0281512737274169,2.79084,3160646.0,,,
2023-09-13,284.2311,0.0008628144860267,1.4209484,3135768.0,,,
2023-09-14,286.63376,0.000426173210144,2.852267,3216366.0,,,
2023-09-15,291.4342,0.0,3.6745493,3212146.0,,,
2023-09-16,293.58234,0.0008597968844696,2.6587355,2909166.0,42.292885906040304,67.33471131107436,4.0
2023-09-17,288.25192,0.0,3.1246078,3181420.0,,,
2023-09-18,284.3809,0.0008583068847656,3.1086786,3207070.0,,,
2023-09-19,285.66373,0.0430643558502197,1.3590103,3007064.0,53.41458333333333,69.62500212520598,4.0
2023-09-20,286.90158,0.0026188790798187,1.4222533,3216894.0,,,
2023-09-21,290.69836,0.1538420915603637,2.0387185,2161398.0,,,
2023-09-22,290.2946,0.0965893268585205,1.7066079,2614334.5,,,
2023-09-23,290.6418,0.1785717904567718,1.4315653,1803293.5,,,
2023-09-24,288.11346,0.0611022114753723,1.6756893,2562556.5,,,
2023-09-25,289.48508,0.0562146306037902,1.7322677,2009010.0,,,
2023-09-26,286.397,0.0,2.9039078,3466430.0,,,
2023-09-27,286.57043,0.0,1.8610567,3370667.0,,,
2023-09-28,288.10114,0.0008523463038727,2.5277138,2903135.0,,,
2023-09-29,287.53702,0.0008583068847656,2.4711015,3296535.0,,,
2023-09-30,287.5062,0.0004410743713378,1.6592216,3420857.0,,,
2023-10-01,289.40936,0.0,2.76272,3405572.0,59.99090909090912,70.76403367914776,5.0
2023-10-02,291.0969,0.1128315776586532,2.912511,2912049.0,,,
2023-10-03,289.45367,0.1571178436279297,1.635748,3509689.0,,,
2023-10-04,286.16055,0.000870227755513,2.5971909,3499149.0,59.60751196172249,70.70113755245845,5.0
2023-10-05,288.3232,0.169605016708374,2.377813,3227425.0,,,
2023-10-06,290.34534,0.0280141830444335,2.0821362,3406510.0,,,
2023-10-07,290.29007,0.0008583068847656,1.9968868,3499434.0,,,
2023-10-08,292.26492,0.0008523463038727,2.592761,3519695.0,,,
2023-10-09,294.2764,0.0976920127868652,3.5174897,3524886.0,66.72606145251396,71.80784286574769,5.0
2023-10-10,296.6644,0.528290867805481,2.7526543,3157594.0,,,
2023-10-11,288.78137,0.0008523463038727,5.0067787,3621926.0,,,
2023-10-12,284.6524,0.0008672475814819,2.0064037,3625638.0,,,
2023-10-13,286.12112,0.0008707203087396,2.0890837,3611450.0,,,
2023-10-14,288.3279,0.0008523463038727,2.3456671,3587760.0,62.45983221476508,71.15967715922547,5.0
2023-10-15,292.38235,0.0008583068847656,2.3466318,3544308.0,,,
2023-10-16,294.78882,0.0045001506805419,2.528848,3500220.0,67.03397790055246,71.85300830836584,5.0
2023-10-17,290.49915,0.3279298543930053,3.4687088,843904.0,,,
2023-10-18,285.5543,0.2528056502342224,1.8161168,3285600.0,,,
2023-10-19,288.8132,0.0008702278719283,1.4564842,3627914.0,52.13367924528304,69.38688762244135,4.0
2023-10-20,292.51474,0.0772491618990898,2.1014984,2132960.0,,,
2023-10-21,295.1117,1.4085099697113037,2.474219,1488364.0,,,
2023-10-22,293.3088,1.2328028678894043,2.1059825,1866980.0,,,
2023-10-23,292.323,0.6955749988555908,1.9409236,2619560.0,,,
2023-10-24,288.50632,0.1072138547897338,2.750697,1486926.0,,,
2023-10-25,287.95898,0.1939088106155395,1.706945,1964704.0,,,
2023-10-26,289.50555,0.8337945342063904,1.9620919,3021432.0,,,
2023-10-27,292.1311,0.6189206838607788,1.8538008,3488140.0,,,
2023-10-28,293.6479,0.0350922346115112,2.6369503,3724652.0,,,
2023-10-29,298.2432,0.4889518022537231,2.8387253,2396038.0,69.15961748633879,72.15925204479683,5.0
2023-10-30,288.1821,0.1560151576995849,3.637638,3518522.0,,,
2023-10-31,287.00635,0.4132725298404693,2.1933649,926890.0,,,
2023-11-01,281.04684,2.2457540035247803,2.3385017,2462236.0,,,
2023-11-02,283.23752,0.0001704320311546,3.1443737,3879798.0,,,
2023-11-03,285.6531,0.0008706265361979,2.2373421,3855402.0,60.41941176470589,70.83385541777304,5.0
2023-11-04,289.3818,0.0008612653473392,2.573408,3831528.0,,,
2023-11-05,290.3276,0.0008726499509066,2.488313,3844840.0,47.41213114754098,68.45559442919463,4.0
2023-11-06,293.55472,0.1539885997772216,3.220146,3784140.0,,,
2023-11-07,298.22388,0.0008636198472231,2.8428452,3775672.0,,,
2023-11-08,294.7789,0.0008523463038727,3.2685478,3827298.0,67.04781249999999,71.85503270587213,5.0
2023-11-09,292.7407,0.1705884933471679,2.3361232,2714108.0,,,
2023-11-10,293.82788,0.0708803534507751,2.1048267,3815396.0,,,
2023-11-11,296.07773,0.8866041898727417,2.4807043,3111564.0,,,
2023-11-12,291.4869,0.0251382589340209,3.172497,3848086.0,,,
2023-11-13,289.94016,0.0561922788619995,2.3210897,3327038.0,,,
2023-11-14,291.60168,0.7124483585357666,2.0031865,3457966.0,,,
2023-11-15,293.82367,2.748720407485962,1.4042827,3436612.0,,,
2023-11-16,291.6207,0.1337975263595581,2.178786,3766574.0,,,
2023-11-17,295.26584,0.000435113790445,2.6293383,3913864.0,,,
2023-11-18,292.75003,0.0008648072252981,2.7560947,3652562.0,69.68591240875912,72.23362214400075,5.0
2023-11-19,292.58554,0.0004351139068603,2.6111133,3883810.0,,,
2023-11-20,297.3032,5.837857723236084,3.413448,2703648.0,59.495560000000005,70.68269555848045,5.0
2023-11-21,297.46625,2.628028392791748,1.6965904,3278070.0,,,
2023-11-22,291.97903,0.0008583068847656,2.5982885,3658950.0,,,
2023-11-23,292.7074,0.1572072356939315,1.8857495,2928970.0,,,
2023-11-24,293.3773,0.0010430812835693,2.1084428,3383348.0,,,
2023-11-25,293.9638,0.3082633316516876,2.4002125,3830346.0,87.43803571428569,74.45982702026802,5.0
2023-11-26,295.16287,0.6722509860992432,2.0336492,3511212.0,,,
2023-11-27,295.56277,0.136449933052063,2.2275374,3642180.0,,,
2023-11-28,297.4891,3.957256317138672,2.320734,1429568.0,70.26237024221453,72.31443890319365,5.0
2023-11-29,293.9159,1.084953546524048,1.7095872,2064980.0,,,
2023-11-30,292.08926,1.868515968322754,1.4982961,2971764.0,,,
2023-12-01,295.67685,0.0021755695343017,1.860519,3824962.0,,,
2023-12-02,295.84995,0.2644658088684082,1.6743759,1096764.0,,,
2023-12-03,288.76346,0.2541318535804748,3.620896,2294832.0,,,
2023-12-04,285.8942,0.4135072231292724,2.0278003,1446200.0,,,
2023-12-05,287.04626,0.2805888652801513,1.2546662,1855580.0,,,
2023-12-06,291.3257,0.0041574239730834,1.5474863,3937292.0,,,
2023-12-07,293.63367,0.0062435865402221,1.8416805,3871028.0,,,
2023-12-08,293.2513,0.4071146249771118,2.563113,1771296.0,69.27142,72.1750979550407,5.0
2023-12-09,292.1141,0.000859796826262,2.204043,4038700.0,,,
2023-12-10,293.71094,0.0008597968844696,1.7913891,3905380.0,77.34229166666668,73.25624339387124,5.0
2023-12-11,294.33078,0.1526773124933242,3.4347038,3136000.0,,,
2023-12-12,297.1068,0.9061992168426514,2.6903775,2103448.0,,,
2023-12-13,297.05246,0.7131248712539673,1.8292923,2514564.0,,,
2023-12-14,296.2702,0.5021244287490845,2.484097,2631668.0,,,
2023-12-15,297.3671,0.5981773138046265,2.0866845,3079424.0,,,
2023-12-16,299.60016,1.649707555770874,3.525365,3682464.0,,,
2023-12-17,299.39502,1.3361871242523191,2.3475616,2109976.0,,,
2023-12-18,290.89053,0.5152523517608643,3.8177338,594272.0,,,
2023-12-19,285.56198,0.4170387983322143,2.8364086,1845592.0,,,
2023-12-20,288.20724,0.1021325588226318,1.3292583,2561780.0,,,
2023-12-21,292.5179,0.0905245542526245,1.5836462,2454472.0,,,
2023-12-22,294.1492,0.0732353702187538,1.4710575,3151856.0,,,
2023-12-23,295.9583,0.6590336561203003,1.4965302,3006204.0,72.52710359408033,72.62565088316995,5.0
2023-12-24,296.2287,1.0319576263427734,1.3977293,3702108.0,,,
2023-12-25,296.57962,0.0008672475814819,2.60909,3910932.0,53.19199999999999,69.58403756927251,4.0
2023-12-26,295.98706,0.0052303075790405,1.9718529,3192724.0,,,
2023-12-27,296.6911,0.3351569175720215,3.1277153,3425636.0,,,
2023-12-28,299.00885,0.028163194656372,2.1839702,3811576.0,67.27545454545455,71.88828339509385,5.0
2023-12-29,298.60727,0.0061988830566406,2.217723,3863908.0,,,
2023-12-30,294.75955,0.648990273475647,2.4916036,1928304.0,,,
2023-12-31,294.1547,0.8140355348587036,2.8840587,2930948.0,,,
2024-01-01,294.80054,1.1666417121887207,1.2118096,3375880.0,,,
2024-01-02,296.3513,1.0562241077423096,1.3805342,3679220.0,126.81869565217389,78.10746062195916,5.0
2024-01-03,296.50607,0.6143152713775635,1.3794457,3542008.0,,,
2024-01-04,297.39157,0.0105947256088256,1.4945621,3564892.0,53.97866438356162,69.72805676056845,4.0
2024-01-05,298.18393,0.4189014434814453,2.18488,3416350.0,,,
2024-01-06,297.78506,8.695099830627441,2.4402883,1364776.0,,,
2024-01-07,293.9877,0.6184576749801636,1.3456458,2403972.0,,,
2024-01-08,294.2046,0.2669692039489746,1.4854912,1588700.0,,,
2024-01-09,293.7128,0.3584921360015869,1.1017166,2600904.0,,,
2024-01-10,294.61227,1.031853199005127,1.5688481,2505400.0,,,
2024-01-11,293.59738,0.5122125148773193,2.074828,2451180.0,,,
2024-01-12,293.44342,0.468321144580841,1.9588509,2594898.0,,,
2024-01-13,295.74228,1.694798469543457,2.720136,3168636.0,,,
2024-01-14,295.68552,0.0306516885757446,2.3665736,3038044.0,,,
2024-01-15,295.43298,5.5289716720581055,2.2551365,2281788.0,,,
2024-01-16,293.86252,0.0005885958671569,3.2078598,4042440.0,,,
2024-01-17,293.2207,0.0004544854164123,2.1157143,3934136.0,59.33879912663756,70.6568137332068,5.0
2024-01-18,294.56442,0.1119971275329589,1.4618298,3480142.0,,,
2024-01-19,295.95642,0.0441372394561767,1.805338,3377898.0,41.33536585365852,67.11005799064239,4.0
2024-01-20,295.08182,0.0877827405929565,1.8160986,3695742.0,,,
2024-01-21,293.74893,0.0008761882781982,1.6492981,3782982.0,,,
2024-01-22,294.27414,0.0008583068847656,1.5905069,4027710.0,58.34033232628399,70.49034081239256,5.0
2024-01-23,293.87305,0.0001490116119384,1.8034395,3925404.0,,,
2024-01-24,295.06116,0.0008523463038727,1.766208,3931296.0,46.70364806866954,68.30789655430208,4.0
2024-01-25,296.15372,0.0,2.331565,3942388.0,,,
2024-01-26,295.71997,0.0,2.5362127,3935692.0,,,
2024-01-27,295.79248,0.000435113790445,2.1057677,3825252.0,61.77329787234043,71.05125245071227,5.0
2024-01-28,296.40213,0.0880956649780273,2.1177008,3613178.0,,,
2024-01-29,298.02307,0.0984072685241699,1.5871729,3619518.0,45.60546218487396,68.07446971714776,4.0
2024-01-30,299.8394,0.1877650469541549,1.7813689,3667380.0,,,
2024-01-31,299.34766,0.0008672475814819,1.7646557,3708298.0,,,
2024-02-01,300.1661,0.0008597968844696,2.3265865,3895574.0,52.97932084309136,69.54473533014843,4.0
2024-02-02,299.70425,0.4829615354537964,2.2505457,3554374.0,,,
2024-02-03,300.94806,0.7132440805435181,1.8275334,2931430.0,49.34668103448275,68.84791970320424,4.0
2024-02-04,297.82217,3.001302480697632,2.210267,3148856.0,,,
2024-02-05,298.04517,5.374163627624512,2.261885,3439490.0,,,
2024-02-06,299.25504,0.9755343198776244,2.2269819,3292710.0,,,
2024-02-07,300.56067,4.5076904296875,2.1550224,3194456.0,,,
2024-02-08,299.58014,7.794484615325928,2.0203702,2373680.0,,,
2024-02-09,294.7606,0.1482665538787841,1.308647,2983506.0,,,
2024-02-10,295.34933,0.4815161228179931,1.1664062,3365114.0,,,
2024-02-11,296.6698,3.76678991317749,1.7878662,1327492.0,,,
2024-02-12,295.27957,0.2480689436197281,2.4891152,3530794.0,,,
2024-02-13,290.56265,0.0008616452687419,2.6492476,3830386.0,,,
2024-02-14,290.6642,0.0008597968844696,1.6455215,3814764.0,,,
2024-02-15,292.51254,0.0,1.9504051,3776012.0,,,
2024-02-16,294.4514,0.0077039003372192,1.9208039,3702250.0,121.1276963350785,77.65705269443663,5.0
2024-02-17,294.83444,0.1928508281707763,1.7931105,1943120.0,,,
2024-02-18,294.6567,0.0008665269706398,1.3971993,3724864.0,,,
2024-02-19,294.2936,0.0054291235283017,1.5907732,3482802.0,,,
2024-02-20,295.25613,0.0036358833312988,1.4636726,2833466.0,,,
2024-02-21,296.28207,3.228622436523437,1.4733715,3371118.0,,,
2024-02-22,296.87537,5.55427360534668,1.9806353,2524840.0,,,
2024-02-23,290.80423,0.2935081720352173,3.0901642,2380030.0,,,
2024-02-24,291.1477,1.3778507709503174,1.7194614,672902.0,,,
2024-02-25,290.6902,0.5348106026649475,1.6776069,2056898.0,,,
2024-02-26,293.04678,0.3828927874565124,1.2081962,2482068.0,,,
2024-02-27,295.20584,1.1726170778274536,1.2473835,2824498.0,,,
2024-02-28,295.34525,0.703960657119751,1.2660568,2486314.0,,,
2024-02-29,295.1215,1.1259801387786863,1.2654451,2529930.0,,,
2024-03-01,295.8425,1.957863569259644,1.7900132,2232358.0,,,
2024-03-02,296.39474,0.3774911165237427,1.5912914,2831238.0,,,
2024-03-03,291.92508,0.0054985284805297,2.8932865,2250878.0,,,
2024-03-04,290.9338,0.1385450363159179,1.1953764,2985783.0,,,
2024-03-05,292.22696,0.0270605105906724,1.4274158,2955408.0,,,
2024-03-06,291.6826,0.1430809497833252,2.6076787,1848842.0,,,
2024-03-07,293.42856,0.0878721475601196,2.4322758,2882298.0,,,
2024-03-08,296.97086,0.2768337726593017,2.374053,2003161.5,,,
2024-03-09,295.66516,0.6524175405502319,1.5828977,1874309.0,,,
2024-03-10,294.70712,0.2608299255371094,1.8530408,2605568.5,,,
2024-03-11,297.88486,2.36368179321289,2.4061127,3304669.0,,,
2024-03-12,300.51163,0.8455142378807068,2.6754086,2287119.0,57.11673469387755,70.28240304811071,5.0
2024-03-13,297.69324,1.6217827796936035,1.8072714,2296725.25,,,
2024-03-14,296.23917,1.0688302516937256,1.3259655,1124243.5,,,
2024-03-15,293.983,0.8075237274169922,1.4553776,2379561.0,,,
2024-03-16,294.47427,0.7108784914016724,1.3837843,1797068.0,,,
2024-03-17,294.01248,0.2250075340270996,2.0120075,2264119.0,,,
2024-03-18,295.88394,0.5043410062789917,1.3300053,2371017.5,,,
2024-03-19,296.7678,1.2003183364868164,1.4188169,2757776.0,,,
2024-03-20,298.48972,1.962620735168457,2.5377305,3000518.0,,,
2024-03-21,289.86154,0.0008616343839094,3.4033935,3258078.0,,,
2024-03-22,289.37857,0.0008523463038727,1.6586546,3234708.0,66.90051470588239,71.83345734210477,5.0
2024-03-23,290.69064,0.0008523463038727,2.6545515,3158474.0,,,
2024-03-24,292.4456,0.2150386571884155,1.592947,2642904.0,62.44732558139538,71.1577126589369,5.0
2024-03-25,293.89938,0.3254413604736328,1.4840814,2240602.0,,,
2024-03-26,294.0189,1.6219019889831543,1.7910751,2811024.0,,,
2024-03-27,294.51227,2.341881275177002,0.9413748,2877202.0,,,
2024-03-28,293.7607,0.0,1.3108686,3034702.0,,,
2024-03-29,294.7753,0.0151991825550794,2.1018536,2740614.0,44.724361702127645,67.88308508884441,4.0
2024-03-30,296.25803,0.1223757863044738,1.9450213,2506324.0,,,
2024-03-31,292.6703,0.3682076930999756,1.9882717,1076000.0,,,
2024-04-01,288.54703,0.0034831464290618,2.1945846,2998426.0,,,
2024-04-02,288.8579,0.6307363510131836,1.9291229,1775980.0,,,
2024-04-03,291.24023,0.0650882720947265,2.189477,2992622.0,,,
2024-04-04,289.51492,0.0008642674074508,1.7286663,2561750.0,,,
2024-04-05,290.84927,3.800436973571777,1.4181653,475114.0,,,
2024-04-06,290.1545,0.0505466014146804,1.0382069,2949254.0,,,
2024-04-07,289.26855,0.0008702263585291,1.3709666,2981496.0,,,
2024-04-08,289.90817,0.2745985984802246,1.7983289,2591716.0,45.26516129032259,68.00099454433717,4.0
2024-04-09,289.76746,0.5702972412109375,2.1689107,853822.0,,,
2024-04-10,286.95398,0.3464296460151672,2.6133387,1045262.0,,,
2024-04-11,282.19522,0.2681333422660827,1.7420006,291242.0,,,
2024-04-12,283.23264,0.3414929509162903,1.5911899,559672.0,,,
2024-04-13,284.63217,0.5922316312789917,2.5098364,897514.0,,,
2024-04-14,287.24463,1.81428337097168,1.482441,2310056.0,,,
2024-04-15,288.12683,0.0090450048446655,1.5244551,2806226.0,,,
2024-04-16,288.31015,0.000426173210144,1.4784073,2828884.0,26.805757575757585,62.861329820715945,4.0
2024-04-17,288.72733,0.0,2.5249188,2782464.0,,,
2024-04-18,289.55502,0.0008523463038727,2.3752675,2777630.0,22.86322580645158,61.30068694368432,4.0
2024-04-19,290.85104,0.0,3.0950508,2705494.0,,,
2024-04-20,290.506,0.1025795936584472,1.7260557,1941940.0,,,
2024-04-21,291.21262,0.1156330108642578,1.2928785,2189198.0,,,
2024-04-22,291.98047,0.6723791360855103,1.1493953,1352470.0,,,
2024-04-23,288.48788,0.3310889005661011,1.7681776,696818.0,,,
2024-04-24,284.53253,0.0271499156951904,0.94300026,1762252.0,,,
2024-04-25,288.02347,0.1139789819717407,1.6308527,2309708.0,,,
2024-04-26,290.227,0.5841590166091919,1.2776861,1578930.0,,,
2024-04-27,286.8184,0.0020787119865417,2.227355,2506214.0,,,
2024-04-28,285.7859,0.0008583068847656,1.9083128,2506144.0,17.960238095238065,58.932852736839195,4.0
2024-04-29,287.94952,0.0076889991760253,2.138098,2511936.0,,,
2024-04-30,291.02304,0.5716681480407715,2.02338,912182.0,,,
2024-05-01,285.9379,0.3111585974693298,2.1941247,1782460.0,,,
2024-05-02,282.7443,0.0032782554626464,2.2901227,1679406.0,,,
2024-05-03,282.6271,0.0008523463038727,1.2841622,2518904.0,,,
2024-05-04,284.7238,0.0008702276973053,2.2548773,2501868.0,,,
2024-05-05,288.13657,0.0741034746170044,2.0486066,1837862.0,,,
2024-05-06,286.5701,0.0514835119247436,1.3222437,2249008.0,,,
2024-05-07,287.5,0.5625933408737183,0.9714677,2506976.0,,,
2024-05-08,286.05435,0.0008702045306563,2.560695,2365008.0,17.997647058823546,58.953264508198984,4.0
2024-05-09,282.46396,0.0008583068847656,2.2111948,2442420.0,,,
2024-05-10,282.6974,0.0001490116119384,1.6502906,2365152.0,,,
2024-05-11,282.43982,0.309675931930542,1.4770344,1191964.0,45.133728813559344,67.97246867407313,4.0
2024-05-12,280.7154,0.119844451546669,1.8686409,1605688.0,,,
2024-05-13,278.7258,0.0229459255933761,2.1721032,2164796.0,,,
2024-05-14,279.566,0.0008583068847656,1.2608093,2313536.0,,,
2024-05-15,279.22702,0.0008742006029933,2.3652804,2084432.0,,,
2024-05-16,280.2631,0.371485948562622,1.4511375,1746560.0,,,
2024-05-17,281.46555,0.1921579241752624,1.2832148,1894368.0,,,
2024-05-18,280.4103,0.0015973928384482,1.1312404,2323092.0,28.28774647887326,63.38922578510017,4.0
2024-05-19,280.50565,0.0,1.499949,2182500.0,,,
2024-05-20,282.1058,0.0008523463038727,3.233517,1828316.0,,,
2024-05-21,282.02515,0.0501275062561035,1.742108,1486560.0,,,
2024-05-22,281.69766,0.5751550197601318,1.1290358,549708.0,,,
2024-05-23,281.54257,0.145393431186676,1.7755123,1280068.0,,,
2024-05-24,278.3342,0.2189353108406067,1.7683506,1529992.0,,,
2024-05-25,277.74503,0.0258982181549072,1.5648347,1275688.0,,,
2024-05-26,275.38144,0.0380873680114746,1.256815,2048512.0,,,
2024-05-27,278.45627,0.0,0.8864114,2210744.0,,,
2024-05-28,278.555,0.0008583068847656,1.7912092,2142000.0,17.80124999999998,58.84562574640021,4.0
2024-05-29,281.83127,0.0008597968844696,2.5286562,2186312.0,,,
2024-05-30,282.49988,0.0,1.7588195,2171352.0,,,
2024-05-31,282.2357,0.0008583068847656,1.9915756,2176652.0,26.213407821229023,62.642118792234776,4.0
2024-06-01,284.84787,0.0373125076293945,2.1075866,1642152.0,,,
2024-06-02,282.30136,0.0008672475814819,2.6567848,2059404.0,,,
2024-06-03,279.00046,0.0,1.6302115,2014980.0,,,
2024-06-04,280.68723,0.0,2.1067982,2096930.0,,,
2024-06-05,283.7921,0.0008523463038727,1.9287678,2023506.0,,,
2024-06-06,286.92398,0.0010430812835693,1.9456735,1982880.0,,,
2024-06-07,288.0663,0.0,1.8833709,1759762.0,,,
2024-06-08,289.35315,0.0,2.1745086,2054412.0,,,
2024-06-09,289.3262,0.0008523463038727,2.4536288,2083804.0,,,
2024-06-10,285.29916,0.0008702276973053,1.5430651,2033352.0,38.54651685393257,66.42480292846653,4.0
2024-06-11,286.04895,0.0008523463038727,1.7271551,1946004.0,,,
2024-06-12,288.73373,0.0211894512176513,2.6046963,2033400.0,,,
2024-06-13,292.3102,0.2628713846206665,3.0475042,1131952.0,,,
2024-06-14,287.3611,0.0349525362253189,3.0057843,1898964.0,,,
2024-06-15,284.2463,0.0008583068847656,1.64827,1927172.0,,,
2024-06-16,284.6074,0.000435113790445,1.391715,1991128.0,,,
2024-06-17,283.53128,0.0008523463038727,1.8709707,2085708.0,21.674200000000013,60.77676283455276,4.0
2024-06-18,285.54724,0.3229379653930664,2.2891693,1233964.0,,,
2024-06-19,282.40555,0.0032931566238403,1.9959378,1733998.0,,,
2024-06-20,282.23923,0.0034850090742111,1.7075793,1815174.0,,,
2024-06-21,286.595,0.1486539840698242,2.100576,1316800.0,,,
2024-06-22,285.09695,0.8782073855400085,1.3487588,1087840.0,,,
2024-06-23,280.78995,0.0263452529907226,2.5074244,895572.0,,,
2024-06-24,278.11145,0.134393572807312,1.4880089,754952.0,,,
2024-06-25,277.50607,0.0008522765710949,1.2359186,2106400.0,,,
2024-06-26,278.75024,0.0,1.8871852,2113654.0,,,
2024-06-27,285.4988,0.000861287175212,3.5675724,2075372.0,,,
2024-06-28,282.20285,0.0008583068847656,2.4638834,2114780.0,,,
2024-06-29,279.88223,0.0008583068847656,1.3231181,2125002.0,,,
2024-06-30,280.81192,0.0008523463038727,2.5180297,2127972.0,32.276416938110735,64.68324437883669,4.0
2024-07-01,282.92972,0.0,1.7521414,2150304.0,,,
2024-07-02,283.4634,0.0,1.7548691,2101736.0,16.408514285714276,58.046421569607254,4.0
2024-07-03,281.97574,0.0008583068847656,2.0138626,2105156.0,,,
2024-07-04,280.36435,0.0008513141074217,1.5814558,1997292.0,,,
2024-07-05,279.32016,0.0008622420136816,1.2226105,2121376.0,,,
2024-07-06,278.38126,0.0,1.729725,2146204.0,,,
2024-07-07,276.8301,0.0,1.4223205,2147028.0,35.505042016806726,65.61850895452966,4.0
2024-07-08,276.3848,0.0008583068847656,1.1377646,1969108.0,,,
2024-07-09,275.53583,0.0003110617399215,1.3905624,2176816.0,,,
2024-07-10,275.89276,0.0008523463038727,1.067057,2180148.0,,,
2024-07-11,275.82196,0.0008583068847656,1.6376816,2181944.0,,,
2024-07-12,276.93997,0.0,1.5433588,2220314.0,30.507488151658755,64.13030695482746,4.0
2024-07-13,276.6841,0.0008583068847656,1.6401962,2267372.0,,,
2024-07-14,276.50705,0.000426173210144,1.6224192,2280020.0,,,
2024-07-15,277.62305,0.0030025839805603,2.2665837,2141900.0,21.60859649122806,60.747024880166414,4.0
2024-07-16,281.20404,0.0,1.9882418,2262262.0,,,
2024-07-17,281.27994,0.0008523463038727,2.28726,2223574.0,24.6360732984293,62.03331739578815,4.0
2024-07-18,284.19855,0.2398193180561065,2.3791842,1271660.0,,,
2024-07-19,282.07156,0.2363324165344238,2.4519675,1199260.0,,,
2024-07-20,279.92828,0.1414477527141571,1.4176426,645924.0,,,
2024-07-21,280.10568,0.0296588987112045,1.1528764,2228882.0,,,
2024-07-22,283.00076,0.0105947256088256,1.3117603,1869346.0,27.22932642487049,63.01512973043553,4.0
2024-07-23,284.56006,0.0085122883319854,2.7214768,2267828.0,,,
2024-07-24,286.4779,0.0008583070593886,2.0987206,2340470.0,,,
2024-07-25,285.12546,0.0,2.3916388,2298276.0,22.394832214765085,61.097624532232,4.0
2024-07-26,285.1226,0.0,1.9262828,2319300.0,,,
2024-07-27,284.37173,0.0008583068847656,1.5590901,2167382.0,35.32108247422683,65.56754902459305,4.0
2024-07-28,281.75986,0.0008612899109721,1.9938179,2330890.0,,,
2024-07-29,280.8817,0.0008583068847656,1.8222438,2362048.0,,,
2024-07-30,281.3739,0.0008523463038727,2.9350398,2347826.0,,,
2024-07-31,284.62073,0.0008601675508543,2.8429577,2073142.0,,,
2024-08-01,288.77246,0.1764893531799316,2.8667886,2358730.0,,,
2024-08-02,293.58127,0.5776882171630859,3.3780575,2401394.0,,,
2024-08-03,288.39478,0.2285689115524292,3.0495949,2417742.0,,,
2024-08-04,283.97995,0.0,1.4809055,2449764.0,83.49978505629477,74.00772020581516,5.0
2024-08-05,284.20377,0.0,1.7435856,2407524.0,,,
2024-08-06,284.0533,0.0032782554626464,2.3370683,2450826.0,,,
2024-08-07,280.72794,0.0,2.083594,2540850.0,,,
2024-08-08,278.68777,0.0,2.1027994,2645022.0,,,
2024-08-09,278.85797,0.0,1.2742538,2651374.0,20.14335820895522,60.058199989192815,4.0
2024-08-10,281.84912,0.0008583068847656,2.5255685,2584234.0,,,
2024-08-11,283.5912,0.0008583068847656,1.9967599,2593436.0,,,
2024-08-12,283.70834,0.0,1.7626581,2623490.0,,,
2024-08-13,284.38904,0.0,3.317711,2643660.0,,,
2024-08-14,286.1902,0.0,2.2088764,2632214.0,30.190495867768604,64.02784152283888,4.0
2024-08-15,286.69205,0.0008583068847656,1.7079172,2486896.0,,,
2024-08-16,287.6204,0.0518560409545898,1.5424185,2569548.0,,,
2024-08-17,285.30685,0.011146068572998,1.4230636,2540488.0,,,
2024-08-18,285.2266,0.0448971986770629,1.3606672,1733488.0,,,
2024-08-19,282.09225,0.3246963024139404,2.1265833,692788.0,,,
2024-08-20,280.5146,0.1623628139495849,1.8638436,1750320.0,,,
2024-08-21,281.53607,0.0779628753662109,1.4117883,2579998.0,,,
2024-08-22,280.52542,0.2776384353637695,1.6582226,2139946.0,,,
2024-08-23,278.85748,0.340580940246582,1.138153,2455896.0,,,
2024-08-24,278.88913,0.0011622905731201,1.2785515,2837524.0,20.27838709677421,60.12374086609904,4.0
2024-08-25,279.9014,0.0,1.7869959,2810218.0,,,
2024-08-26,281.67813,0.0,2.8616588,2858906.0,25.08081967213118,62.208834329794286,4.0
2024-08-27,282.93835,0.0008583068847656,2.0312436,2674042.0,,,
2024-08-28,283.48035,0.0008523463038727,1.9772738,2837834.0,,,
2024-08-29,284.09964,0.6968080997467041,1.9730835,1351278.0,,,
2024-08-30,283.35812,0.2621859014034271,2.2695448,1925522.0,,,
2024-08-31,282.55533,0.0008523463038727,1.790418,2931422.0,,,
2024-09-01,283.23654,0.0008583068847656,1.7418251,2986874.0,,,
2024-09-02,289.1388,0.0007227063179016,3.4292831,2979596.0,,,
2024-09-03,286.46533,0.000435113790445,3.2984152,3026030.0,39.35534426229509,66.62851775364578,4.0
2024-09-04,286.2025,0.0,1.4594539,3031616.0,,,
2024-09-05,286.83218,0.0,2.9120624,3035142.0,39.78017021276597,66.73384549776392,4.0
2024-09-06,289.2672,0.0,2.487338,3003754.0,,,
2024-09-07,288.19473,0.0008523463038727,1.7420444,2985162.0,,,
2024-09-08,289.4691,0.0008523463038727,1.6764297,3010284.0,37.62063829787235,66.18629287687688,4.0
2024-09-09,291.22,0.1066923141479492,1.2192729,3004424.0,,,
2024-09-10,292.77628,0.5655661225318909,2.5397139,1782930.0,,,
2024-09-11,286.6193,0.0004351139068603,3.2020378,3118230.0,,,
2024-09-12,286.07977,0.118151307106018,1.723838,2917094.0,,,
2024-09-13,286.95645,0.000435113790445,1.7861382,3182144.0,,,
2024-09-14,286.58304,0.0358551740646362,2.099068,3167572.0,,,
2024-09-15,287.49414,0.000426173210144,2.2092884,3216940.0,40.78619834710743,66.97885217156619,4.0
2024-09-16,289.00436,0.5103200674057007,2.6604388,3077854.0,,,
2024-09-17,290.13107,0.0008583068847656,3.025493,3177260.0,,,
2024-09-18,292.42838,0.0705420970916748,2.6659176,3173610.0,61.45462616822429,71.00051433415987,5.0
2024-09-19,296.10495,0.0,3.6031113,3293414.0,,,
2024-09-20,290.7434,0.0053644180297851,2.088212,2949648.0,50.92718894009215,69.15719402843158,4.0
2024-09-21,292.89957,0.0134289264678955,2.994768,3221224.0,,,
2024-09-22,295.38846,0.0028982758522033,2.881842,3205840.0,,,
2024-09-23,289.88586,0.0008523463038727,2.1071682,3294867.0,,,
2024-09-24,289.39975,0.1849085092544555,1.946507,3012100.5,,,
2024-09-25,289.29666,0.014081597328186,2.2184143,3363014.0,,,
2024-09-26,286.7417,0.0008662028121761,2.8075647,3402830.0,,,
2024-09-27,288.13806,0.0,2.713786,3379450.0,,,
2024-09-28,292.45294,0.000435113790445,2.4544966,3357733.0,43.54193548387094,67.62023742175501,4.0
2024-09-29,295.374,0.0008583068847656,2.914345,3297829.0,,,
2024-09-30,299.57373,0.0,3.0000246,3437401.0,47.06769874476988,68.38406811836686,4.0
2024-10-01,291.93454,0.0008523463038727,3.1774273,3412290.0,,,
2024-10-02,288.44797,0.0008557988330721,2.1252177,3457176.0,,,
2024-10-03,288.8581,0.000435113790445,1.9896189,3480195.0,58.6049115044248,70.53472955503798,5.0
2024-10-04,290.3652,0.000435113790445,3.0981853,3456738.0,,,
2024-10-05,293.2836,0.0008583068847656,1.9191093,3195197.0,56.39287449392714,70.15728298338956,5.0
2024-10-06,294.76236,2.519667148590088,1.7083689,513865.0,,,
2024-10-07,290.28873,0.4328358769416809,1.568078,1914570.0,,,
2024-10-08,287.84872,0.960901379585266,3.02889,464470.0,,,
2024-10-09,285.58347,0.4086196422576904,2.415516,2930506.0,,,
2024-10-10,288.23114,7.450580596923828e-05,1.1071261,3568012.0,,,
2024-10-11,290.8666,0.0469684600830078,1.953293,2448718.0,,,
2024-10-12,289.92636,2.0502805709838867,2.1634848,2359596.0,,,
2024-10-13,289.70224,5.948990821838379,1.4586767,1662884.0,,,
2024-10-14,290.05298,0.6459951400756836,1.3998858,2038518.0,,,
2024-10-15,291.0409,0.0299811363220214,1.6266631,2823460.0,,,
2024-10-16,291.50342,4.00225830078125,2.5117025,1663496.0,,,
2024-10-17,291.0961,0.029832124710083,2.0203593,3343070.0,,,
2024-10-18,290.84842,0.0008583068847656,1.5117707,3648422.0,62.60454706927177,71.18237992022657,5.0
2024-10-19,291.47263,0.0008772329892963,2.7945557,3622226.0,,,
2024-10-20,293.74976,0.0717043876647949,3.5607116,2772262.0,54.972666666666655,69.90706206257036,4.0
2024-10-21,294.00394,2.327874183654785,1.8934485,1472722.0,,,
2024-10-22,291.7624,4.396617412567139,1.7926773,2079468.0,,,
2024-10-23,292.46838,0.0808387994766235,1.1588721,2676636.0,,,
2024-10-24,290.87347,0.0740468502044677,2.8740768,2993006.0,,,
2024-10-25,288.55374,3.5652192309498787e-06,2.7242517,3825862.0,50.64819047619046,69.10330337442444,4.0
2024-10-26,288.32315,0.0,1.7970661,3717740.0,,,
2024-10-27,290.35648,0.0,2.723849,3756774.0,,,
2024-10-28,292.98035,0.0,2.0663536,3767202.0,62.419090909090905,71.15327620359827,5.0
2024-10-29,294.83328,0.0,2.3594515,3741800.0,,,
2024-10-30,295.61777,3.892868757247925,2.4004405,2398216.0,45.77077844311376,68.10996590853401,4.0
2024-10-31,293.98965,0.2413913607597351,1.1359805,3257960.0,,,
2024-11-01,295.30353,0.6321370601654053,2.1999214,2285162.0,,,
2024-11-02,291.11407,0.0500828027725219,3.5456693,2405044.0,,,
2024-11-03,289.60483,1.3781487941741943,1.9600792,2971652.0,,,
2024-11-04,293.0557,0.0834129750728607,2.0687244,3332022.0,,,
2024-11-05,290.91846,2.0217747688293457,1.8681055,2160108.0,,,
2024-11-06,290.8668,0.1507550477981567,1.3395833,2582046.0,,,
2024-11-07,291.1437,0.1261532306671142,2.1780026,3311480.0,78.2911086474501,73.37585794808967,5.0
2024-11-08,291.95242,0.0180304050445556,1.6007237,3308642.0,,,
2024-11-09,293.3555,1.102536916732788,2.8855896,3078554.0,39.66944649446491,66.7065023732842,4.0
2024-11-10,296.2496,2.6903674602508545,2.5326989,3608724.0,,,
2024-11-11,290.13443,0.0,3.1443546,3839576.0,,,
2024-11-12,291.41028,0.0008642674074508,1.6641449,3874264.0,63.52413173652693,71.3254288369341,5.0
2024-11-13,293.88187,0.0005960464477539,1.9662176,3784510.0,,,
2024-11-14,296.32706,0.000435113790445,2.5848489,3885684.0,38.56577540106954,66.42970296050595,4.0
2024-11-15,297.19855,0.4559338092803955,3.6957138,3658328.0,,,
2024-11-16,297.03894,0.4150271415710449,2.3320487,2212314.0,,,
2024-11-17,290.15707,0.2072434872388839,2.9218066,3270060.0,,,
2024-11-18,288.199,1.3494789600372314,2.2219956,2250072.0,,,
2024-11-19,289.48145,0.3326460719108581,1.539498,2949664.0,,,
2024-11-20,290.68948,0.91591477394104,1.7711468,2381132.0,,,
2024-11-21,291.578,0.1124124974012374,1.5944179,3896570.0,,,
2024-11-22,293.74112,0.0023841857910156,1.9133482,3599144.0,60.71936363636362,70.88243662333441,5.0
2024-11-23,294.28494,0.163242220878601,2.2405727,3018462.0,,,
2024-11-24,296.8313,3.622509479522705,2.8304834,2366144.0,,,
2024-11-25,294.7229,3.640517711639404,2.3540483,3199172.0,,,
2024-11-26,295.15198,1.5683472156524658,1.0656878,2670104.0,,,
2024-11-27,294.4893,1.3440773487091064,1.1131694,2597680.0,,,
2024-11-28,293.67868,3.356635570526123,1.4910475,816376.0,,,
2024-11-29,290.60974,0.7588714361190796,2.0144873,1083302.0,,,
2024-11-30,288.88358,0.7757245302200317,1.3049959,3163226.0,,,
2024-12-01,292.63736,0.0005960464477539,2.7796867,3974612.0,,,
2024-12-02,290.42615,0.0005960465059615,1.884786,3842100.0,67.1796052631579,71.8742968389918,5.0
2024-12-03,290.12393,0.0008583070593886,2.0617955,3989920.0,,,
2024-12-04,291.84616,0.0760555267333984,2.8979428,3951988.0,52.39638297872339,69.43619648146318,4.0
2024-12-05,294.62305,1.132659673690796,2.928353,3035452.0,,,
2024-12-06,293.35953,0.0136600248515605,3.0632331,2571962.0,,,
2024-12-07,289.2271,0.2099275588989257,2.8057137,2674536.0,,,
2024-12-08,287.59982,0.0119209289550781,1.7559481,3385774.0,,,
2024-12-09,290.96655,0.0008523463038727,1.532637,4014584.0,,,
2024-12-10,293.45245,0.0,2.3678837,3509890.0,,,
2024-12-11,294.79715,2.664417028427124,2.7189171,3233476.0,,,
2024-12-12,296.67004,4.148870468139648,2.4370546,4044072.0,78.43890445859873,73.39435953956405,5.0
2024-12-13,293.91226,0.0040531163103878,2.8749447,4000924.0,,,
2024-12-14,294.48593,0.173419713973999,1.6246042,3887584.0,74.56,72.89683691140166,5.0
2024-12-15,295.42737,0.1519769430160522,1.6933193,3865156.0,,,
2024-12-16,294.88998,0.1022666692733764,1.7002782,3547104.0,,,
2024-12-17,294.85672,4.443201065063477,2.4623704,1687028.0,,,
2024-12-18,292.03305,0.0008583068847656,1.3147513,4028508.0,,,
2024-12-19,294.35922,0.1318305730819702,1.7911679,3849624.0,105.51931818181816,76.30375059990783,5.0
2024-12-20,296.0547,2.351179599761963,2.2713075,2113596.0,,,
2024-12-21,290.55093,0.0038431466091424,2.1376667,3832064.0,,,
2024-12-22,292.83548,2.555638551712036,1.5699605,3461696.0,67.18744423791821,71.87544146995262,5.0
2024-12-23,294.96594,0.3502964973449707,2.6434433,3233864.0,,,
2024-12-24,293.60544,0.0,3.0337934,4011800.0,,,
2024-12-25,292.77417,0.0193715095520019,1.8048319,3912408.0,,,
2024-12-26,293.91382,0.1464784145355224,1.3446792,3577800.0,,,
2024-12-27,295.15762,4.607915878295898,1.3830132,3550388.0,66.08471153846153,71.71309616075817,5.0
2024-12-28,294.40033,0.0831782817840576,1.2130795,3826752.0,,,
2024-12-29,295.4612,1.8578022718429563,1.8607559,3718888.0,51.61679487179488,69.28914006611983,4.0
2024-12-30,295.68082,1.8251538276672363,1.5801281,3928440.0,,,
2024-12-31,297.37936,1.7807632684707642,1.9190756,2923872.0,,,
2025-01-01,295.87473,0.7249712944030762,1.1120766,3526560.0,,,
2025-01-02,296.4686,0.8973032832145691,1.2210178,3447716.0,,,
2025-01-03,296.63474,0.0393539667129516,1.0985612,3759320.0,,,
2025-01-04,297.63022,0.0959038734436035,2.0132322,3823836.0,,,
2025-01-05,297.92136,0.3004542589187622,1.9383411,3045256.0,,,
2025-01-06,297.49326,1.3181418180465698,1.8452355,3599624.0,64.47741721854302,71.47155056057244,5.0
2025-01-07,296.4899,1.6077158451080322,1.4991151,3475224.0,,,
2025-01-08,298.10193,1.6076117753982544,1.4745197,2765842.0,,,
2025-01-09,295.31973,2.5427439212799072,1.2828488,3418070.0,,,
2025-01-10,295.35706,0.0085234642028808,1.3552696,3947496.0,,,
2025-01-11,296.24677,0.0155568122863769,1.6685324,3584088.0,62.05744680851058,71.09627367647502,5.0
2025-01-12,297.2599,0.0211745500564575,1.6472368,3722132.0,,,
2025-01-13,297.29346,0.0008523463038727,1.5201565,3833596.0,43.6469035532995,67.64385827208335,4.0
2025-01-14,298.43185,0.000852346420288,1.7758207,3926184.0,,,
2025-01-15,299.46494,0.1135766506195068,1.7246555,3841340.0,,,
2025-01-16,299.04654,1.2908726930618286,1.6210175,3305456.0,50.42994318181819,69.060939923349,4.0
2025-01-17,297.55417,1.071713924407959,1.5747837,3122084.0,,,
2025-01-18,295.09555,0.9022057056427002,1.5328506,3134080.0,,,
2025-01-19,293.6163,0.0,2.3966706,4028202.0,,,
2025-01-20,293.49628,0.0008597968844696,1.7411842,3954676.0,,,
2025-01-21,295.67813,0.3989636898040771,1.663858,3220944.0,64.6442474916388,71.49690038693105,5.0
2025-01-22,297.23758,0.200631096959114,1.956205,3157016.0,,,
2025-01-23,296.88358,2.0933876037597656,2.5634544,3663550.0,74.89562303664923,72.9408963781136,5.0
2025-01-24,298.1598,2.355262756347656,1.6807305,3135470.0,,,
2025-01-25,296.55032,0.987023115158081,1.4421936,3380404.0,,,
2025-01-26,296.91458,0.2694129943847656,2.2684975,3182418.0,,,
2025-01-27,296.55692,7.061422824859619,1.7881244,2012292.0,,,
2025-01-28,293.5945,0.0581850185990333,1.3775402,2986234.0,,,
2025-01-29,294.93497,0.006452202796936,1.3488687,3828184.0,,,
2025-01-30,296.13272,0.0008523463038727,1.6966578,3880014.0,,,
2025-01-31,296.9602,0.0100135803222656,1.9821125,3786106.0,63.185614406779685,71.2730119865067,5.0
2025-02-01,297.75726,0.0008588509517721,1.7425646,3848792.0,,,
2025-02-02,298.1234,0.0704824924468994,2.481546,3698484.0,44.51124999999999,67.83622868852157,4.0
2025-02-03,299.6831,0.0913739204406738,2.2440977,3350566.0,,,
2025-02-04,297.76315,0.3829598426818847,1.8739386,3070726.0,,,
2025-02-05,296.6985,0.0010859221220016,1.4720026,3908576.0,77.67184466019418,73.29795468309565,5.0
2025-02-06,296.55923,0.4281401634216308,1.5890541,3631254.0,,,
2025-02-07,298.38638,0.0039935111999511,1.7284688,3720450.0,52.810428571428574,69.51341217073424,4.0
2025-02-08,301.2001,0.0008046627044677,2.1358402,3592782.0,,,
2025-02-09,302.7922,0.0008627771749161,2.331339,3787810.0,,,
2025-02-10,302.43262,0.3666728734970093,2.8907118,3454256.0,59.07018587360592,70.61230527749322,5.0
2025-02-11,300.04175,0.8880048990249634,2.230944,2162048.0,,,
2025-02-12,292.34085,0.0388771295547485,2.1537616,3027498.0,,,
2025-02-13,293.08975,0.1733601093292236,1.4915396,2562854.0,,,
2025-02-14,297.22183,5.63475513458252,2.051114,1947626.0,,,
2025-02-15,295.12344,5.846961975097656,1.2857744,2881170.0,,,
2025-02-16,294.94717,0.2185553312301635,1.6273775,3556944.0,,,
2025-02-17,294.81747,0.0143647193908691,1.6597086,3684752.0,75.94155172413798,73.07694672374676,5.0
2025-02-18,293.29678,0.0,2.0825658,3673722.0,,,
2025-02-19,294.92004,0.0008583068847656,2.8443604,3292718.0,,,
2025-02-20,296.40164,0.000435113790445,2.6348898,3087700.0,63.63318181818175,71.34225494836087,5.0
2025-02-21,297.93674,0.0027418136596679,2.080062,3425980.0,,,
2025-02-22,300.14215,0.0008523463038727,2.596847,3520972.0,34.494999999999955,65.33538912664108,4.0
2025-02-23,301.06766,0.0828802585601806,2.5671291,3444986.0,,,
2025-02-24,301.10367,2.7680249214172363,2.2793624,2753340.0,,,
2025-02-25,297.93457,1.6688543558120728,1.5120991,2657522.0,,,
2025-02-26,296.59677,2.161994457244873,0.99527353,2438122.0,,,
2025-02-27,295.69153,1.5148252248764038,1.8917179,2498034.0,,,
2025-02-28,296.31708,1.0713114738464355,1.962143,2025058.0,,,
2025-03-01,295.13284,1.623585820198059,1.4445225,1781404.0,,,
2025-03-02,294.74463,1.4837682247161863,1.8683802,3120910.0,,,
2025-03-03,296.603,0.5389153957366943,2.0223627,3283323.0,,,
2025-03-04,297.80615,0.0765025615692138,2.2879512,3197876.0,,,
2025-03-05,299.25388,0.0836104154586792,2.338229,3303745.0,,,
2025-03-06,299.8141,1.4451146125793457,2.495538,3115082.0,,,
2025-03-07,299.26932,6.882496356964111,2.7830632,2112994.0,52.94598684210524,69.53856104436885,4.0
2025-03-08,292.27075,0.0004276632098481,3.0825756,3082920.5,,,
2025-03-09,288.9757,0.0008523463038727,1.8630962,3289542.5,,,
2025-03-10,290.3295,1.2658237218856812,2.2036924,2733377.5,,,
2025-03-11,291.941,2.9537081718444824,1.4348288,394626.5,,,
2025-03-12,285.35474,0.1179277896881103,2.350065,1287749.5,,,
2025-03-13,285.97458,0.0227760784327983,1.3183303,1930906.75,,,
2025-03-14,287.40417,0.0644624233245849,2.0161479,1899545.0,,,
2025-03-15,289.9675,1.2908936738967896,1.9739116,2847960.0,,,
2025-03-16,292.1884,0.0388324260711669,1.4912896,3109796.5,,,
2025-03-17,293.09793,0.0046789646148681,1.6458645,3321244.0,56.54033492822968,70.18290144743611,5.0
2025-03-18,294.23993,0.0,1.6725721,3309253.0,,,
2025-03-19,295.27023,0.000435113790445,2.634498,3154117.0,57.51106382978721,70.34989774194327,5.0
2025-03-20,294.87036,2.861708402633667,2.6332436,2828510.0,,,
2025-03-21,293.80875,0.1078248023986816,1.2931412,3216662.0,,,
2025-03-22,293.04346,3.3080880641937256,1.4369755,1844882.0,141.54367187499997,79.18508746836409,5.0
2025-03-23,291.676,2.686351537704468,1.4156603,415256.0,,,
2025-03-24,288.04666,1.8631815910339355,1.7247248,1647684.0,,,
2025-03-25,287.1302,1.165913462638855,2.3966367,1510964.0,,,
2025-03-26,290.7314,0.786811113357544,1.5820595,1183770.0,,,
2025-03-27,291.82858,0.4792660474777221,1.0457925,1849448.0,,,
2025-03-28,292.16562,0.2107173502445221,1.201855,1508110.0,,,
2025-03-29,291.571,1.2726484537124634,1.6915442,2622256.0,,,
2025-03-30,294.51254,5.330920219421387,3.0772636,2794696.0,,,
2025-03-31,286.1473,0.000435113790445,3.3393002,3065650.0,,,
2025-04-01,285.53275,0.0004276632098481,1.2961789,3126116.0,,,
2025-04-02,286.63782,0.0161260366439819,1.4445175,3000568.0,,,
2025-04-03,288.01144,0.0176578760147094,2.208083,1012636.0,90.2468253968254,74.77000000938088,5.0
2025-04-04,282.11102,0.0008685360080562,2.1010776,3023528.0,,,
2025-04-05,282.49146,0.0176727771759033,1.6978878,2756378.0,,,
2025-04-06,283.7092,0.104561448097229,1.3595594,2500454.0,,,
2025-04-07,285.8966,0.308295726776123,1.9181204,2560870.0,,,
2025-04-08,286.2836,0.0488869845867157,2.2512896,2672576.0,49.481145038167895,68.87461446605678,4.0
2025-04-09,287.44168,0.1583695411682129,1.5048555,2564322.0,,,
2025-04-10,288.07938,0.060349702835083,1.5610509,1490232.0,,,
2025-04-11,288.9628,4.219442367553711,1.7769672,2087930.0,,,
2025-04-12,288.38467,0.0556707419455051,1.5184349,2011734.0,,,
2025-04-13,287.95297,0.0126361846923828,1.466355,2385586.0,,,
2025-04-14,287.8085,1.2729912996292114,2.0949738,2248640.0,,,
2025-04-15,288.78052,0.0620484352111816,1.2316625,2030456.0,,,
2025-04-16,290.2417,0.0388026237487793,1.841966,2225682.0,,,
2025-04-17,291.38907,0.848233699798584,1.6646395,912210.0,,,
2025-04-18,289.0845,0.2546310424804687,1.8351501,998312.0,,,
2025-04-19,284.96783,0.1692362129688263,1.3564081,1144658.0,,,
2025-04-20,285.10648,0.0008523463038727,1.459421,2737368.0,,,
2025-04-21,286.6188,0.0008523463620804,2.0078132,2653612.0,,,
2025-04-22,288.25015,0.2614259719848633,2.0378902,2210144.0,,,
2025-04-23,289.43594,0.4947781562805176,1.4772886,1393626.0,,,
2025-04-24,290.1344,0.0099465250968933,1.1834658,2293242.0,,,
2025-04-25,290.52414,0.3832727670669555,2.1340368,1811354.0,,,
2025-04-26,286.83347,0.2034604400396347,2.712664,2530682.0,,,
2025-04-27,287.52664,0.0008672475814819,1.2029411,2608018.0,,,
2025-04-28,288.10013,0.0,1.5086093,2614576.0,19.6561111111111,59.81798910514591,4.0
2025-04-29,287.85184,0.0,2.2648954,2537644.0,,,
2025-04-30,288.2991,0.0008597968844696,2.7098238,1935256.0,14.928372093023246,57.119015618167936,4.0
2025-05-01,288.92886,0.0050693745724856,2.3532925,2407584.0,,,
2025-05-02,289.3046,0.0132322311401367,1.546341,2310594.0,,,
2025-05-03,290.70615,0.2253204584121704,2.3198538,1752772.0,38.322866242038174,66.36771859644216,4.0
2025-05-04,292.06033,2.450630187988281,1.8576282,799684.0,,,
2025-05-05,289.67853,0.3028884530067444,1.279739,1848180.0,,,
2025-05-06,290.67654,0.3742501139640808,1.2619122,1562180.0,,,
2025-05-07,289.6338,0.218018889427185,1.322135,1520116.0,,,
2025-05-08,289.34787,0.0906884670257568,1.4362621,1825872.0,,,
2025-05-09,288.70975,0.0008583068847656,0.9729557,2392748.0,,,
2025-05-10,289.2637,0.0008583068847656,1.5736309,2349472.0,,,
2025-05-11,288.47488,0.0008571271901018,2.8374474,2323120.0,47.19853658536588,68.4112999269982,4.0
2025-05-12,288.5241,0.0008583068847656,2.7712452,2321406.0,,,
2025-05-13,287.98624,0.009775161743164,2.5154111,1667754.0,,,
2025-05-14,289.0416,0.3248602151870727,1.4721473,1087264.0,,,
2025-05-15,291.8893,0.4919916987419128,2.1102288,997004.0,,,
2025-05-16,292.70706,1.4256871938705444,1.9304487,1960608.0,,,
2025-05-17,293.1038,0.7719844579696655,2.4645789,2056156.0,,,
2025-05-18,285.71927,0.0008596797706559,3.0440037,2244906.0,,,
2025-05-19,283.89578,0.0008523463038727,0.8189923,2225592.0,,,
2025-05-20,283.24936,0.0156611185520887,1.463678,1409584.0,34.49499999999994,65.33538912664108,4.0
2025-05-21,283.91937,0.2027451992034912,1.1324956,976028.0,,,
2025-05-22,284.64352,0.0,1.1030453,1930520.0,,,
2025-05-23,285.04404,0.0600442290306091,2.089831,1812164.0,71.5016030534351,72.48595192250643,5.0
2025-05-24,286.88324,0.0106394290924072,1.1759065,1468128.0,,,
2025-05-25,285.11526,0.0150389969348907,1.4355456,2204784.0,,,
2025-05-26,285.93445,0.9053349494934082,1.2527496,1340900.0,,,
2025-05-27,283.07715,0.0,3.4155233,2227128.0,,,
2025-05-28,278.7372,0.0,1.9167566,2193372.0,17.71564102564102,58.79833412595448,4.0
2025-05-29,279.39725,0.0,1.4795799,2218598.0,,,
2025-05-30,281.06137,0.0008583068847656,1.5761437,2192790.0,,,
2025-05-31,281.34952,0.0004276632098481,1.6191831,2045340.0,29.19227941176472,63.69800089465198,4.0
2025-06-01,281.71518,0.0,1.9649477,2047170.0,,,
2025-06-02,282.45584,0.0008583068847656,1.7487577,2077026.0,,,
2025-06-03,284.03857,0.0008583068847656,1.7399526,2097040.0,,,
2025-06-04,284.09232,0.0,2.0685742,2132580.0,,,
2025-06-05,284.519,0.0,1.7640108,2092704.0,19.77025641025637,59.8747921323389,4.0
2025-06-06,283.62997,0.1400113105773925,1.9111522,1407560.0,,,
2025-06-07,283.3519,0.0181794166564941,1.3744472,2037284.0,,,
2025-06-08,283.15347,0.0008523463038727,1.2033185,2120048.0,,,
2025-06-09,283.00504,0.0008523463038727,1.6409975,2113452.0,17.625526315789468,58.748305941485555,4.0
2025-06-10,282.4302,0.0,2.2085302,2128820.0,,,
2025-06-11,282.18674,0.0008583068847656,2.8668206,2052704.0,,,
2025-06-12,281.81656,0.0056654214859008,2.936613,1704368.0,24.155645161290327,61.8401226284246,4.0
2025-06-13,282.94946,0.1370012760162353,1.5617867,2081476.0,,,
2025-06-14,282.3877,0.0008687342051416,2.316674,2074876.0,,,
2025-06-15,281.68677,0.0008519566035829,2.644107,2055704.0,,,
2025-06-16,283.92474,0.0001490116119384,2.222514,2081120.0,,,
2025-06-17,281.67538,0.0008583068847656,2.2018955,1992560.0,32.80211267605633,64.84173558611931,4.0
2025-06-18,280.9442,0.0,1.7491318,2109792.0,,,
2025-06-19,280.7743,0.0004271386424079,1.6771773,2150792.0,,,
2025-06-20,281.8126,0.0008583069429732,1.9769369,2108700.0,22.535298507462667,61.158963273012134,4.0
2025-06-21,281.2624,0.2761036157608032,1.7466364,2017896.0,,,
2025-06-22,282.17548,0.0106096267700195,2.4481337,2195548.0,,,
2025-06-23,277.55875,0.0008628220530226,2.1943076,2106500.0,,,
2025-06-24,279.55658,0.0008597968844696,2.566639,2086280.0,,,
2025-06-25,280.16235,0.0,3.2650948,2114532.0,51.322300000000006,69.23300973822737,4.0
2025-06-26,279.81396,0.0,1.735921,2117480.0,,,
2025-06-27,278.9647,0.0021758112125098,1.8861803,1962316.0,32.9887969924812,64.8974082639576,4.0
2025-06-28,279.0041,0.0852793455123901,2.1084468,1099728.0,,,
2025-06-29,274.6374,0.0196993350982666,2.9353073,1874812.0,,,
2025-06-30,274.55618,5.401670932769776e-05,1.1405264,2094088.0,82.83148387096776,73.92888872752832,5.0
2025-07-01,274.1801,0.0008523463038727,2.21774,2108708.0,,,
2025-07-02,276.5271,0.0004276632098481,2.2912982,2138652.0,23.04785714285717,61.379589163275135,4.0
2025-07-03,279.70755,0.000426173210144,2.8319862,2122440.0,,,
2025-07-04,281.85245,0.000435113790445,2.144253,2084748.0,,,
2025-07-05,281.42944,0.162661075592041,1.6090732,966444.0,,,
2025-07-06,283.8914,0.0845342874526977,1.8375582,1586894.0,,,
2025-07-07,284.89542,0.0046156346797943,1.658238,2014340.0,46.39549504950496,68.242955201321,4.0
2025-07-08,285.52005,0.1917807906866073,2.1582296,1515366.0,,,
2025-07-09,287.85153,1.1103302240371704,1.7465404,208038.0,,,
2025-07-10,284.47083,0.7435176372528076,1.1824411,1122952.0,,,
2025-07-11,282.9658,0.1845061779022216,0.9693524,1068028.0,,,
2025-07-12,283.67664,0.0068843364715576,2.0502415,2080372.0,,,
2025-07-13,284.07486,0.0263899564743042,1.7175125,1606282.0,,,
2025-07-14,284.69238,0.0008583070011809,2.6631224,1840168.0,,,
2025-07-15,288.73712,0.4981234669685364,2.49918,2231914.0,,,
2025-07-16,283.48203,0.0008523463038727,3.792112,2303042.0,,,
2025-07-17,280.2449,0.0008696636650711,1.6309195,2272346.0,17.86424528301891,58.880280213647296,4.0
2025-07-18,282.7851,0.0008583068847656,2.4706993,2278944.0,,,
2025-07-19,284.57388,0.000426173210144,2.462165,2261178.0,14.180352112676063,56.614720627408474,4.0
2025-07-20,284.64133,0.0,1.799518,2212766.0,23.22671874999994,61.455425238283404,4.0
2025-07-21,284.7301,0.1135617494583129,1.4470295,1488168.0,,,
2025-07-22,283.0831,0.2714693546295166,1.6461049,322304.0,,,
2025-07-23,278.94644,0.0595450401306152,1.2598847,957380.0,,,
2025-07-24,279.6856,0.0048577785491943,1.6214863,2146054.0,,,
2025-07-25,283.33145,0.2819299697875976,1.6746501,738024.0,,,
2025-07-26,280.65146,0.1899227499961853,2.0780275,805604.0,,,
2025-07-27,277.93436,0.0941008329391479,2.5634744,1740636.0,,,
2025-07-28,278.90234,0.0028759241104125,1.4507165,2232092.0,,,
2025-07-29,280.15286,0.0,2.5541499,2339594.0,,,
2025-07-30,283.42923,0.0008553265943191,3.7017963,2024916.0,,,
2025-07-31,286.2058,0.0885277986526489,3.1408465,1794980.0,,,
2025-08-01,288.0831,0.6362795829772949,1.7676927,2247494.0,,,
2025-08-02,284.5163,0.0132471323013305,1.5991122,2303254.0,,,
2025-08-03,283.0861,0.0018104910850524,1.5135134,2414588.0,,,
2025-08-04,281.3085,0.0008523464784957,1.5460085,2451492.0,,,
2025-08-05,282.13602,0.0008583068847656,1.506831,2453964.0,,,
2025-08-06,282.11313,0.024154782295227,1.8492535,1392604.0,,,
2025-08-07,281.83936,0.0,2.3515232,2605260.0,,,
2025-08-08,279.86194,0.0008514045039191,1.5571814,2585094.0,28.457808219178062,63.448025480545255,4.0
2025-08-09,281.01147,0.0008583068847656,2.226395,2560418.0,21.14000000000003,60.531948078136935,4.0
2025-08-10,282.61487,0.0,2.016454,2585126.0,,,
2025-08-11,284.159,0.0008628952782601,1.8823684,2572652.0,30.2327659574468,64.04156701977045,4.0
2025-08-12,287.21225,0.0,2.6871433,2390044.0,,,
2025-08-13,284.81284,0.0006556510925292,3.0004241,2587670.0,,,
2025-08-14,281.47665,0.0028908252716064,1.4625355,2024112.0,,,
2025-08-15,280.6028,0.4698708653450012,1.4200974,2477884.0,,,
2025-08-16,283.06824,0.0021681189537048,0.92037994,2549892.0,36.96814814814811,66.0146560409029,4.0
2025-08-17,283.09033,0.4629194736480713,1.4766556,1629114.0,,,
2025-08-18,282.8533,2.079889297485352,1.4597219,904726.0,,,
2025-08-19,282.1097,0.0008523463038727,2.6472733,2541028.0,,,
2025-08-20,285.3901,0.0008597968844696,2.470995,2672686.0,,,
2025-08-21,286.65213,0.0578761100769043,3.5102856,2570988.0,30.924851485148515,64.26360473645515,4.0
2025-08-22,283.35165,0.0109076499938964,3.6689236,2829816.0,,,
2025-08-23,281.15854,0.0,2.0144703,2887102.0,,,
2025-08-24,281.29263,0.0,2.4434402,2817858.0,33.25587628865981,64.97651083815396,4.0
2025-08-25,285.12747,0.0008523463038727,2.14843,2860702.0,,,
2025-08-26,287.09402,0.0,2.0058959,2851514.0,53.971041666666686,69.72667132181924,4.0
2025-08-27,286.33212,0.0008583068847656,2.404143,2861612.0,,,
2025-08-28,286.26245,0.0008597969426773,2.6996634,2687316.0,57.28646706586824,70.31151195005262,5.0
2025-08-29,286.542,3.9135451316833496,2.7136543,438356.0,84.35366666666664,74.10752930440597,5.0
2025-08-30,285.72476,5.948253154754639,2.0328152,939570.0,,,
2025-08-31,284.47757,0.004516914486885,2.4093502,2900986.0,,,
2025-09-01,282.6561,0.000430643587606,1.42876,2949036.0,,,
2025-09-02,284.66443,0.000426173210144,1.8768158,2902830.0,,,
2025-09-03,283.38077,0.0126153230667114,2.0141628,2449750.0,36.3804117647059,65.8574391212426,4.0
2025-09-04,281.2095,0.0018477439880371,1.6464119,2471800.0,,,
2025-09-05,280.1519,0.0008583068847656,1.3860222,2990292.0,,,
2025-09-06,280.61618,0.000426173210144,2.1162636,2775026.0,,,
2025-09-07,281.4761,0.0176578760147094,2.417023,3017516.0,,,
2025-09-08,284.97855,0.0008583070593886,1.6194061,3081062.0,,,
2025-09-09,286.96365,0.0008553265361115,2.3688326,3044668.0,,,
2025-09-10,289.08188,0.0,4.0398293,3117466.0,27.87876146788989,63.24635723165384,4.0
2025-09-11,286.54562,0.0008523463038727,1.7445046,3123184.0,,,
2025-09-12,286.09103,0.0008523463038727,2.2574399,3068608.0,,,
2025-09-13,288.87057,0.0379383489489555,2.5796003,2112728.0,,,
2025-09-14,287.7917,0.0271722674369812,2.0834377,2862570.0,,,
2025-09-15,289.60855,0.0052154064178466,1.4020224,2910530.0,,,
2025-09-16,289.4505,0.8920133113861084,2.1859217,963738.0,,,
2025-09-17,289.13876,0.0704936683177948,1.3379903,1979780.0,,,
2025-09-18,291.85593,0.9420067071914672,1.4193913,2919126.0,,,
2025-09-19,294.90762,5.201402187347412,2.0536215,2346940.0,,,
2025-09-20,292.7045,1.040130853652954,1.4545313,2259910.0,,,
2025-09-21,286.58273,0.0008672475814819,3.1111813,3346290.0,,,
2025-09-22,285.366,0.0,1.4313806,3291559.0,,,
2025-09-23,287.33115,0.0,2.9431143,3263613.0,54.95114803625378,69.90322126123687,4.0
2025-09-24,287.5575,0.0,1.9171454,3337906.0,,,
2025-09-25,286.93588,0.0186860561370849,3.011158,2604925.5,48.944672131147534,68.76767400091468,4.0
2025-09-26,288.90817,4.1635260581970215,3.1975334,3399300.0,,,
2025-09-27,287.92258,0.0008678455487824,3.2456636,3456856.0,,,
2025-09-28,287.94296,0.0008563456358388,2.170926,3366035.0,62.76516355140186,71.20751595258952,5.0
2025-09-29,290.20627,0.0511109828948974,2.1813676,2017031.5,,,
2025-09-30,288.84097,0.2421438694000244,2.487796,2701610.0,,,
2025-10-01,288.15695,0.0133812427520751,1.4316206,3413764.0,,,
2025-10-02,289.4506,0.0008523463038727,1.8799027,3430074.0,,,
2025-10-03,292.09042,0.0779628753662109,3.0381298,3375749.0,60.74448275862067,70.88649410381387,5.0
2025-10-04,295.62744,1.0556578636169434,2.8160632,3448703.0,,,
2025-10-05,291.40005,0.0008672475814819,3.3113735,3586632.0,55.10456790123455,69.93057195061374,4.0
2025-10-06,285.7944,0.0,1.9556193,3645288.0,,,
2025-10-07,287.8038,0.000852346420288,2.361195,3604828.0,38.90582568807339,66.51582264029678,4.0
2025-10-08,288.97977,0.0008702278719283,2.5987422,3631896.0,50.97194805194805,69.16581209779913,4.0
2025-10-09,291.4774,0.0,2.9432049,3511874.0,,,
2025-10-10,293.55923,0.000435113790445,3.1840856,3577114.0,,,
2025-10-11,294.33203,0.000426173210144,2.9044082,3658538.0,,,
2025-10-12,289.8362,0.0004276632098481,2.6152523,3686494.0,,,
2025-10-13,291.47342,0.0008583070593886,1.7200438,3696348.0,33.58443181818179,65.07295431053855,4.0
2025-10-14,292.50378,0.0859200954437255,3.0300453,3603346.0,,,
2025-10-15,293.67026,0.1243278384208679,2.437767,2587368.0,71.37180371352784,72.46812730554484,5.0
2025-10-16,293.5408,1.1151729822158811,2.1063871,2432172.0,,,
2025-10-17,290.2233,0.0852644443511962,2.3015103,3676242.0,,,
2025-10-18,288.2775,0.0,2.130113,3586152.0,32.502817679557985,64.75181574525412,4.0
2025-10-19,289.47397,0.0017166137695312,3.240611,3564188.0,,,
2025-10-20,291.02808,0.0,3.160733,3573864.0,,,
2025-10-21,293.94833,0.1053113639354705,3.1820076,3300690.0,,,
2025-10-22,295.43445,0.830233097076416,2.1871278,3316696.0,,,
2025-10-23,297.08035,1.92280113697052,2.4411395,1417800.0,55.13454545454545,69.93590725849634,4.0
2025-10-24,293.48657,0.4648156464099884,1.9446034,3164830.0,,,
2025-10-25,288.14072,0.0008500386029481,3.8404305,3824774.0,49.745548387096775,68.92689481325763,4.0
2025-10-26,289.15182,0.2788305282592773,2.0205162,2042774.0,,,
2025-10-27,285.0835,0.9958595037460328,2.734946,2108072.0,,,
2025-10-28,278.60532,0.001169741153717,2.7111022,3537820.0,,,
2025-10-29,282.96317,0.0095069408416748,1.8391591,2224340.0,,,
2025-10-30,285.65854,0.0,1.7947696,3787574.0,,,
2025-10-31,289.78506,1.1517852544784546,3.0406234,2430422.0,,,
2025-11-01,290.45023,1.8944423198699951,1.2543217,3434934.0,,,
2025-11-02,291.09952,0.0328868627548217,1.4876083,3768074.0,19.5829147982063,59.78138999770984,4.0
2025-11-03,294.1201,0.2566874027252197,2.2662103,3038446.0,,,
2025-11-04,292.95975,0.0418812036514282,2.4745944,2824962.0,,,
2025-11-05,290.88437,0.2518892288208008,2.103237,2264466.0,,,
2025-11-06,288.66672,2.535484790802002,2.8579419,2658956.0,,,
2025-11-07,285.49356,0.0039339065551757,2.3976786,3695834.0,,,
2025-11-08,285.9656,0.0046156346797943,1.8456311,3744598.0,,,
2025-11-09,287.67743,0.0008642673492431,1.8874003,2952000.0,30.256040955631413,64.0491164410638,4.0
2025-11-10,290.32526,0.1120120286941528,2.3826993,3811672.0,,,
2025-11-11,293.64334,2.390235662460327,2.4488661,2964578.0,,,
2025-11-12,289.52237,0.0050365924835205,2.6529083,2887446.0,,,
2025-11-13,290.65018,0.0711022913455963,1.677684,2363180.0,,,
2025-11-14,292.01697,0.4810094833374023,2.214786,2792914.0,,,
2025-11-15,294.4484,3.2855868339538574,3.0975494,3574880.0,,,
2025-11-16,292.72482,0.0004276632098481,3.1996853,3962884.0,39.660974212034354,66.70440700834803,4.0
2025-11-17,291.29855,0.0008523463038727,1.1127151,3939440.0,44.6754508196721,67.8723509319994,4.0
2025-11-18,295.55734,0.0008583068847656,2.0961025,3859016.0,,,
2025-11-19,296.3953,0.5308836698532104,1.879386,3786832.0,42.05972027972026,67.28047799871318,4.0
2025-11-20,296.85825,0.3475584089756012,2.7023337,4036930.0,,,
2025-11-21,292.65366,0.0462532006204128,3.3958366,3912842.0,,,
2025-11-22,291.1727,0.0318735837936401,1.7114424,3807350.0,58.60734553775743,70.53513698456112,5.0
2025-11-23,292.12714,0.0,1.8671635,3987160.0,,,
2025-11-24,294.27078,0.0004410743713378,2.2690108,3936532.0,38.946666666666665,66.52611518263254,4.0
2025-11-25,296.69376,0.0,2.2289908,3883428.0,,,
2025-11-26,296.57135,0.7018595933914185,2.2295413,3855928.0,,,
2025-11-27,297.07663,1.2808440923690796,1.7013493,3474504.0,43.46477611940299,67.60283799244863,4.0
2025-11-28,297.38846,4.946112632751465,1.9455382,2733492.0,,,
2025-11-29,296.2847,2.093791961669922,2.0484145,2510768.0,,,
2025-11-30,293.93884,2.384438991546631,1.3825836,1770336.0,,,
2025-12-01,291.6766,0.1366287469863891,1.6954793,3871890.0,,,
2025-12-02,292.17715,0.0008523463038727,1.2904209,3960820.0,,,
2025-12-03,294.26248,0.0,1.890894,3787328.0,,,
2025-12-04,297.17517,0.1120567321777343,2.4960308,3753846.0,34.865972222222204,65.44032630052911,4.0
2025-12-05,298.66977,0.6060302257537842,2.2308686,2812316.0,,,
2025-12-06,296.21136,2.2464990615844727,2.0515468,1301784.0,,,
2025-12-07,289.83365,0.0100135803222656,2.5433776,3114540.0,,,
2025-12-08,291.2585,0.0,2.7197723,4005124.0,,,
2025-12-09,292.32355,0.4712045192718506,1.8407246,3833404.0,29.41060913705583,63.771097104332014,4.0
2025-12-10,295.25073,4.4796319007873535,1.4804834,3116620.0,,,
2025-12-11,294.63916,0.0105947256088256,1.5658294,3918192.0,,,
2025-12-12,295.81497,0.2180337905883789,1.5201923,3952024.0,55.76407407407406,70.0472836150278,5.0
2025-12-13,297.77487,2.275660514831543,2.7891428,2641940.0,,,
2025-12-14,293.09045,1.493513584136963,2.0825303,3943296.0,,,
2025-12-15,290.6176,0.0410526990890502,2.5626607,3120208.0,,,
2025-12-16,293.28397,0.0004276632098481,1.5037231,4022880.0,,,
2025-12-17,295.25662,0.0008685397915542,3.6906853,3991568.0,66.26344692005242,71.73959286732057,5.0
2025-12-18,296.11203,0.0020265579223632,2.114237,3920828.0,,,
2025-12-19,297.37253,2.975895881652832,3.028199,2623206.0,67.40553571428572,71.9072333101573,5.0
2025-12-20,297.0222,1.5781818628311155,1.900704,3136920.0,,,
2025-12-21,295.36676,1.2444555759429932,1.4279436,3117548.0,,,
2025-12-22,294.38083,2.075834274291992,1.8574085,3602060.0,,,
2025-12-23,295.9206,2.6790499687194824,1.578158,3612032.0,,,
2025-12-24,297.02237,2.8520822525024414,1.7036386,3878180.0,46.10804347826088,68.18198652843611,4.0
2025-12-25,295.43814,0.0004276632098481,1.9946889,3816752.0,,,
2025-12-26,296.67886,0.2889633178710937,2.3358622,3913340.0,37.68601769911498,66.20332648642544,4.0
2025-12-27,296.97955,0.2634597420692444,2.6263745,3852680.0,67.06120320855615,71.85699175166303,5.0
2025-12-28,296.43616,0.3874674439430237,1.8372059,2951564.0,,,
2025-12-29,296.70383,0.0508725643157959,1.3940881,3884652.0,,,
2025-12-30,298.47604,0.7079463601112366,1.47617,3420692.0,,,
2025-12-31,298.54993,2.8681981563568115,1.2985722,3694948.0,,,
2026-01-01,299.1793,0.0,1.2176851,0.0,59.18450184501845,70.63127179882981,5.0
