yy-mm-dd,TP-EDAMCP_K,PP-ERA5_mm,WD-EDAMCP_ms,RD_ERA5-Jm2,CHLA_S2-ugL,TSI,CTSI
2023-01-01,296.20000000000005,0.293731689453125,0.972223,4020688.0,,,
2023-01-02,294.5,1.131156086921692,0.694445,3622236.0,87.69486263736263,74.48859915782947,5.0
2023-01-03,294.925,0.0018805265426635,0.555556,3707736.0,,,
2023-01-04,296.75,0.0008553267689421,0.694445,3976584.0,72.54415094339623,72.62795643292333,5.0
2023-01-05,297.20000000000005,0.000435113790445,0.833334,3959032.0,,,
2023-01-06,298.1,0.2943158149719238,0.833334,3809516.0,,,
2023-01-07,299.725,0.1999437808990478,0.833334,3568664.0,66.25824324324324,71.73882245653783,5.0
2023-01-08,300.225,0.1135021448135376,0.694445,3345056.0,,,
2023-01-09,299.54999999999995,0.4288405179977417,0.694445,3652880.0,53.69281250000002,69.67596843323841,4.0
2023-01-10,300.67499999999995,0.5672872066497803,0.694445,3602748.0,,,
2023-01-11,297.04999999999995,6.675213813781738,0.694445,1316152.0,,,
2023-01-12,290.65,0.039885651320219,0.833334,3841936.0,,,
2023-01-13,294.35,0.0,0.694445,3994088.0,,,
2023-01-14,296.25,0.1272559165954589,0.833334,3149778.0,55.79081081081077,70.05198600690744,5.0
2023-01-15,297.175,0.0753348171710968,0.694445,3852378.0,,,
2023-01-16,299.875,0.0995397567749023,0.833334,3593656.0,,,
2023-01-17,299.1,0.9657368063926696,0.833334,3310852.0,,,
2023-01-18,298.95000000000005,0.0776082202792167,0.833334,3310422.0,,,
2023-01-19,300.875,1.0124473571777344,0.833334,3780818.0,71.49282296650719,72.48474722306088,5.0
2023-01-20,303.85,5.200192451477051,1.5277790000000002,3732448.0,,,
2023-01-21,298.29999999999995,0.1460909843444824,0.833334,3758224.0,,,
2023-01-22,298.65,0.0270530581474304,0.694445,3349116.0,63.81085365853661,71.36960753299218,5.0
2023-01-23,297.525,0.2717971801757812,0.833334,3666232.0,,,
2023-01-24,298.475,3.2990612983703613,0.972223,3187318.0,,,
2023-01-25,298.07500000000005,0.1500248908996582,0.972223,3784404.0,,,
2023-01-26,298.4,8.655444145202637,0.833334,2052000.0,,,
2023-01-27,295.375,0.5335062742233276,0.6944450000000001,3273444.0,,,
2023-01-28,296.125,0.4465281963348388,0.555556,2499500.0,,,
2023-01-29,295.57500000000005,1.1128634214401243,0.277778,3444030.0,,,
2023-01-30,298.45000000000005,1.2964814901351929,0.694445,3034006.0,,,
2023-01-31,299.42499999999995,2.312600612640381,0.555556,3259022.0,,,
2023-02-01,297.875,7.035300254821777,0.972223,2716682.0,,,
2023-02-02,294.9,0.1996606588363647,0.833334,3234896.0,,,
2023-02-03,294.975,0.0957846641540527,0.972223,3270962.0,,,
2023-02-04,296.0,0.0038444995880126,0.694445,3871554.0,,,
2023-02-05,296.65,0.000435113790445,0.972223,3871694.0,,,
2023-02-06,297.725,0.3198832273483276,0.694445,3825994.0,69.33413043478265,72.18397479157812,5.0
2023-02-07,299.67499999999995,1.418337106704712,0.833334,3422480.0,,,
2023-02-08,297.825,0.6546556949615479,0.833334,3715446.0,71.22125000000003,72.44741195595299,5.0
2023-02-09,299.65,0.0008597968844696,0.972223,3820176.0,,,
2023-02-10,298.225,0.0004276633262634,0.833334,3575200.0,,,
2023-02-11,299.1,0.90104341506958,0.694445,3249426.0,109.95075,76.70731920032969,5.0
2023-02-12,302.25,0.1498758792877197,1.111112,3267374.0,,,
2023-02-13,298.425,0.7727295160293579,1.111112,3484628.0,91.44357859531772,74.89923433775465,5.0
2023-02-14,297.95000000000005,0.0700831562280654,0.972223,3319550.0,,,
2023-02-15,299.70000000000005,8.315913200378418,0.972223,3127034.0,,,
2023-02-16,293.45000000000005,0.00038743019104,1.666668,2867650.0,67.35253968253971,71.89951739262582,5.0
2023-02-17,284.0,0.000852346420288,1.111112,3864674.0,,,
2023-02-18,287.0,0.0008680065511725,0.972223,3772502.0,67.92855172413798,71.98305770440076,5.0
2023-02-19,290.42499999999995,0.0,0.972223,3708072.0,,,
2023-02-20,293.775,0.0008702276973053,1.111112,3664796.0,,,
2023-02-21,295.8,2.0727663040161133,0.972223,2972238.0,92.3666666666667,74.99776606100008,5.0
2023-02-22,294.975,0.4274442195892334,1.111112,3500568.0,,,
2023-02-23,295.70000000000005,2.2550673484802246,0.833334,3157972.0,63.43083333333332,71.31101022007113,5.0
2023-02-24,295.85,1.5631914138793943,0.694445,3439192.0,,,
2023-02-25,295.9,1.7413792610168457,0.694445,3343802.0,,,
2023-02-26,295.425,0.0786185264587402,0.833334,3513418.0,,,
2023-02-27,296.975,0.0077491458505392,0.833334,3450106.0,,,
2023-02-28,298.275,3.305286169052124,0.694445,3220516.0,92.89483050847451,75.05370106535341,5.0
2023-03-01,297.95000000000005,0.0,0.694445,3629540.0,,,
2023-03-02,298.45000000000005,0.0008523463038727,0.694445,3559066.0,,,
2023-03-03,298.125,0.000435113790445,0.694445,3401550.0,97.8602127659574,75.56452798904924,5.0
2023-03-04,299.3,0.0104159116744995,0.694445,3348697.0,,,
2023-03-05,299.55,0.5617619156837463,0.833334,2641488.0,64.44650485436887,71.4668462311744,5.0
2023-03-06,298.4,0.0104904174804687,1.111112,3466676.0,,,
2023-03-07,296.3,0.0422298908233642,0.833334,3483730.0,,,
2023-03-08,297.92499999999995,6.111804395914078e-07,0.833334,3475934.0,110.25427272727272,76.73436272370935,5.0
2023-03-09,299.42499999999995,0.000435113790445,0.694445,3472650.0,,,
2023-03-10,300.1,0.0008583068847656,0.972223,3433306.0,67.71472361809043,71.95212870401178,5.0
2023-03-11,300.8,0.0004368268128018,0.694445,3242910.0,,,
2023-03-12,300.875,0.0942349433898925,0.833334,3131350.0,,,
2023-03-13,300.8,4.066124439239502,0.833334,2633806.0,71.67243243243246,72.5093617118238,5.0
2023-03-14,298.275,0.4591942131519317,0.694445,3236507.0,,,
2023-03-15,299.125,0.0852700322866439,0.833334,3335740.0,52.47288461538463,69.45050918157048,4.0
2023-03-16,299.475,0.0008525970042683,0.555556,3373995.0,,,
2023-03-17,298.975,0.0,0.694445,3256907.0,,,
2023-03-18,298.925,0.1985877752304077,0.694445,2940435.0,67.84519553072624,71.9710123071625,5.0
2023-03-19,299.525,0.4081757366657257,0.972223,2662564.5,,,
2023-03-20,294.9,0.7634460926055908,0.555556,2299924.0,,,
2023-03-21,293.725,2.102196216583252,0.6944450000000001,2237686.0,,,
2023-03-22,292.92499999999995,4.238086700439453,0.416667,1774508.0,,,
2023-03-23,294.225,1.6036033630371094,0.416667,766040.0,,,
2023-03-24,294.6,0.2291947603225708,0.277778,2213802.0,,,
2023-03-25,296.1,0.0180006027221679,0.833334,2436612.0,107.98701183431952,76.53052750876093,5.0
2023-03-26,293.925,0.0770986080169677,0.694445,2647540.0,,,
2023-03-27,295.225,0.0004321336746215,0.972223,3055408.0,,,
2023-03-28,298.425,0.0096112489700317,1.5277790000000002,2232048.0,,,
2023-03-29,294.375,0.0053271651268005,1.5277790000000002,2885402.0,,,
2023-03-30,293.375,0.6858706474304199,0.555556,1406928.0,,,
2023-03-31,290.675,0.0008583068847656,0.972223,3034326.0,,,
2023-04-01,291.925,0.1724637150764465,0.833334,719008.0,,,
2023-04-02,290.25,0.6388574838638306,0.416667,1181994.0,,,
2023-04-03,295.15,1.1061429977416992,0.555556,1860918.0,,,
2023-04-04,293.42499999999995,0.1279413700103759,0.555556,1640464.0,,,
2023-04-05,293.95,0.2324879169464111,0.694445,2215244.0,,,
2023-04-06,293.9,0.3534201979637146,0.555556,2492020.0,,,
2023-04-07,295.975,0.0120997428894042,0.555556,2188988.0,,,
2023-04-08,295.20000000000005,0.0008523463620804,0.833334,2808066.0,,,
2023-04-09,294.4,0.0057518482208251,0.972223,2387962.0,48.44355555555554,68.66671730193431,4.0
2023-04-10,293.775,0.000876186939422,0.555556,2407858.0,,,
2023-04-11,295.35,0.4047602415084839,0.833334,1400274.0,,,
2023-04-12,290.6,1.1629276275634766,0.972223,1162174.0,,,
2023-04-13,285.32500000000005,0.1332461833953857,0.416667,1518118.0,,,
2023-04-14,287.75,0.0359335504472255,0.555556,2155320.0,,,
2023-04-15,288.5,0.0983700156211853,0.416667,1440986.0,,,
2023-04-16,289.725,0.0979062169790268,0.555556,2092372.0,,,
2023-04-17,289.75,0.1082196831703186,0.694445,2607468.0,35.398721804511254,65.58908873737509,4.0
2023-04-18,288.725,0.0008702276973053,0.694445,2738548.0,,,
2023-04-19,289.79999999999995,0.0,0.694445,2748236.0,65.6566666666667,71.64934800469514,5.0
2023-04-20,289.775,0.0,0.555556,2243970.0,,,
2023-04-21,291.4,0.03892183303833,0.972223,2337184.0,,,
2023-04-22,291.85,0.4803836345672607,0.416667,2090376.0,,,
2023-04-23,290.8,1.7339885234832764,0.416667,1673634.0,,,
2023-04-24,289.675,0.0171319115906953,0.416667,2486536.0,,,
2023-04-25,291.32500000000005,0.0,0.416667,2634204.0,,,
2023-04-26,291.25,0.0,0.416667,2644362.0,,,
2023-04-27,291.725,0.0008523463038727,0.833334,2614586.0,33.91434782608694,65.1688523942681,4.0
2023-04-28,294.475,0.0008523463038727,1.3888900000000002,2565560.0,,,
2023-04-29,298.975,0.5649775266647339,2.222224,1864802.0,33.36640845070423,65.0090621536421,4.0
2023-04-30,292.75,0.353790819644928,1.8055570000000003,1183070.0,,,
2023-05-01,288.475,0.0004276632098481,0.555556,1917518.0,,,
2023-05-02,288.45000000000005,0.0,0.555556,2255912.0,,,
2023-05-03,287.05,0.0805497169494628,0.416667,2259932.0,,,
2023-05-04,286.225,1.7324090003967283,0.416667,510936.0,,,
2023-05-05,286.475,0.0541955232620239,0.416667,2047384.0,,,
2023-05-06,288.25,0.0008583068847656,0.416667,2444112.0,,,
2023-05-07,289.075,0.0008583068847656,0.416667,2428776.0,37.226704545454496,66.08302866873619,4.0
2023-05-08,288.225,0.0008583068847656,0.416667,2450180.0,,,
2023-05-09,288.75,0.003710389137268,0.972223,2290836.0,33.51780487804879,65.05347327593583,4.0
2023-05-10,288.7,0.0095143904909491,0.555556,2025464.0,,,
2023-05-11,290.75,0.0008681182516738,0.416667,2310284.0,,,
2023-05-12,290.175,0.0008583068847656,0.694445,2364272.0,,,
2023-05-13,289.45000000000005,0.0,0.694445,2375016.0,,,
2023-05-14,292.35,0.0008598481072112,0.416667,2358416.0,,,
2023-05-15,291.7,0.0008821489172987,0.972223,2256236.0,,,
2023-05-16,293.475,0.1826882362365722,1.8055570000000003,1696436.0,,,
2023-05-17,293.5,1.197606325149536,1.250001,2271124.0,,,
2023-05-18,288.85,0.2758949995040893,0.555556,1359856.0,,,
2023-05-19,293.20000000000005,0.0704675912857055,0.833334,1570476.0,50.763818181818166,69.12567366959469,4.0
2023-05-20,287.25,0.0703409314155578,0.6944450000000001,1500992.0,,,
2023-05-21,290.325,0.002436339855194,0.694445,2010756.0,,,
2023-05-22,290.79999999999995,0.0133663415908813,0.694445,1436132.0,,,
2023-05-23,291.975,0.0367537140846252,1.666668,975976.0,,,
2023-05-24,293.2,0.2638325095176697,0.555556,987024.0,,,
2023-05-25,293.875,1.2587831020355225,0.416667,1214152.0,,,
2023-05-26,291.075,0.1115649938583374,0.6944450000000001,1206552.0,,,
2023-05-27,285.35,0.0062659382820129,0.972223,2150996.0,,,
2023-05-28,284.35,0.036776065826416,0.555556,1233636.0,,,
2023-05-29,284.92499999999995,0.0008523463038727,0.972223,1941496.0,,,
2023-05-30,285.95000000000005,0.0,0.416667,2152488.0,,,
2023-05-31,286.475,0.0008583068847656,1.111112,2093696.0,,,
2023-06-01,285.95,0.0028721988201141,1.111112,1998544.0,,,
2023-06-02,291.15,0.0242739915847778,1.944446,1820700.0,,,
2023-06-03,289.35,0.7335842251777649,0.277778,647680.0,,,
2023-06-04,286.35,0.0013411045074462,0.277778,1844816.0,,,
2023-06-05,288.8,0.009387731552124,0.277778,1870412.0,,,
2023-06-06,288.6,0.0953972339630127,1.944446,1040874.0,,,
2023-06-07,288.4,0.0053495168685913,0.277778,1982860.0,,,
2023-06-08,292.75,0.0030398368835449,2.222224,2001028.0,,,
2023-06-09,290.65,0.0021755693014711,1.111112,2120416.0,,,
2023-06-10,282.7,0.0267848372459411,0.277778,1895980.0,,,
2023-06-11,279.6,0.0008583068847656,0.277778,2127772.0,40.944487804878015,67.01685066626447,4.0
2023-06-12,277.65,0.0008762739016674,0.277778,2153292.0,,,
2023-06-13,287.7,0.0008583068847656,0.277778,2177528.0,33.467692307692275,65.03879534033595,4.0
2023-06-14,290.3,0.0008733910508453,0.277778,1773840.0,,,
2023-06-15,279.75,0.0008845485863275,0.277778,2115532.0,,,
2023-06-16,279.9,0.0008631195523776,0.277778,2064272.0,26.958019801980143,62.91689498021675,4.0
2023-06-17,278.0,0.0001788139343261,0.277778,1702000.0,,,
2023-06-18,280.5,0.1620054244995117,0.833334,1339668.0,,,
2023-06-19,283.8,0.1075752079486846,0.0,796192.0,,,
2023-06-20,282.3,0.3248974680900574,0.277778,1994968.0,,,
2023-06-21,281.1,0.000859797000885,0.277778,1938688.0,,,
2023-06-22,273.6,0.0008821489172987,1.111112,2023328.0,,,
2023-06-23,287.65,0.0008597968844696,0.555556,2039296.0,,,
2023-06-24,289.35,0.0008523463620804,0.277778,2055376.0,,,
2023-06-25,286.25,0.000426173210144,0.277778,2093530.0,,,
2023-06-26,288.1,0.1951754093170166,0.555556,1207326.0,21.73355555555552,60.80359114463036,4.0
2023-06-27,286.65,0.0151582062244415,0.555556,2131498.0,,,
2023-06-28,282.65,0.0008583068847656,0.277778,2028668.0,18.27033057851244,59.10078173466728,4.0
2023-06-29,280.4,0.0008583068847656,0.555556,1944076.0,,,
2023-06-30,282.8,0.0008583068847656,0.833334,1870956.0,,,
2023-07-01,284.1,0.013589859008789,0.833334,1815372.0,,,
2023-07-02,291.45,0.0008612872334197,1.666668,2002144.0,,,
2023-07-03,289.55,0.0020265583880245,0.555556,1697534.0,,,
2023-07-04,292.7,0.2833753824234009,0.833334,1282412.0,,,
2023-07-05,285.95,0.1897662878036499,0.277778,962362.0,,,
2023-07-06,286.1,0.1520067453384399,0.277778,1330274.0,,,
2023-07-07,285.25,0.0019967555999755,0.277778,2036280.0,,,
2023-07-08,288.0,0.0734776258468627,0.555556,1004640.0,35.28058823529414,65.55629579153218,4.0
2023-07-09,285.3,1.0379105806350708,0.277778,543138.0,,,
2023-07-10,285.1,0.8016228675842285,0.0,359480.0,,,
2023-07-11,282.9,0.6755292415618896,0.277778,641604.0,,,
2023-07-12,280.15,0.0069011002779006,0.555556,1939400.0,,,
2023-07-13,273.3,0.0008583068847656,0.555556,2061636.0,,,
2023-07-14,270.7,0.0,1.3888900000000002,2163580.0,,,
2023-07-15,279.75,0.0175628811120986,0.555556,2104960.0,,,
2023-07-16,276.0,0.0163018703460693,0.277778,1917300.0,,,
2023-07-17,278.0,0.0008583068847656,0.277778,2080406.0,,,
2023-07-18,279.0989685058594,0.0008672475814819,1.111112,2050248.0,27.05435714285713,62.95188956366747,4.0
2023-07-19,280.09881591796875,0.0008383042295463,0.833334,2208522.0,,,
2023-07-20,283.7436828613281,0.0008583068847656,1.666668,1987248.0,,,
2023-07-21,288.1271057128906,0.0077550294809043,2.222224,2180766.0,,,
2023-07-22,289.7102355957031,0.0047624106518924,0.833334,2238084.0,,,
2023-07-23,283.9216613769531,0.0016704202862456,0.277778,1986752.0,,,
2023-07-24,282.3714599609375,0.0121176056563854,0.555556,2140408.0,,,
2023-07-25,281.8316955566406,0.0004410743713378,0.555556,2320696.0,,,
2023-07-26,279.4,0.000426173210144,0.277778,2338712.0,36.56020618556696,65.90580138880873,4.0
2023-07-27,283.0,0.0,0.833334,2311460.0,,,
2023-07-28,283.1,0.0008597968844696,0.277778,2352268.0,30.76802325581397,64.2137290174121,4.0
2023-07-29,286.8,0.0,1.666668,2249414.0,,,
2023-07-30,290.05,0.0008523463038727,1.111112,2194954.0,,,
2023-07-31,288.65,0.0008523463038727,0.833334,2343694.0,,,
2023-08-01,295.25,0.0036209819372743,1.666668,2358404.0,,,
2023-08-02,292.35,0.255778431892395,0.833334,2047818.0,61.03155844155848,70.93274651338133,5.0
2023-08-03,288.1,0.0008583068847656,0.555556,2414024.0,,,
2023-08-04,285.65,0.0008583068847656,0.555556,2385694.0,,,
2023-08-05,290.0,0.0,0.555556,2394224.0,,,
2023-08-06,288.1,0.0008523463038727,0.833334,2484000.0,,,
2023-08-07,283.75,0.2386868000030517,0.555556,1813120.0,35.6733823529412,65.6649112679035,4.0
2023-08-08,281.75,0.0008583068847656,0.277778,2399412.0,,,
2023-08-09,282.8,0.0,0.277778,2525868.0,,,
2023-08-10,287.25,0.000426173210144,1.944446,2507554.0,52.78554347826085,69.50878845708766,4.0
2023-08-11,282.35,0.0008583068847656,0.833334,2544848.0,,,
2023-08-12,281.25,0.0004351138486526,0.555556,2575468.0,,,
2023-08-13,284.1,0.0,1.666668,2642632.0,,,
2023-08-14,289.75,0.0,0.833334,2365694.0,,,
2023-08-15,291.8,0.0,2.222224,2549062.0,48.93467005076141,68.76566907512048,4.0
2023-08-16,291.6,0.098884105682373,0.555556,2503682.0,,,
2023-08-17,286.95,0.0486001372337341,0.555556,2669612.0,60.41941176470589,70.83385541777304,5.0
2023-08-18,283.85,0.0,0.555556,2647726.0,,,
2023-08-19,282.35,0.000435113790445,1.111112,2653396.0,,,
2023-08-20,284.2,0.0004276633262634,0.555556,2727400.0,58.73600840336135,70.55664963397834,5.0
2023-08-21,292.15,0.0027567148208618,2.5000020000000003,2677486.0,,,
2023-08-22,287.2,0.0008579699206165,0.833334,2719732.0,44.587709923664114,67.85306551884842,4.0
2023-08-23,284.2,0.0534877181053161,0.555556,2686930.0,,,
2023-08-24,286.3,0.0442713499069213,0.555556,2613472.0,,,
2023-08-25,282.95,0.0863000750541687,0.555556,2220320.0,,,
2023-08-26,282.1,0.0021010637283325,0.555556,2687400.0,,,
2023-08-27,284.8,0.0,0.833334,2846746.0,50.57551020408163,69.08921589121402,4.0
2023-08-28,283.65,0.0017166138859465,1.3888900000000002,2889746.0,,,
2023-08-29,285.2,0.0004336237325333,0.555556,2898504.0,,,
2023-08-30,290.0,0.000435113790445,1.666668,2867130.0,53.70984693877548,69.67908023413163,4.0
2023-08-31,284.7,0.0008583068847656,0.555556,2816062.0,,,
2023-09-01,290.4,1.2192726135253906,0.555556,581596.0,,,
2023-09-02,285.85,1.6315877437591553,0.555556,2120004.0,,,
2023-09-03,283.2,0.1020729541778564,0.555556,2433536.0,,,
2023-09-04,283.0,0.0,0.555556,2868644.0,,,
2023-09-05,283.2,0.0594407320022583,0.833334,1209790.0,,,
2023-09-06,285.15,0.1209974288940429,0.555556,1742010.0,,,
2023-09-07,286.45,0.0970587134361267,0.555556,1642848.0,,,
2023-09-08,283.2,0.0017166137695312,0.277778,2995026.0,,,
2023-09-09,285.65,0.0008553267689421,0.833334,3034668.0,,,
2023-09-10,294.05,0.2043098211288452,1.3888900000000002,3077776.0,,,
2023-09-11,294.8,0.0859200954437255,1.666668,2382996.0,43.56632075471703,67.62572988650126,4.0
2023-09-12,284.1,0.0281512737274169,0.555556,3160646.0,,,
2023-09-13,284.6,0.0008628144860267,0.833334,3135768.0,,,
2023-09-14,285.8,0.000426173210144,1.666668,3216366.0,,,
2023-09-15,295.6,0.0,2.5000020000000003,3212146.0,,,
2023-09-16,295.1,0.0008597968844696,1.3888900000000002,2909166.0,42.292885906040304,67.33471131107436,4.0
2023-09-17,290.15,0.0,1.111112,3181420.0,,,
2023-09-18,285.05,0.0008583068847656,0.833334,3207070.0,,,
2023-09-19,284.75,0.0430643558502197,0.555556,3007064.0,53.41458333333333,69.62500212520598,4.0
2023-09-20,286.8,0.0026188790798187,0.555556,3216894.0,,,
2023-09-21,291.1,0.1538420915603637,0.833334,2161398.0,,,
2023-09-22,292.6,0.0965893268585205,0.555556,2614334.5,,,
2023-09-23,291.8,0.1785717904567718,0.555556,1803293.5,,,
2023-09-24,290.2,0.0611022114753723,0.555556,2562556.5,,,
2023-09-25,290.9,0.0562146306037902,0.555556,2009010.0,,,
2023-09-26,285.55,0.0,0.833334,3466430.0,,,
2023-09-27,284.65,0.0,0.555556,3370667.0,,,
2023-09-28,286.6,0.0008523463038727,0.833334,2903135.0,,,
2023-09-29,287.775,0.0008583068847656,0.972223,3296535.0,,,
2023-09-30,289.4,0.0004410743713378,0.694445,3420857.0,,,
2023-10-01,289.65,0.0,0.972223,3405572.0,59.99090909090912,70.76403367914776,5.0
2023-10-02,292.25,0.1128315776586532,0.972223,2912049.0,,,
2023-10-03,289.025,0.1571178436279297,1.250001,3509689.0,,,
2023-10-04,286.65,0.000870227755513,0.833334,3499149.0,59.60751196172249,70.70113755245845,5.0
2023-10-05,288.375,0.169605016708374,1.250001,3227425.0,,,
2023-10-06,290.475,0.0280141830444335,0.833334,3406510.0,,,
2023-10-07,290.35,0.0008583068847656,0.694445,3499434.0,,,
2023-10-08,291.975,0.0008523463038727,0.833334,3519695.0,,,
2023-10-09,293.9,0.0976920127868652,1.250001,3524886.0,66.72606145251396,71.80784286574769,5.0
2023-10-10,296.775,0.528290867805481,1.5277790000000002,3157594.0,,,
2023-10-11,288.175,0.0008523463038727,1.8055570000000003,3621926.0,,,
2023-10-12,285.32500000000005,0.0008672475814819,0.833334,3625638.0,,,
2023-10-13,287.3,0.0008707203087396,0.972223,3611450.0,,,
2023-10-14,289.075,0.0008523463038727,1.111112,3587760.0,62.45983221476508,71.15967715922547,5.0
2023-10-15,292.67499999999995,0.0008583068847656,0.972223,3544308.0,,,
2023-10-16,295.07500000000005,0.0045001506805419,1.38889,3500220.0,67.03397790055246,71.85300830836584,5.0
2023-10-17,292.875,0.3279298543930053,1.111112,843904.0,,,
2023-10-18,288.29999999999995,0.2528056502342224,0.416667,3285600.0,,,
2023-10-19,292.0,0.0008702278719283,0.694445,3627914.0,52.13367924528304,69.38688762244135,4.0
2023-10-20,292.95000000000005,0.0772491618990898,0.972223,2132960.0,,,
2023-10-21,300.025,1.4085099697113037,0.833334,1488364.0,,,
2023-10-22,295.2,1.2328028678894043,1.250001,1866980.0,,,
2023-10-23,292.5,0.6955749988555908,0.833334,2619560.0,,,
2023-10-24,290.1,0.1072138547897338,0.833334,1486926.0,,,
2023-10-25,290.95,0.1939088106155395,0.555556,1964704.0,,,
2023-10-26,294.375,0.8337945342063904,1.111112,3021432.0,,,
2023-10-27,295.975,0.6189206838607788,1.5277790000000002,3488140.0,,,
2023-10-28,296.25,0.0350922346115112,1.111112,3724652.0,,,
2023-10-29,301.725,0.4889518022537231,1.38889,2396038.0,69.15961748633879,72.15925204479683,5.0
2023-10-30,289.7,0.1560151576995849,1.8055570000000003,3518522.0,,,
2023-10-31,288.975,0.4132725298404693,1.250001,926890.0,,,
2023-11-01,282.65,2.2457540035247803,0.972223,2462236.0,,,
2023-11-02,285.225,0.0001704320311546,1.250001,3879798.0,,,
2023-11-03,287.25,0.0008706265361979,0.972223,3855402.0,60.41941176470589,70.83385541777304,5.0
2023-11-04,290.4,0.0008612653473392,0.972223,3831528.0,,,
2023-11-05,293.65,0.0008726499509066,1.111112,3844840.0,47.41213114754098,68.45559442919463,4.0
2023-11-06,295.57500000000005,0.1539885997772216,1.250001,3784140.0,,,
2023-11-07,294.29999999999995,0.0008636198472231,1.944446,3775672.0,,,
2023-11-08,296.4,0.0008523463038727,0.972223,3827298.0,67.04781249999999,71.85503270587213,5.0
2023-11-09,293.85,0.1705884933471679,0.833334,2714108.0,,,
2023-11-10,298.4,0.0708803534507751,0.694445,3815396.0,,,
2023-11-11,298.125,0.8866041898727417,1.111112,3111564.0,,,
2023-11-12,291.55,0.0251382589340209,1.5277790000000002,3848086.0,,,
2023-11-13,291.525,0.0561922788619995,1.111112,3327038.0,,,
2023-11-14,292.7,0.7124483585357666,0.694445,3457966.0,,,
2023-11-15,295.825,2.748720407485962,0.972223,3436612.0,,,
2023-11-16,293.725,0.1337975263595581,1.111112,3766574.0,,,
2023-11-17,297.125,0.000435113790445,1.5277790000000002,3913864.0,,,
2023-11-18,294.025,0.0008648072252981,1.5277790000000002,3652562.0,69.68591240875912,72.23362214400075,5.0
2023-11-19,294.9,0.0004351139068603,0.972223,3883810.0,,,
2023-11-20,299.125,5.837857723236084,1.3888900000000002,2703648.0,59.495560000000005,70.68269555848045,5.0
2023-11-21,297.17499999999995,2.628028392791748,0.972223,3278070.0,,,
2023-11-22,295.9,0.0008583068847656,1.111112,3658950.0,,,
2023-11-23,296.275,0.1572072356939315,0.972223,2928970.0,,,
2023-11-24,296.20000000000005,0.0010430812835693,0.694445,3383348.0,,,
2023-11-25,297.125,0.3082633316516876,0.972223,3830346.0,87.43803571428569,74.45982702026802,5.0
2023-11-26,297.75,0.6722509860992432,0.833334,3511212.0,,,
2023-11-27,299.2,0.136449933052063,0.833334,3642180.0,,,
2023-11-28,300.57500000000005,3.957256317138672,1.250001,1429568.0,70.26237024221453,72.31443890319365,5.0
2023-11-29,294.425,1.084953546524048,1.250001,2064980.0,,,
2023-11-30,295.65,1.868515968322754,0.416667,2971764.0,,,
2023-12-01,300.85,0.0021755695343017,1.111112,3824962.0,,,
2023-12-02,298.6,0.2644658088684082,0.972223,1096764.0,,,
2023-12-03,288.35,0.2541318535804748,0.833334,2294832.0,,,
2023-12-04,287.15,0.4135072231292724,0.555556,1446200.0,,,
2023-12-05,288.45,0.2805888652801513,0.277778,1855580.0,,,
2023-12-06,294.75,0.0041574239730834,0.555556,3937292.0,,,
2023-12-07,294.3,0.0062435865402221,0.555556,3871028.0,,,
2023-12-08,294.7,0.4071146249771118,0.833334,1771296.0,69.27142,72.1750979550407,5.0
2023-12-09,293.8,0.000859796826262,0.555556,4038700.0,,,
2023-12-10,294.0,0.0008597968844696,0.555556,3905380.0,77.34229166666668,73.25624339387124,5.0
2023-12-11,294.9,0.1526773124933242,0.833334,3136000.0,,,
2023-12-12,297.05,0.9061992168426514,0.555556,2103448.0,,,
2023-12-13,297.65,0.7131248712539673,0.277778,2514564.0,,,
2023-12-14,298.3,0.5021244287490845,0.833334,2631668.0,,,
2023-12-15,299.9,0.5981773138046265,0.555556,3079424.0,,,
2023-12-16,301.9,1.649707555770874,1.3888900000000002,3682464.0,,,
2023-12-17,298.85,1.3361871242523191,1.111112,2109976.0,,,
2023-12-18,290.65,0.5152523517608643,1.111112,594272.0,,,
2023-12-19,287.95,0.4170387983322143,0.555556,1845592.0,,,
2023-12-20,291.55,0.1021325588226318,0.277778,2561780.0,,,
2023-12-21,295.35,0.0905245542526245,0.555556,2454472.0,,,
2023-12-22,296.4,0.0732353702187538,0.555556,3151856.0,,,
2023-12-23,299.3,0.6590336561203003,0.833334,3006204.0,72.52710359408033,72.62565088316995,5.0
2023-12-24,298.5,1.0319576263427734,0.555556,3702108.0,,,
2023-12-25,297.6,0.0008672475814819,0.833334,3910932.0,53.19199999999999,69.58403756927251,4.0
2023-12-26,296.15,0.0052303075790405,0.833334,3192724.0,,,
2023-12-27,298.35,0.3351569175720215,1.3888900000000002,3425636.0,,,
2023-12-28,301.2,0.028163194656372,0.833334,3811576.0,67.27545454545455,71.88828339509385,5.0
2023-12-29,298.0,0.0061988830566406,0.555556,3863908.0,,,
2023-12-30,294.95,0.648990273475647,0.555556,1928304.0,,,
2023-12-31,297.15,0.8140355348587036,0.833334,2930948.0,,,
2024-01-01,296.55,1.1666417121887207,0.555556,3375880.0,,,
2024-01-02,297.525,1.0562241077423096,0.6944450000000001,3679220.0,126.81869565217389,78.10746062195916,5.0
2024-01-03,299.475,0.6143152713775635,0.833334,3542008.0,,,
2024-01-04,298.15,0.0105947256088256,0.972223,3564892.0,53.97866438356162,69.72805676056845,4.0
2024-01-05,299.625,0.4189014434814453,0.833334,3416350.0,,,
2024-01-06,295.6,8.695099830627441,0.6944450000000001,1364776.0,,,
2024-01-07,296.25,0.6184576749801636,0.694445,2403972.0,,,
2024-01-08,298.0,0.2669692039489746,0.694445,1588700.0,,,
2024-01-09,296.875,0.3584921360015869,0.416667,2600904.0,,,
2024-01-10,297.375,1.031853199005127,0.555556,2505400.0,,,
2024-01-11,295.0,0.5122125148773193,0.555556,2451180.0,,,
2024-01-12,296.7,0.468321144580841,0.416667,2594898.0,,,
2024-01-13,300.125,1.694798469543457,0.833334,3168636.0,,,
2024-01-14,297.525,0.0306516885757446,0.972223,3038044.0,,,
2024-01-15,298.1,5.5289716720581055,0.833334,2281788.0,,,
2024-01-16,296.0,0.0005885958671569,1.250001,4042440.0,,,
2024-01-17,295.25,0.0004544854164123,0.694445,3934136.0,59.33879912663756,70.6568137332068,5.0
2024-01-18,297.15,0.1119971275329589,0.694445,3480142.0,,,
2024-01-19,299.55,0.0441372394561767,0.833334,3377898.0,41.33536585365852,67.11005799064239,4.0
2024-01-20,296.475,0.0877827405929565,0.694445,3695742.0,,,
2024-01-21,297.32500000000005,0.0008761882781982,0.555556,3782982.0,,,
2024-01-22,295.275,0.0008583068847656,0.694445,4027710.0,58.34033232628399,70.49034081239256,5.0
2024-01-23,295.275,0.0001490116119384,0.694445,3925404.0,,,
2024-01-24,296.45000000000005,0.0008523463038727,0.833334,3931296.0,46.70364806866954,68.30789655430208,4.0
2024-01-25,297.15,0.0,0.972223,3942388.0,,,
2024-01-26,296.95000000000005,0.0,0.972223,3935692.0,,,
2024-01-27,297.0,0.000435113790445,0.972223,3825252.0,61.77329787234043,71.05125245071227,5.0
2024-01-28,297.8,0.0880956649780273,1.111112,3613178.0,,,
2024-01-29,299.8,0.0984072685241699,0.833334,3619518.0,45.60546218487396,68.07446971714776,4.0
2024-01-30,300.85,0.1877650469541549,0.972223,3667380.0,,,
2024-01-31,302.9,0.0008672475814819,0.972223,3708298.0,,,
2024-02-01,300.70000000000005,0.0008597968844696,0.694445,3895574.0,52.97932084309136,69.54473533014843,4.0
2024-02-02,299.4,0.4829615354537964,0.833334,3554374.0,,,
2024-02-03,302.3,0.7132440805435181,0.555556,2931430.0,49.34668103448275,68.84791970320424,4.0
2024-02-04,295.6,3.001302480697632,0.555556,3148856.0,,,
2024-02-05,299.3,5.374163627624512,0.833334,3439490.0,,,
2024-02-06,301.75,0.9755343198776244,0.555556,3292710.0,,,
2024-02-07,301.1,4.5076904296875,0.555556,3194456.0,,,
2024-02-08,299.8,7.794484615325928,0.555556,2373680.0,,,
2024-02-09,294.95,0.1482665538787841,0.277778,2983506.0,,,
2024-02-10,299.1,0.4815161228179931,0.555556,3365114.0,,,
2024-02-11,298.6,3.76678991317749,0.555556,1327492.0,,,
2024-02-12,294.25,0.2480689436197281,0.555556,3530794.0,,,
2024-02-13,290.65,0.0008616452687419,0.555556,3830386.0,,,
2024-02-14,291.7,0.0008597968844696,0.555556,3814764.0,,,
2024-02-15,294.55,0.0,0.555556,3776012.0,,,
2024-02-16,296.35,0.0077039003372192,0.555556,3702250.0,121.1276963350785,77.65705269443663,5.0
2024-02-17,296.65,0.1928508281707763,0.555556,1943120.0,,,
2024-02-18,296.75,0.0008665269706398,0.555556,3724864.0,,,
2024-02-19,295.4,0.0054291235283017,0.277778,3482802.0,,,
2024-02-20,296.05,0.0036358833312988,0.555556,2833466.0,,,
2024-02-21,298.05,3.228622436523437,0.555556,3371118.0,,,
2024-02-22,298.5,5.55427360534668,0.833334,2524840.0,,,
2024-02-23,294.15,0.2935081720352173,0.555556,2380030.0,,,
2024-02-24,293.45,1.3778507709503174,0.277778,672902.0,,,
2024-02-25,291.65,0.5348106026649475,0.277778,2056898.0,,,
2024-02-26,295.55,0.3828927874565124,0.277778,2482068.0,,,
2024-02-27,297.5,1.1726170778274536,0.555556,2824498.0,,,
2024-02-28,296.95,0.703960657119751,0.555556,2486314.0,,,
2024-02-29,298.0,1.1259801387786863,0.555556,2529930.0,,,
2024-03-01,298.5,1.957863569259644,0.555556,2232358.0,,,
2024-03-02,298.75,0.3774911165237427,0.555556,2831238.0,,,
2024-03-03,293.0,0.0054985284805297,0.277778,2250878.0,,,
2024-03-04,293.65,0.1385450363159179,0.277778,2985783.0,,,
2024-03-05,293.95,0.0270605105906724,0.555556,2955408.0,,,
2024-03-06,292.95,0.1430809497833252,0.833334,1848842.0,,,
2024-03-07,296.35,0.0878721475601196,0.277778,2882298.0,,,
2024-03-08,298.2,0.2768337726593017,1.111112,2003161.5,,,
2024-03-09,296.8,0.6524175405502319,0.277778,1874309.0,,,
2024-03-10,297.8,0.2608299255371094,0.277778,2605568.5,,,
2024-03-11,301.5,2.36368179321289,0.833334,3304669.0,,,
2024-03-12,302.475,0.8455142378807068,1.250001,2287119.0,57.11673469387755,70.28240304811071,5.0
2024-03-13,299.1487731933594,1.6217827796936035,0.6505830883979797,2296725.25,,,
2024-03-14,297.6612243652344,1.0688302516937256,0.4510476589202881,1124243.5,,,
2024-03-15,295.35308837890625,0.8075237274169922,0.5046981573104858,2379561.0,,,
2024-03-16,295.8556823730469,0.7108784914016724,0.4750176668167114,1797068.0,,,
2024-03-17,295.3832702636719,0.2250075340270996,0.7354606986045837,2264119.0,,,
2024-03-18,297.2978210449219,0.5043410062789917,0.452722430229187,2371017.5,,,
2024-03-19,298.2020263671875,1.2003183364868164,0.4895411729812622,2757776.0,,,
2024-03-20,299.9635925292969,1.962620735168457,0.9534102082252502,3000518.0,,,
2024-03-21,291.1367492675781,0.0008616343839094,1.3122889995574951,3258078.0,,,
2024-03-22,290.64263916015625,0.0008523463038727,0.5889708399772644,3234708.0,66.90051470588239,71.83345734210477,5.0
2024-03-23,291.98492431640625,0.0008523463038727,1.0018408298492432,3158474.0,,,
2024-03-24,293.7802734375,0.2150386571884155,0.5617304444313049,2642904.0,62.44732558139538,71.1577126589369,5.0
2024-03-25,295.2675476074219,0.3254413604736328,0.5165979266166687,2240602.0,,,
2024-03-26,295.3898010253906,1.6219019889831543,0.6438685655593872,2811024.0,,,
2024-03-27,295.8945617675781,2.341881275177002,0.291607528924942,2877202.0,,,
2024-03-28,295.1257019042969,0.0,0.4447889328002929,3034702.0,,,
2024-03-29,296.16363525390625,0.0151991825550794,0.7727082967758179,2740614.0,44.724361702127645,67.88308508884441,4.0
2024-03-30,297.6805114746094,0.1223757863044738,0.7076901793479919,2506324.0,,,
2024-03-31,294.0101623535156,0.3682076930999756,0.7256205677986145,1076000.0,,,
2024-04-01,289.7919616699219,0.0034831464290618,0.8111518621444702,2998426.0,,,
2024-04-02,290.1099853515625,0.6307363510131836,0.701099157333374,1775980.0,,,
2024-04-03,292.54718017578125,0.0650882720947265,0.8090344071388245,2992622.0,,,
2024-04-04,294.75,0.0008642674074508,0.555556,2561750.0,,,
2024-04-05,292.75,3.800436973571777,0.416667,475114.0,,,
2024-04-06,290.17499999999995,0.0505466014146804,0.416667,2949254.0,,,
2024-04-07,292.25,0.0008702263585291,0.416667,2981496.0,,,
2024-04-08,293.375,0.2745985984802246,0.694445,2591716.0,45.26516129032259,68.00099454433717,4.0
2024-04-09,293.225,0.5702972412109375,0.972223,853822.0,,,
2024-04-10,286.70000000000005,0.3464296460151672,1.111112,1045262.0,,,
2024-04-11,283.225,0.2681333422660827,0.555556,291242.0,,,
2024-04-12,285.6,0.3414929509162903,0.555556,559672.0,,,
2024-04-13,286.65,0.5922316312789917,0.138889,897514.0,,,
2024-04-14,289.15,1.81428337097168,0.416667,2310056.0,,,
2024-04-15,290.875,0.0090450048446655,0.555556,2806226.0,,,
2024-04-16,291.70000000000005,0.000426173210144,0.555556,2828884.0,26.805757575757585,62.861329820715945,4.0
2024-04-17,290.375,0.0,0.972223,2782464.0,,,
2024-04-18,289.1,0.0008523463038727,0.694445,2777630.0,22.86322580645158,61.30068694368432,4.0
2024-04-19,293.9,0.0,1.944446,2705494.0,,,
2024-04-20,291.8,0.1025795936584472,0.555556,1941940.0,,,
2024-04-21,294.8,0.1156330108642578,0.277778,2189198.0,,,
2024-04-22,292.85,0.6723791360855103,0.277778,1352470.0,,,
2024-04-23,290.3,0.3310889005661011,0.555556,696818.0,,,
2024-04-24,284.8,0.0271499156951904,0.277778,1762252.0,,,
2024-04-25,287.65,0.1139789819717407,0.277778,2309708.0,,,
2024-04-26,291.375,0.5841590166091919,0.8333340000000001,1578930.0,,,
2024-04-27,290.15,0.0020787119865417,0.555556,2506214.0,,,
2024-04-28,288.375,0.0008583068847656,0.694445,2506144.0,17.960238095238065,58.932852736839195,4.0
2024-04-29,292.6,0.0076889991760253,0.972223,2511936.0,,,
2024-04-30,293.4,0.5716681480407715,0.833334,912182.0,,,
2024-05-01,288.57500000000005,0.3111585974693298,0.833334,1782460.0,,,
2024-05-02,285.7,0.0032782554626464,0.6944450000000001,1679406.0,,,
2024-05-03,284.17499999999995,0.0008523463038727,0.277778,2518904.0,,,
2024-05-04,286.2,0.0008702276973053,0.833334,2501868.0,,,
2024-05-05,287.25,0.0741034746170044,0.555556,1837862.0,,,
2024-05-06,289.95,0.0514835119247436,0.277778,2249008.0,,,
2024-05-07,286.85,0.5625933408737183,0.277778,2506976.0,,,
2024-05-08,282.9,0.0008702045306563,0.833334,2365008.0,17.997647058823546,58.953264508198984,4.0
2024-05-09,282.1,0.0008583068847656,0.555556,2442420.0,,,
2024-05-10,283.3,0.0001490116119384,0.277778,2365152.0,,,
2024-05-11,282.65,0.309675931930542,0.277778,1191964.0,45.133728813559344,67.97246867407313,4.0
2024-05-12,280.25,0.119844451546669,0.277778,1605688.0,,,
2024-05-13,280.45,0.0229459255933761,0.277778,2164796.0,,,
2024-05-14,280.2,0.0008583068847656,0.555556,2313536.0,,,
2024-05-15,280.25,0.0008742006029933,0.555556,2084432.0,,,
2024-05-16,280.75,0.371485948562622,0.277778,1746560.0,,,
2024-05-17,282.5473937988281,0.1921579241752624,0.4333244562149048,1894368.0,,,
2024-05-18,281.4678649902344,0.0015973928384482,0.3703202605247497,2323092.0,28.28774647887326,63.38922578510017,4.0
2024-05-19,281.5653991699219,0.0,0.5231761336326599,2182500.0,,,
2024-05-20,287.6,0.0008523463038727,2.083335,1828316.0,,,
2024-05-21,284.025,0.0501275062561035,0.555556,1486560.0,,,
2024-05-22,283.6,0.5751550197601318,0.416667,549708.0,,,
2024-05-23,281.5,0.145393431186676,0.833334,1280068.0,,,
2024-05-24,280.675,0.2189353108406067,0.555556,1529992.0,,,
2024-05-25,280.29999999999995,0.0258982181549072,0.555556,1275688.0,,,
2024-05-26,277.875,0.0380873680114746,0.555556,2048512.0,,,
2024-05-27,278.95,0.0,0.416667,2210744.0,,,
2024-05-28,280.75,0.0008583068847656,0.694445,2142000.0,17.80124999999998,58.84562574640021,4.0
2024-05-29,285.375,0.0008597968844696,1.38889,2186312.0,,,
2024-05-30,284.7,0.0,0.416667,2171352.0,,,
2024-05-31,283.275,0.0008583068847656,0.8333340000000001,2176652.0,26.213407821229023,62.642118792234776,4.0
2024-06-01,286.0075988769531,0.0373125076293945,0.7750850319862366,1642152.0,,,
2024-06-02,283.4024658203125,0.0008672475814819,1.0027666091918943,2059404.0,,,
2024-06-03,283.225,0.0,0.972223,2014980.0,,,
2024-06-04,281.75115966796875,0.0,0.7747581601142883,2096930.0,,,
2024-06-05,286.625,0.0008523463038727,0.833334,2023506.0,,,
2024-06-06,289.775,0.0010430812835693,0.416667,1982880.0,,,
2024-06-07,289.45000000000005,0.0,0.277778,1759762.0,,,
2024-06-08,291.65,0.0,0.277778,2054412.0,,,
2024-06-09,292.675,0.0008523463038727,0.833334,2083804.0,,,
2024-06-10,285.75,0.0008702276973053,0.416667,2033352.0,38.54651685393257,66.42480292846653,4.0
2024-06-11,287.925,0.0008523463038727,0.555556,1946004.0,,,
2024-06-12,291.9,0.0211894512176513,1.666668,2033400.0,,,
2024-06-13,296.79999999999995,0.2628713846206665,1.944446,1131952.0,,,
2024-06-14,289.57500000000005,0.0349525362253189,1.111112,1898964.0,,,
2024-06-15,285.6,0.0008583068847656,0.416667,1927172.0,,,
2024-06-16,287.875,0.000435113790445,0.416667,1991128.0,,,
2024-06-17,285.55,0.0008523463038727,0.833334,2085708.0,21.674200000000013,60.77676283455276,4.0
2024-06-18,288.15,0.3229379653930664,0.833334,1233964.0,,,
2024-06-19,283.925,0.0032931566238403,0.555556,1733998.0,,,
2024-06-20,286.225,0.0034850090742111,0.416667,1815174.0,,,
2024-06-21,289.225,0.1486539840698242,0.416667,1316800.0,,,
2024-06-22,290.75,0.8782073855400085,0.555556,1087840.0,,,
2024-06-23,283.35,0.0263452529907226,1.111112,895572.0,,,
2024-06-24,281.55,0.134393572807312,0.6944450000000001,754952.0,,,
2024-06-25,279.5,0.0008522765710949,0.694445,2106400.0,,,
2024-06-26,281.875,0.0,0.555556,2113654.0,,,
2024-06-27,286.70000000000005,0.000861287175212,1.5277790000000002,2075372.0,,,
2024-06-28,281.925,0.0008583068847656,0.972223,2114780.0,,,
2024-06-29,279.65,0.0008583068847656,0.694445,2125002.0,,,
2024-06-30,283.45,0.0008523463038727,1.666668,2127972.0,32.276416938110735,64.68324437883669,4.0
2024-07-01,283.65,0.0,0.416667,2150304.0,,,
2024-07-02,286.5,0.0,0.416667,2101736.0,16.408514285714276,58.046421569607254,4.0
2024-07-03,283.5,0.0008583068847656,0.416667,2105156.0,,,
2024-07-04,276.45000000000005,0.0008513141074217,0.555556,1997292.0,,,
2024-07-05,282.1,0.0008622420136816,0.694445,2121376.0,,,
2024-07-06,281.475,0.0,0.555556,2146204.0,,,
2024-07-07,277.625,0.0,0.555556,2147028.0,35.505042016806726,65.61850895452966,4.0
2024-07-08,280.0,0.0008583068847656,0.555556,1969108.0,,,
2024-07-09,277.4,0.0003110617399215,0.416667,2176816.0,,,
2024-07-10,274.6,0.0008523463038727,0.416667,2180148.0,,,
2024-07-11,278.25,0.0008583068847656,0.416667,2181944.0,,,
2024-07-12,277.975,0.0,0.694445,2220314.0,30.507488151658755,64.13030695482746,4.0
2024-07-13,283.875,0.0008583068847656,0.555556,2267372.0,,,
2024-07-14,284.375,0.000426173210144,0.555556,2280020.0,,,
2024-07-15,286.75,0.0030025839805603,0.694445,2141900.0,21.60859649122806,60.747024880166414,4.0
2024-07-16,282.475,0.0,1.111112,2262262.0,,,
2024-07-17,282.3575134277344,0.0008523463038727,0.8495724201202393,2223574.0,24.6360732984293,62.03331739578815,4.0
2024-07-18,285.34332275390625,0.2398193180561065,0.8876815438270569,1271660.0,,,
2024-07-19,282.92499999999995,0.2363324165344238,0.8333340000000001,1199260.0,,,
2024-07-20,280.225,0.1414477527141571,0.555556,645924.0,,,
2024-07-21,280.975,0.0296588987112045,0.555556,2228882.0,,,
2024-07-22,285.625,0.0105947256088256,0.555556,1869346.0,27.22932642487049,63.01512973043553,4.0
2024-07-23,286.7,0.0085122883319854,0.972223,2267828.0,,,
2024-07-24,288.025,0.0008583070593886,0.833334,2340470.0,,,
2024-07-25,286.4,0.0,0.694445,2298276.0,22.394832214765085,61.097624532232,4.0
2024-07-26,286.525,0.0,0.694445,2319300.0,,,
2024-07-27,285.5205078125,0.0008583068847656,0.5476943254470825,2167382.0,35.32108247422683,65.56754902459305,4.0
2024-07-28,282.8484802246094,0.0008612899109721,0.72791987657547,2330890.0,,,
2024-07-29,281.1,0.0008583068847656,0.416667,2362048.0,,,
2024-07-30,283.075,0.0008523463038727,1.38889,2347826.0,,,
2024-07-31,288.45,0.0008601675508543,1.666668,2073142.0,,,
2024-08-01,291.3,0.1764893531799316,0.972223,2358730.0,,,
2024-08-02,293.1,0.5776882171630859,1.666668,2401394.0,,,
2024-08-03,289.6361999511719,0.2285689115524292,1.165614366531372,2417742.0,,,
2024-08-04,285.1197204589844,0.0,0.5152812600135803,2449764.0,83.49978505629477,74.00772020581516,5.0
2024-08-05,284.75,0.0,0.555556,2407524.0,,,
2024-08-06,284.75,0.0032782554626464,1.6666680000000005,2450826.0,,,
2024-08-07,281.5,0.0,0.416667,2540850.0,,,
2024-08-08,280.25,0.0,0.833334,2645022.0,,,
2024-08-09,280.25,0.0,0.416667,2651374.0,20.14335820895522,60.058199989192815,4.0
2024-08-10,283.75,0.0008583068847656,0.972223,2584234.0,,,
2024-08-11,283.25,0.0008583068847656,0.416667,2593436.0,,,
2024-08-12,283.0,0.0,0.555556,2623490.0,,,
2024-08-13,288.5,0.0,2.083335,2643660.0,,,
2024-08-14,287.0,0.0,1.111112,2632214.0,30.190495867768604,64.02784152283888,4.0
2024-08-15,286.75,0.0008583068847656,0.416667,2486896.0,,,
2024-08-16,285.5,0.0518560409545898,0.6944450000000001,2569548.0,,,
2024-08-17,286.0,0.011146068572998,0.555556,2540488.0,,,
2024-08-18,286.25,0.0448971986770629,0.972223,1733488.0,,,
2024-08-19,283.75,0.3246963024139404,0.8333340000000001,692788.0,,,
2024-08-20,282.25,0.1623628139495849,0.555556,1750320.0,,,
2024-08-21,281.75,0.0779628753662109,0.972223,2579998.0,,,
2024-08-22,281.25,0.2776384353637695,0.972223,2139946.0,,,
2024-08-23,280.25,0.340580940246582,0.555556,2455896.0,,,
2024-08-24,280.5,0.0011622905731201,0.555556,2837524.0,20.27838709677421,60.12374086609904,4.0
2024-08-25,280.25,0.0,0.694445,2810218.0,,,
2024-08-26,283.75,0.0,0.972223,2858906.0,25.08081967213118,62.208834329794286,4.0
2024-08-27,284.0,0.0008583068847656,0.694445,2674042.0,,,
2024-08-28,281.5,0.0008523463038727,0.555556,2837834.0,,,
2024-08-29,286.0,0.6968080997467041,0.277778,1351278.0,,,
2024-08-30,285.5,0.2621859014034271,0.555556,1925522.0,,,
2024-08-31,283.5,0.0008523463038727,0.0,2931422.0,,,
2024-09-01,284.0,0.0008583068847656,0.0,2986874.0,,,
2024-09-02,294.5,0.0007227063179016,1.944446,2979596.0,,,
2024-09-03,287.0,0.000435113790445,0.555556,3026030.0,39.35534426229509,66.62851775364578,4.0
2024-09-04,287.5,0.0,0.277778,3031616.0,,,
2024-09-05,284.5,0.0,1.3888900000000002,3035142.0,39.78017021276597,66.73384549776392,4.0
2024-09-06,291.0,0.0,1.111112,3003754.0,,,
2024-09-07,287.0,0.0008523463038727,0.277778,2985162.0,,,
2024-09-08,289.0,0.0008523463038727,0.555556,3010284.0,37.62063829787235,66.18629287687688,4.0
2024-09-09,290.0,0.1066923141479492,0.555556,3004424.0,,,
2024-09-10,295.5,0.5655661225318909,1.944446,1782930.0,,,
2024-09-11,286.5,0.0004351139068603,0.833334,3118230.0,,,
2024-09-12,285.0,0.118151307106018,0.0,2917094.0,,,
2024-09-13,286.0,0.000435113790445,0.555556,3182144.0,,,
2024-09-14,285.5,0.0358551740646362,0.555556,3167572.0,,,
2024-09-15,286.0,0.000426173210144,0.833334,3216940.0,40.78619834710743,66.97885217156619,4.0
2024-09-16,287.0,0.5103200674057007,0.833334,3077854.0,,,
2024-09-17,290.0,0.0008583068847656,1.111112,3177260.0,,,
2024-09-18,292.5,0.0705420970916748,0.833334,3173610.0,61.45462616822429,71.00051433415987,5.0
2024-09-19,296.0,0.0,1.666668,3293414.0,,,
2024-09-20,288.0,0.0053644180297851,0.555556,2949648.0,50.92718894009215,69.15719402843158,4.0
2024-09-21,293.0,0.0134289264678955,0.833334,3221224.0,,,
2024-09-22,295.5,0.0028982758522033,1.111112,3205840.0,,,
2024-09-23,289.0,0.0008523463038727,0.555556,3294867.0,,,
2024-09-24,288.0,0.1849085092544555,0.277778,3012100.5,,,
2024-09-25,288.0,0.014081597328186,0.833334,3363014.0,,,
2024-09-26,287.0,0.0008662028121761,0.555556,3402830.0,,,
2024-09-27,280.0,0.0,0.0,3379450.0,,,
2024-09-28,293.7878112792969,0.000435113790445,0.9189038872718812,3357733.0,43.54193548387094,67.62023742175501,4.0
2024-09-29,296.776123046875,0.0008583068847656,1.1095435619354248,3297829.0,,,
2024-09-30,296.0,0.0,0.277778,3437401.0,47.06769874476988,68.38406811836686,4.0
2024-10-01,291.5,0.0008523463038727,1.111112,3412290.0,,,
2024-10-02,286.5,0.0008557988330721,0.277778,3457176.0,,,
2024-10-03,286.5,0.000435113790445,0.555556,3480195.0,58.6049115044248,70.53472955503798,5.0
2024-10-04,292.75,0.000435113790445,1.111112,3456738.0,,,
2024-10-05,293.25,0.0008583068847656,0.694445,3195197.0,56.39287449392714,70.15728298338956,5.0
2024-10-06,295.5,2.519667148590088,0.694445,513865.0,,,
2024-10-07,291.5,0.4328358769416809,0.277778,1914570.0,,,
2024-10-08,289.25,0.960901379585266,0.8333340000000001,464470.0,,,
2024-10-09,287.0,0.4086196422576904,0.277778,2930506.0,,,
2024-10-10,291.5,7.450580596923828e-05,0.416667,3568012.0,,,
2024-10-11,292.25,0.0469684600830078,0.416667,2448718.0,,,
2024-10-12,291.75,2.0502805709838867,0.6944450000000001,2359596.0,,,
2024-10-13,288.5,5.948990821838379,0.6944450000000001,1662884.0,,,
2024-10-14,291.75,0.6459951400756836,0.416667,2038518.0,,,
2024-10-15,293.0,0.0299811363220214,0.555556,2823460.0,,,
2024-10-16,293.75,4.00225830078125,0.694445,1663496.0,,,
2024-10-17,293.25,0.029832124710083,0.555556,3343070.0,,,
2024-10-18,293.25,0.0008583068847656,0.555556,3648422.0,62.60454706927177,71.18237992022657,5.0
2024-10-19,295.5,0.0008772329892963,0.972223,3622226.0,,,
2024-10-20,298.0,0.0717043876647949,1.111112,2772262.0,54.972666666666655,69.90706206257036,4.0
2024-10-21,296.25,2.327874183654785,0.833334,1472722.0,,,
2024-10-22,292.5,4.396617412567139,0.277778,2079468.0,,,
2024-10-23,292.5,0.0808387994766235,0.6944450000000001,2676636.0,,,
2024-10-24,292.1719665527344,0.0740468502044677,1.0928494930267334,2993006.0,,,
2024-10-25,289.0,3.5652192309498787e-06,1.111112,3825862.0,50.64819047619046,69.10330337442444,4.0
2024-10-26,289.25,0.0,0.555556,3717740.0,,,
2024-10-27,292.0,0.0,0.833334,3756774.0,,,
2024-10-28,295.0,0.0,0.694445,3767202.0,62.419090909090905,71.15327620359827,5.0
2024-10-29,295.75,0.0,0.694445,3741800.0,,,
2024-10-30,296.75,3.892868757247925,0.833334,2398216.0,45.77077844311376,68.10996590853401,4.0
2024-10-31,295.5,0.2413913607597351,0.555556,3257960.0,,,
2024-11-01,297.5,0.6321370601654053,0.833334,2285162.0,,,
2024-11-02,294.25,0.0500828027725219,1.5277790000000002,2405044.0,,,
2024-11-03,294.25,1.3781487941741943,0.833334,2971652.0,,,
2024-11-04,294.25,0.0834129750728607,0.972223,3332022.0,,,
2024-11-05,291.75,2.0217747688293457,0.555556,2160108.0,,,
2024-11-06,292.75,0.1507550477981567,0.416667,2582046.0,,,
2024-11-07,295.0,0.1261532306671142,1.111112,3311480.0,78.2911086474501,73.37585794808967,5.0
2024-11-08,293.2757568359375,0.0180304050445556,0.564954400062561,3308642.0,,,
2024-11-09,294.7111511230469,1.102536916732788,1.0976223945617676,3078554.0,39.66944649446491,66.7065023732842,4.0
2024-11-10,297.6719055175781,2.6903674602508545,0.9513241648674012,3608724.0,,,
2024-11-11,291.4158935546875,0.0,1.2048988342285156,3839576.0,,,
2024-11-12,292.7211303710937,0.0008642674074508,0.5912469625473022,3874264.0,63.52413173652693,71.3254288369341,5.0
2024-11-13,297.5,0.0005960464477539,0.416667,3784510.0,,,
2024-11-14,297.5,0.000435113790445,0.555556,3885684.0,38.56577540106954,66.42970296050595,4.0
2024-11-15,298.6427001953125,0.4559338092803955,1.433476448059082,3658328.0,,,
2024-11-16,298.4794006347656,0.4150271415710449,0.868140459060669,2212314.0,,,
2024-11-17,291.4390869140625,0.2072434872388839,1.1126370429992676,3270060.0,,,
2024-11-18,290.25,1.3494789600372314,0.694445,2250072.0,,,
2024-11-19,291.25,0.3326460719108581,0.555556,2949664.0,,,
2024-11-20,293.25,0.91591477394104,0.694445,2381132.0,,,
2024-11-21,294.25,0.1124124974012374,0.694445,3896570.0,,,
2024-11-22,296.75,0.0023841857910156,0.694445,3599144.0,60.71936363636362,70.88243662333441,5.0
2024-11-23,296.25,0.163242220878601,0.833334,3018462.0,,,
2024-11-24,301.75,3.622509479522705,0.833334,2366144.0,,,
2024-11-25,294.5,3.640517711639404,0.833334,3199172.0,,,
2024-11-26,296.75,1.5683472156524658,0.277778,2670104.0,,,
2024-11-27,295.0,1.3440773487091064,0.277778,2597680.0,,,
2024-11-28,294.5,3.356635570526123,0.555556,816376.0,,,
2024-11-29,287.5,0.7588714361190796,0.0,1083302.0,,,
2024-11-30,287.5,0.7757245302200317,0.0,3163226.0,,,
2024-12-01,293.5,0.0005960464477539,0.555556,3974612.0,,,
2024-12-02,290.0,0.0005960465059615,0.277778,3842100.0,67.1796052631579,71.8742968389918,5.0
2024-12-03,290.5,0.0008583070593886,0.555556,3989920.0,,,
2024-12-04,292.0,0.0760555267333984,0.833334,3951988.0,52.39638297872339,69.43619648146318,4.0
2024-12-05,295.0,1.132659673690796,0.833334,3035452.0,,,
2024-12-06,295.0,0.0136600248515605,0.555556,2571962.0,,,
2024-12-07,289.0,0.2099275588989257,0.277778,2674536.0,,,
2024-12-08,288.0,0.0119209289550781,0.277778,3385774.0,,,
2024-12-09,291.5,0.0008523463038727,0.277778,4014584.0,,,
2024-12-10,293.5,0.0,0.555556,3509890.0,,,
2024-12-11,289.0,2.664417028427124,0.0,3233476.0,,,
2024-12-12,298.1020202636719,4.148870468139648,0.9116728901863098,4044072.0,78.43890445859873,73.39435953956405,5.0
2024-12-13,295.2807312011719,0.0040531163103878,1.0932095050811768,4000924.0,,,
2024-12-14,295.8676147460937,0.173419713973999,0.5748545527458191,3887584.0,74.56,72.89683691140166,5.0
2024-12-15,296.8307189941406,0.1519769430160522,0.6033418774604797,3865156.0,,,
2024-12-16,296.2809753417969,0.1022666692733764,0.6062268018722534,3547104.0,,,
2024-12-17,296.2469482421875,4.443201065063477,0.9221680760383606,1687028.0,,,
2024-12-18,293.3582458496094,0.0008583068847656,0.4463985562324524,4028508.0,,,
2024-12-19,295.73797607421875,0.1318305730819702,0.6439070105552673,3849624.0,105.51931818181816,76.30375059990783,5.0
2024-12-20,297.4725036621094,2.351179599761963,0.842958927154541,2113596.0,,,
2024-12-21,291.8420104980469,0.0038431466091424,0.7875553965568542,3832064.0,,,
2024-12-22,294.1791687011719,2.555638551712036,0.5522008538246155,3461696.0,67.18744423791821,71.87544146995262,5.0
2024-12-23,296.3586730957031,0.3502964973449707,0.9972357153892516,3233864.0,,,
2024-12-24,294.96685791015625,0.0,1.1590635776519775,4011800.0,,,
2024-12-25,294.1164245605469,0.0193715095520019,0.6495717167854309,3912408.0,,,
2024-12-26,295.2823181152344,0.1464784145355224,0.4588057994842529,3577800.0,,,
2024-12-27,296.5547790527344,4.607915878295898,0.474698007106781,3550388.0,66.08471153846153,71.71309616075817,5.0
2024-12-28,295.780029296875,0.0831782817840576,0.4042483568191528,3826752.0,,,
2024-12-29,296.8653564453125,1.8578022718429563,0.6727561950683594,3718888.0,51.61679487179488,69.28914006611983,4.0
2024-12-30,297.09002685546875,1.8251538276672363,0.5564160346984863,3928440.0,,,
2024-12-31,298.8276672363281,1.7807632684707642,0.6969338655471802,2923872.0,,,
2025-01-01,297.28839111328125,0.7249712944030762,0.3623755574226379,3526560.0,,,
2025-01-02,297.8959350585937,0.8973032832145691,0.407539427280426,3447716.0,,,
2025-01-03,298.0658874511719,0.0393539667129516,0.3567724227905273,3759320.0,,,
2025-01-04,299.08428955078125,0.0959038734436035,0.7359684705734253,3823836.0,,,
2025-01-05,299.38214111328125,0.3004542589187622,0.704920768737793,3045256.0,,,
2025-01-06,298.9441833496094,1.3181418180465698,0.666321873664856,3599624.0,64.47741721854302,71.47155056057244,5.0
2025-01-07,297.917724609375,1.6077158451080322,0.5228304266929626,3475224.0,,,
2025-01-08,299.5668640136719,1.6076117753982544,0.5126339197158813,2765842.0,,,
2025-01-09,296.7206115722656,2.5427439212799072,0.4331727623939514,3418070.0,,,
2025-01-10,296.7587890625,0.0085234642028808,0.4631962776184082,3947496.0,,,
2025-01-11,297.66900634765625,0.0155568122863769,0.5930659174919128,3584088.0,62.05744680851058,71.09627367647502,5.0
2025-01-12,298.7054443359375,0.0211745500564575,0.5842373967170715,3722132.0,,,
2025-01-13,298.7397766113281,0.0008523463038727,0.5315535664558411,3833596.0,43.6469035532995,67.64385827208335,4.0
2025-01-14,299.9043884277344,0.000852346420288,0.637544572353363,3926184.0,,,
2025-01-15,300.9612731933594,0.1135766506195068,0.6163329482078552,3841340.0,,,
2025-01-16,300.5332336425781,1.2908726930618286,0.5733675956726074,3305456.0,50.42994318181819,69.060939923349,4.0
2025-01-17,299.0065002441406,1.071713924407959,0.5542004108428955,3122084.0,,,
2025-01-18,296.49127197265625,0.9022057056427002,0.5368161797523499,3134080.0,,,
2025-01-19,294.9779663085937,0.0,0.8949308395385742,4028202.0,,,
2025-01-20,294.85516357421875,0.0008597968844696,0.6231852769851685,3954676.0,,,
2025-01-21,297.0872497558594,0.3989636898040771,0.5911280512809753,3220944.0,64.6442474916388,71.49690038693105,5.0
2025-01-22,298.6826171875,0.200631096959114,0.7123266458511353,3157016.0,,,
2025-01-23,298.3204650878906,2.0933876037597656,0.9640745520591736,3663550.0,74.89562303664923,72.9408963781136,5.0
2025-01-24,299.6260681152344,2.355262756347656,0.5981228947639465,3135470.0,,,
2025-01-25,297.97955322265625,0.987023115158081,0.4992324709892273,3380404.0,,,
2025-01-26,298.3521728515625,0.2694129943847656,0.8417940139770508,3182418.0,,,
2025-01-27,297.9862976074219,7.061422824859619,0.6426452994346619,2012292.0,,,
2025-01-28,294.9556579589844,0.0581850185990333,0.4724290370941162,2986234.0,,,
2025-01-29,296.3269958496094,0.006452202796936,0.4605426788330078,3828184.0,,,
2025-01-30,297.55230712890625,0.0008523463038727,0.6047258973121643,3880014.0,,,
2025-01-31,298.3988647460937,0.0100135803222656,0.7230671048164368,3786106.0,63.185614406779685,71.2730119865067,5.0
2025-02-01,299.2142639160156,0.0008588509517721,0.6237574815750122,3848792.0,,,
2025-02-02,299.5888671875,0.0704824924468994,0.930117666721344,3698484.0,44.51124999999999,67.83622868852157,4.0
2025-02-03,301.1844482421875,0.0913739204406738,0.831678569316864,3350566.0,,,
2025-02-04,299.2203063964844,0.3829598426818847,0.6782213449478149,3070726.0,,,
2025-02-05,298.131103515625,0.0010859221220016,0.5115904211997986,3908576.0,77.67184466019418,73.29795468309565,5.0
2025-02-06,297.9886474609375,0.4281401634216308,0.5601165294647217,3631254.0,,,
2025-02-07,299.8578796386719,0.0039935111999511,0.6179137825965881,3720450.0,52.810428571428574,69.51341217073424,4.0
2025-02-08,302.73638916015625,0.0008046627044677,0.7867981195449829,3592782.0,,,
2025-02-09,304.3651428222656,0.0008627771749161,0.8678462505340576,3787810.0,,,
2025-02-10,303.9972839355469,0.3666728734970093,1.0997459888458252,3454256.0,59.07018587360592,70.61230527749322,5.0
2025-02-11,301.5513610839844,0.8880048990249634,0.8262253999710083,2162048.0,,,
2025-02-12,293.6731262207031,0.0388771295547485,0.7942278385162354,3027498.0,,,
2025-02-13,294.43927001953125,0.1733601093292236,0.5196898579597473,2562854.0,,,
2025-02-14,298.66650390625,5.63475513458252,0.75167316198349,1947626.0,,,
2025-02-15,296.5198059082031,5.846961975097656,0.4343855381011963,2881170.0,,,
2025-02-16,296.3394775390625,0.2185553312301635,0.5760043263435364,3556944.0,,,
2025-02-17,296.206787109375,0.0143647193908691,0.5894078612327576,3684752.0,75.94155172413798,73.07694672374676,5.0
2025-02-18,294.6510925292969,0.0,0.7647121548652649,3673722.0,,,
2025-02-19,296.31170654296875,0.0008583068847656,1.0805299282073977,3292718.0,,,
2025-02-20,297.8274230957031,0.000435113790445,0.9936895966529846,3087700.0,63.63318181818175,71.34225494836087,5.0
2025-02-21,299.3978881835937,0.0027418136596679,0.7636740803718567,3425980.0,,,
2025-02-22,301.6540832519531,0.0008523463038727,0.9779182076454164,3520972.0,34.494999999999955,65.33538912664108,4.0
2025-02-23,302.60089111328125,0.0828802585601806,0.9655980467796326,3444986.0,,,
2025-02-24,302.6377258300781,2.7680249214172363,0.8462982773780823,2753340.0,,,
2025-02-25,299.3956604003906,1.6688543558120728,0.5282132625579834,2657522.0,,,
2025-02-26,298.0270690917969,2.161994457244873,0.3139523863792419,2438122.0,,,
2025-02-27,297.1009826660156,1.5148252248764038,0.6855921745300293,2498034.0,,,
2025-02-28,297.7409362792969,1.0713114738464355,0.7147883176803589,2025058.0,,,
2025-03-01,296.5294189453125,1.623585820198059,0.5001979470252991,1781404.0,,,
2025-03-02,296.1322631835937,1.4837682247161863,0.6759170293807983,3120910.0,,,
2025-03-03,298.0334167480469,0.5389153957366943,0.7397536635398865,3283323.0,,,
2025-03-04,299.2642822265625,0.0765025615692138,0.8498589396476746,3197876.0,,,
2025-03-05,300.745361328125,0.0836104154586792,0.8707026243209839,3303745.0,,,
2025-03-06,301.3184509277344,1.4451146125793457,0.935918390750885,3115082.0,,,
2025-03-07,300.7611389160156,6.882496356964111,1.0551180839538574,2112994.0,52.94598684210524,69.53856104436885,4.0
2025-03-08,293.6014099121094,0.0004276632098481,1.1792871952056885,3082920.5,,,
2025-03-09,290.2304992675781,0.0008523463038727,0.6737264394760132,3289542.5,,,
2025-03-10,291.615478515625,1.2658237218856812,0.8149276971817017,2733377.5,,,
2025-03-11,293.2640991210937,2.9537081718444824,0.4961791634559631,394626.5,,,
2025-03-12,286.5261535644531,0.1179277896881103,0.8756095170974731,1287749.5,,,
2025-03-13,287.1602783203125,0.0227760784327983,0.4478822946548462,1930906.75,,,
2025-03-14,288.6227722167969,0.0644624233245849,0.7371771931648254,1899545.0,,,
2025-03-15,291.2451171875,1.2908936738967896,0.7196672558784485,2847960.0,,,
2025-03-16,293.51715087890625,0.0388324260711669,0.5195862054824829,3109796.5,,,
2025-03-17,294.4476623535156,0.0046789646148681,0.5836684703826904,3321244.0,56.54033492822968,70.18290144743611,5.0
2025-03-18,295.6159362792969,0.0,0.5947406888008118,3309253.0,,,
2025-03-19,296.66998291015625,0.000435113790445,0.9935271143913268,3154117.0,57.51106382978721,70.34989774194327,5.0
2025-03-20,296.2608947753906,2.861708402633667,0.9930071234703064,2828510.0,,,
2025-03-21,295.1748352050781,0.1078248023986816,0.4374396800994873,3216662.0,,,
2025-03-22,294.39190673828125,3.3080880641937256,0.4970691800117492,1844882.0,141.54367187499997,79.18508746836409,5.0
2025-03-23,292.99298095703125,2.686351537704468,0.4882324934005737,415256.0,,,
2025-03-24,289.2800598144531,1.8631815910339355,0.616361677646637,1647684.0,,,
2025-03-25,288.3424987792969,1.165913462638855,0.894916832447052,1510964.0,,,
2025-03-26,292.0266418457031,0.786811113357544,0.5572167634963989,1183770.0,,,
2025-03-27,294.0,0.4792660474777221,0.138889,1849448.0,,,
2025-03-28,293.0,0.2107173502445221,0.416667,1508110.0,,,
2025-03-29,294.0,1.2726484537124634,0.277778,2622256.0,,,
2025-03-30,295.25,5.330920219421387,1.3888900000000002,2794696.0,,,
2025-03-31,287.25,0.000435113790445,0.972223,3065650.0,,,
2025-04-01,286.708251953125,0.0004276632098481,0.4386990070343017,3126116.0,,,
2025-04-02,287.8387756347656,0.0161260366439819,0.5001958608627319,3000568.0,,,
2025-04-03,289.2440490722656,0.0176578760147094,0.8167479038238525,1012636.0,90.2468253968254,74.77000000938088,5.0
2025-04-04,282.5,0.0008685360080562,0.6944450000000001,3023528.0,,,
2025-04-05,285.5,0.0176727771759033,0.555556,2756378.0,,,
2025-04-06,285.5,0.104561448097229,0.555556,2500454.0,,,
2025-04-07,286.5,0.308295726776123,0.555556,2560870.0,,,
2025-04-08,287.4764099121094,0.0488869845867157,0.8346601128578186,2672576.0,49.481145038167895,68.87461446605678,4.0
2025-04-09,289.75,0.1583695411682129,0.416667,2564322.0,,,
2025-04-10,289.75,0.060349702835083,0.277778,1490232.0,,,
2025-04-11,292.5,4.219442367553711,0.277778,2087930.0,,,
2025-04-12,289.75,0.0556707419455051,0.416667,2011734.0,,,
2025-04-13,289.5,0.0126361846923828,0.416667,2385586.0,,,
2025-04-14,290.0,1.2729912996292114,0.277778,2248640.0,,,
2025-04-15,291.0,0.0620484352111816,0.555556,2030456.0,,,
2025-04-16,293.25,0.0388026237487793,0.555556,2225682.0,,,
2025-04-17,293.5,0.848233699798584,0.416667,912210.0,,,
2025-04-18,288.0,0.2546310424804687,0.555556,998312.0,,,
2025-04-19,286.0,0.1692362129688263,0.416667,1144658.0,,,
2025-04-20,286.0,0.0008523463038727,0.277778,2737368.0,,,
2025-04-21,287.75,0.0008523463620804,0.833334,2653612.0,,,
2025-04-22,289.4882507324219,0.2614259719848633,0.7461909055709839,2210144.0,,,
2025-04-23,294.25,0.4947781562805176,0.555556,1393626.0,,,
2025-04-24,291.4158630371094,0.0099465250968933,0.3919714391231537,2293242.0,,,
2025-04-25,291.8145751953125,0.3832727670669555,0.7860504984855652,1811354.0,,,
2025-04-26,288.0389404296875,0.2034604400396347,1.025932550430298,2530682.0,,,
2025-04-27,288.7480773925781,0.0008672475814819,0.4000453054904938,2608018.0,,,
2025-04-28,289.3347473144531,0.0,0.5267664790153503,2614576.0,19.6561111111111,59.81798910514591,4.0
2025-04-29,289.08074951171875,0.0,0.8403006792068481,2537644.0,,,
2025-04-30,292.25,0.0008597968844696,0.833334,1935256.0,14.928372093023246,57.119015618167936,4.0
2025-05-01,291.5,0.0050693745724856,0.833334,2407584.0,,,
2025-05-02,291.5,0.0132322311401367,0.416667,2310594.0,,,
2025-05-03,292.75,0.2253204584121704,0.555556,1752772.0,38.322866242038174,66.36771859644216,4.0
2025-05-04,296.0,2.450630187988281,0.972223,799684.0,,,
2025-05-05,290.75,0.3028884530067444,0.138889,1848180.0,,,
2025-05-06,292.0,0.3742501139640808,0.277778,1562180.0,,,
2025-05-07,292.5,0.218018889427185,0.416667,1520116.0,,,
2025-05-08,290.5,0.0906884670257568,0.416667,1825872.0,,,
2025-05-09,290.75,0.0008583068847656,0.555556,2392748.0,,,
2025-05-10,290.5,0.0008583068847656,0.416667,2349472.0,,,
2025-05-11,290.0,0.0008571271901018,0.555556,2323120.0,47.19853658536588,68.4112999269982,4.0
2025-05-12,290.0,0.0008583068847656,0.694445,2321406.0,,,
2025-05-13,289.75,0.009775161743164,0.833334,1667754.0,,,
2025-05-14,292.5,0.3248602151870727,0.138889,1087264.0,,,
2025-05-15,293.75,0.4919916987419128,0.694445,997004.0,,,
2025-05-16,294.25,1.4256871938705444,0.555556,1960608.0,,,
2025-05-17,295.25,0.7719844579696655,1.3888900000000002,2056156.0,,,
2025-05-18,286.5,0.0008596797706559,0.972223,2244906.0,,,
2025-05-19,284.5,0.0008523463038727,0.416667,2225592.0,,,
2025-05-20,282.25,0.0156611185520887,0.277778,1409584.0,34.49499999999994,65.33538912664108,4.0
2025-05-21,285.0577392578125,0.2027451992034912,0.3708406686782837,976028.0,,,
2025-05-22,284.0,0.0,0.277778,1930520.0,,,
2025-05-23,285.25,0.0600442290306091,0.555556,1812164.0,71.5016030534351,72.48595192250643,5.0
2025-05-24,286.75,0.0106394290924072,0.555556,1468128.0,,,
2025-05-25,285.5,0.0150389969348907,0.416667,2204784.0,,,
2025-05-26,285.25,0.9053349494934082,0.694445,1340900.0,,,
2025-05-27,282.75,0.0,1.8055570000000003,2227128.0,,,
2025-05-28,281.5,0.0,0.416667,2193372.0,17.71564102564102,58.79833412595448,4.0
2025-05-29,282.5,0.0,0.416667,2218598.0,,,
2025-05-30,283.5,0.0008583068847656,0.416667,2192790.0,,,
2025-05-31,283.0,0.0004276632098481,0.277778,2045340.0,29.19227941176472,63.69800089465198,4.0
2025-06-01,282.75,0.0,0.416667,2047170.0,,,
2025-06-02,284.25,0.0008583068847656,0.694445,2077026.0,,,
2025-06-03,284.5,0.0008583068847656,0.694445,2097040.0,,,
2025-06-04,284.75,0.0,0.555556,2132580.0,,,
2025-06-05,284.25,0.0,0.277778,2092704.0,19.77025641025637,59.8747921323389,4.0
2025-06-06,284.5,0.1400113105773925,0.416667,1407560.0,,,
2025-06-07,284.75,0.0181794166564941,0.416667,2037284.0,,,
2025-06-08,284.5,0.0008523463038727,0.277778,2120048.0,,,
2025-06-09,283.5,0.0008523463038727,0.138889,2113452.0,17.625526315789468,58.748305941485555,4.0
2025-06-10,282.5,0.0,0.555556,2128820.0,,,
2025-06-11,282.5,0.0008583068847656,0.555556,2052704.0,,,
2025-06-12,282.5,0.0056654214859008,0.833334,1704368.0,24.155645161290327,61.8401226284246,4.0
2025-06-13,286.0,0.1370012760162353,0.277778,2081476.0,,,
2025-06-14,281.5,0.0008687342051416,0.277778,2074876.0,,,
2025-06-15,281.0,0.0008519566035829,0.833334,2055704.0,,,
2025-06-16,285.5,0.0001490116119384,1.111112,2081120.0,,,
2025-06-17,281.5,0.0008583068847656,0.555556,1992560.0,32.80211267605633,64.84173558611931,4.0
2025-06-18,281.5,0.0,0.277778,2109792.0,,,
2025-06-19,281.0,0.0004271386424079,0.277778,2150792.0,,,
2025-06-20,282.0,0.0008583069429732,0.277778,2108700.0,22.535298507462667,61.158963273012134,4.0
2025-06-21,282.0,0.2761036157608032,0.277778,2017896.0,,,
2025-06-22,281.5,0.0106096267700195,0.555556,2195548.0,,,
2025-06-23,277.5,0.0008628220530226,0.277778,2106500.0,,,
2025-06-24,278.5,0.0008597968844696,0.833334,2086280.0,,,
2025-06-25,281.0,0.0,1.944446,2114532.0,51.322300000000006,69.23300973822737,4.0
2025-06-26,281.0,0.0,0.416667,2117480.0,,,
2025-06-27,279.5,0.0021758112125098,0.555556,1962316.0,32.9887969924812,64.8974082639576,4.0
2025-06-28,279.5,0.0852793455123901,0.972223,1099728.0,,,
2025-06-29,273.0,0.0196993350982666,0.6944450000000001,1874812.0,,,
2025-06-30,275.4789428710937,5.401670932769776e-05,0.416667,2094088.0,82.83148387096776,73.92888872752832,5.0
2025-07-01,275.0,0.0008523463038727,1.111112,2108708.0,,,
2025-07-02,278.0,0.0004276632098481,1.666668,2138652.0,23.04785714285717,61.379589163275135,4.0
2025-07-03,281.5,0.000426173210144,1.8055570000000003,2122440.0,,,
2025-07-04,283.5,0.000435113790445,1.111112,2084748.0,,,
2025-07-05,282.0,0.162661075592041,0.416667,966444.0,,,
2025-07-06,286.0,0.0845342874526977,0.555556,1586894.0,,,
2025-07-07,286.5,0.0046156346797943,0.555556,2014340.0,46.39549504950496,68.242955201321,4.0
2025-07-08,285.5,0.1917807906866073,0.416667,1515366.0,,,
2025-07-09,290.5,1.1103302240371704,0.694445,208038.0,,,
2025-07-10,285.0,0.7435176372528076,0.277778,1122952.0,,,
2025-07-11,284.0,0.1845061779022216,0.138889,1068028.0,,,
2025-07-12,284.0,0.0068843364715576,0.972223,2080372.0,,,
2025-07-13,284.0,0.0263899564743042,0.416667,1606282.0,,,
2025-07-14,286.0,0.0008583070011809,1.111112,1840168.0,,,
2025-07-15,290.5,0.4981234669685364,0.833334,2231914.0,,,
2025-07-16,282.0,0.0008523463038727,1.111112,2303042.0,,,
2025-07-17,281.0,0.0008696636650711,0.277778,2272346.0,17.86424528301891,58.880280213647296,4.0
2025-07-18,284.0,0.0008583068847656,0.833334,2278944.0,,,
2025-07-19,285.0,0.000426173210144,0.833334,2261178.0,14.180352112676063,56.614720627408474,4.0
2025-07-20,286.0,0.0,0.277778,2212766.0,23.22671874999994,61.455425238283404,4.0
2025-07-21,284.0,0.1135617494583129,0.277778,1488168.0,,,
2025-07-22,281.5,0.2714693546295166,0.277778,322304.0,,,
2025-07-23,279.0,0.0595450401306152,0.277778,957380.0,,,
2025-07-24,282.0,0.0048577785491943,0.694445,2146054.0,,,
2025-07-25,283.0,0.2819299697875976,0.972223,738024.0,,,
2025-07-26,280.5,0.1899227499961853,0.972223,805604.0,,,
2025-07-27,279.0,0.0941008329391479,1.111112,1740636.0,,,
2025-07-28,281.0,0.0028759241104125,0.555556,2232092.0,,,
2025-07-29,281.5,0.0,1.805557,2339594.0,,,
2025-07-30,286.5,0.0008553265943191,2.3611130000000005,2024916.0,,,
2025-07-31,290.0,0.0885277986526489,2.083335,1794980.0,,,
2025-08-01,290.5,0.6362795829772949,1.250001,2247494.0,,,
2025-08-02,283.5,0.0132471323013305,0.416667,2303254.0,,,
2025-08-03,284.0,0.0018104910850524,0.416667,2414588.0,,,
2025-08-04,283.0,0.0008523464784957,0.555556,2451492.0,,,
2025-08-05,282.0,0.0008583068847656,0.555556,2453964.0,,,
2025-08-06,283.0,0.024154782295227,0.833334,1392604.0,,,
2025-08-07,282.5,0.0,0.8333340000000001,2605260.0,,,
2025-08-08,279.5,0.0008514045039191,0.416667,2585094.0,28.457808219178062,63.448025480545255,4.0
2025-08-09,281.5,0.0008583068847656,0.555556,2560418.0,21.14000000000003,60.531948078136935,4.0
2025-08-10,285.0,0.0,1.38889,2585126.0,,,
2025-08-11,285.0,0.0008628952782601,0.555556,2572652.0,30.2327659574468,64.04156701977045,4.0
2025-08-12,289.5,0.0,1.5277790000000002,2390044.0,,,
2025-08-13,284.5,0.0006556510925292,1.111112,2587670.0,,,
2025-08-14,281.0,0.0028908252716064,0.555556,2024112.0,,,
2025-08-15,284.0,0.4698708653450012,0.555556,2477884.0,,,
2025-08-16,284.0,0.0021681189537048,0.555556,2549892.0,36.96814814814811,66.0146560409029,4.0
2025-08-17,281.5,0.4629194736480713,0.416667,1629114.0,,,
2025-08-18,283.5,2.079889297485352,0.555556,904726.0,,,
2025-08-19,282.5,0.0008523463038727,0.138889,2541028.0,,,
2025-08-20,284.0,0.0008597968844696,0.833334,2672686.0,,,
2025-08-21,286.0,0.0578761100769043,1.250001,2570988.0,30.924851485148515,64.26360473645515,4.0
2025-08-22,284.5,0.0109076499938964,1.5277790000000002,2829816.0,,,
2025-08-23,280.5,0.0,0.6944450000000001,2887102.0,,,
2025-08-24,282.5,0.0,0.972223,2817858.0,33.25587628865981,64.97651083815396,4.0
2025-08-25,285.0,0.0008523463038727,0.555556,2860702.0,,,
2025-08-26,285.5,0.0,0.555556,2851514.0,53.971041666666686,69.72667132181924,4.0
2025-08-27,285.0,0.0008583068847656,0.694445,2861612.0,,,
2025-08-28,286.0,0.0008597969426773,0.694445,2687316.0,57.28646706586824,70.31151195005262,5.0
2025-08-29,286.5,3.9135451316833496,0.833334,438356.0,84.35366666666664,74.10752930440597,5.0
2025-08-30,288.0,5.948253154754639,0.8333340000000001,939570.0,,,
2025-08-31,283.0,0.004516914486885,0.833334,2900986.0,,,
2025-09-01,284.5,0.000430643587606,0.555556,2949036.0,,,
2025-09-02,285.0,0.000426173210144,0.694445,2902830.0,,,
2025-09-03,283.5,0.0126153230667114,0.972223,2449750.0,36.3804117647059,65.8574391212426,4.0
2025-09-04,282.5,0.0018477439880371,0.6944450000000001,2471800.0,,,
2025-09-05,280.5,0.0008583068847656,0.555556,2990292.0,,,
2025-09-06,281.0,0.000426173210144,0.833334,2775026.0,,,
2025-09-07,282.5,0.0176578760147094,0.972223,3017516.0,,,
2025-09-08,286.5,0.0008583070593886,0.972223,3081062.0,,,
2025-09-09,287.0,0.0008553265361115,0.416667,3044668.0,,,
2025-09-10,291.5,0.0,2.222224,3117466.0,27.87876146788989,63.24635723165384,4.0
2025-09-11,286.5,0.0008523463038727,0.694445,3123184.0,,,
2025-09-12,285.5,0.0008523463038727,0.833334,3068608.0,,,
2025-09-13,290.0,0.0379383489489555,1.250001,2112728.0,,,
2025-09-14,289.5,0.0271722674369812,0.555556,2862570.0,,,
2025-09-15,290.5,0.0052154064178466,0.555556,2910530.0,,,
2025-09-16,289.0,0.8920133113861084,0.555556,963738.0,,,
2025-09-17,290.0,0.0704936683177948,0.277778,1979780.0,,,
2025-09-18,294.5,0.9420067071914672,0.694445,2919126.0,,,
2025-09-19,296.0,5.201402187347412,1.250001,2346940.0,,,
2025-09-20,294.0,1.040130853652954,1.111112,2259910.0,,,
2025-09-21,285.0,0.0008672475814819,1.111112,3346290.0,,,
2025-09-22,284.0,0.0,0.694445,3291559.0,,,
2025-09-23,286.5,0.0,1.250001,3263613.0,54.95114803625378,69.90322126123687,4.0
2025-09-24,287.0,0.0,0.833334,3337906.0,,,
2025-09-25,288.5,0.0186860561370849,0.972223,2604925.5,48.944672131147534,68.76767400091468,4.0
2025-09-26,290.5,4.1635260581970215,0.972223,3399300.0,,,
2025-09-27,287.0,0.0008678455487824,1.5277790000000002,3456856.0,,,
2025-09-28,287.0,0.0008563456358388,0.694445,3366035.0,62.76516355140186,71.20751595258952,5.0
2025-09-29,290.0,0.0511109828948974,0.833334,2017031.5,,,
2025-09-30,289.5,0.2421438694000244,0.6944450000000001,2701610.0,,,
2025-10-01,290.0,0.0133812427520751,0.416667,3413764.0,,,
2025-10-02,294.75,0.0008523463038727,0.694445,3430074.0,,,
2025-10-03,294.0,0.0779628753662109,1.111112,3375749.0,60.74448275862067,70.88649410381387,5.0
2025-10-04,297.25,1.0556578636169434,1.250001,3448703.0,,,
2025-10-05,289.75,0.0008672475814819,1.666668,3586632.0,55.10456790123455,69.93057195061374,4.0
2025-10-06,285.25,0.0,0.694445,3645288.0,,,
2025-10-07,287.75,0.000852346420288,0.694445,3604828.0,38.90582568807339,66.51582264029678,4.0
2025-10-08,289.25,0.0008702278719283,0.694445,3631896.0,50.97194805194805,69.16581209779913,4.0
2025-10-09,291.75,0.0,1.5277790000000002,3511874.0,,,
2025-10-10,292.5,0.000435113790445,1.111112,3577114.0,,,
2025-10-11,295.5,0.000426173210144,1.38889,3658538.0,,,
2025-10-12,292.25,0.0004276632098481,0.972223,3686494.0,,,
2025-10-13,290.0,0.0008583070593886,0.416667,3696348.0,33.58443181818179,65.07295431053855,4.0
2025-10-14,292.25,0.0859200954437255,0.972223,3603346.0,,,
2025-10-15,296.75,0.1243278384208679,0.972223,2587368.0,71.37180371352784,72.46812730554484,5.0
2025-10-16,294.5,1.1151729822158811,0.555556,2432172.0,,,
2025-10-17,289.25,0.0852644443511962,0.8333340000000001,3676242.0,,,
2025-10-18,290.0,0.0,0.694445,3586152.0,32.502817679557985,64.75181574525412,4.0
2025-10-19,289.25,0.0017166137695312,0.972223,3564188.0,,,
2025-10-20,291.5,0.0,0.972223,3573864.0,,,
2025-10-21,294.0,0.1053113639354705,1.111112,3300690.0,,,
2025-10-22,295.75,0.830233097076416,0.694445,3316696.0,,,
2025-10-23,299.0,1.92280113697052,0.833334,1417800.0,55.13454545454545,69.93590725849634,4.0
2025-10-24,293.25,0.4648156464099884,0.972223,3164830.0,,,
2025-10-25,289.0,0.0008500386029481,1.666668,3824774.0,49.745548387096775,68.92689481325763,4.0
2025-10-26,288.75,0.2788305282592773,0.833334,2042774.0,,,
2025-10-27,283.5,0.9958595037460328,1.111112,2108072.0,,,
2025-10-28,278.25,0.001169741153717,0.555556,3537820.0,,,
2025-10-29,285.5,0.0095069408416748,0.555556,2224340.0,,,
2025-10-30,288.75,0.0,0.972223,3787574.0,,,
2025-10-31,292.25,1.1517852544784546,1.250001,2430422.0,,,
2025-11-01,291.25,1.8944423198699951,0.6944450000000001,3434934.0,,,
2025-11-02,292.75,0.0328868627548217,0.555556,3768074.0,19.5829147982063,59.78138999770984,4.0
2025-11-03,293.75,0.2566874027252197,0.694445,3038446.0,,,
2025-11-04,293.75,0.0418812036514282,1.250001,2824962.0,,,
2025-11-05,294.25,0.2518892288208008,0.833334,2264466.0,,,
2025-11-06,292.0,2.535484790802002,1.111112,2658956.0,,,
2025-11-07,286.5,0.0039339065551757,0.833334,3695834.0,,,
2025-11-08,287.0,0.0046156346797943,0.694445,3744598.0,,,
2025-11-09,289.25,0.0008642673492431,0.694445,2952000.0,30.256040955631413,64.0491164410638,4.0
2025-11-10,291.5,0.1120120286941528,0.694445,3811672.0,,,
2025-11-11,296.5,2.390235662460327,1.38889,2964578.0,,,
2025-11-12,292.0,0.0050365924835205,0.972223,2887446.0,,,
2025-11-13,292.25,0.0711022913455963,0.416667,2363180.0,,,
2025-11-14,293.0,0.4810094833374023,0.694445,2792914.0,,,
2025-11-15,297.75,3.2855868339538574,1.111112,3574880.0,,,
2025-11-16,292.25,0.0004276632098481,1.8055570000000003,3962884.0,39.660974212034354,66.70440700834803,4.0
2025-11-17,292.0,0.0008523463038727,0.555556,3939440.0,44.6754508196721,67.8723509319994,4.0
2025-11-18,294.5,0.0008583068847656,0.694445,3859016.0,,,
2025-11-19,296.25,0.5308836698532104,0.694445,3786832.0,42.05972027972026,67.28047799871318,4.0
2025-11-20,300.0,0.3475584089756012,1.666668,4036930.0,,,
2025-11-21,294.5,0.0462532006204128,1.111112,3912842.0,,,
2025-11-22,292.25,0.0318735837936401,0.694445,3807350.0,58.60734553775743,70.53513698456112,5.0
2025-11-23,293.75,0.0,0.833334,3987160.0,,,
2025-11-24,295.0,0.0004410743713378,0.833334,3936532.0,38.946666666666665,66.52611518263254,4.0
2025-11-25,297.0,0.0,0.694445,3883428.0,,,
2025-11-26,297.0,0.7018595933914185,0.833334,3855928.0,,,
2025-11-27,298.0,1.2808440923690796,0.833334,3474504.0,43.46477611940299,67.60283799244863,4.0
2025-11-28,298.25,4.946112632751465,0.555556,2733492.0,,,
2025-11-29,298.25,2.093791961669922,0.972223,2510768.0,,,
2025-11-30,296.5,2.384438991546631,0.833334,1770336.0,,,
2025-12-01,292.0,0.1366287469863891,0.6944450000000001,3871890.0,,,
2025-12-02,293.0,0.0008523463038727,0.416667,3960820.0,,,
2025-12-03,295.5,0.0,0.416667,3787328.0,,,
2025-12-04,298.75,0.1120567321777343,0.694445,3753846.0,34.865972222222204,65.44032630052911,4.0
2025-12-05,299.5,0.6060302257537842,0.972223,2812316.0,,,
2025-12-06,296.5,2.2464990615844727,0.6944450000000001,1301784.0,,,
2025-12-07,291.5,0.0100135803222656,0.277778,3114540.0,,,
2025-12-08,293.75,0.0,0.972223,4005124.0,,,
2025-12-09,293.5,0.4712045192718506,0.555556,3833404.0,29.41060913705583,63.771097104332014,4.0
2025-12-10,296.25,4.4796319007873535,0.416667,3116620.0,,,
2025-12-11,294.75,0.0105947256088256,0.6944450000000001,3918192.0,,,
2025-12-12,296.5,0.2180337905883789,0.555556,3952024.0,55.76407407407406,70.0472836150278,5.0
2025-12-13,298.25,2.275660514831543,0.972223,2641940.0,,,
2025-12-14,291.5,1.493513584136963,0.972223,3943296.0,,,
2025-12-15,292.25,0.0410526990890502,0.833334,3120208.0,,,
2025-12-16,294.0,0.0004276632098481,0.694445,4022880.0,,,
2025-12-17,296.0,0.0008685397915542,1.111112,3991568.0,66.26344692005242,71.73959286732057,5.0
2025-12-18,296.25,0.0020265579223632,0.694445,3920828.0,,,
2025-12-19,298.25,2.975895881652832,0.833334,2623206.0,67.40553571428572,71.9072333101573,5.0
2025-12-20,298.5,1.5781818628311155,0.833334,3136920.0,,,
2025-12-21,296.75,1.2444555759429932,0.833334,3117548.0,,,
2025-12-22,294.75,2.075834274291992,0.555556,3602060.0,,,
2025-12-23,299.25,2.6790499687194824,0.694445,3612032.0,,,
2025-12-24,298.75,2.8520822525024414,0.833334,3878180.0,46.10804347826088,68.18198652843611,4.0
2025-12-25,297.25,0.0004276632098481,0.694445,3816752.0,,,
2025-12-26,296.25,,0.555556,,37.68601769911498,66.20332648642544,4.0
2025-12-27,298.25,,0.972223,,67.06120320855615,71.85699175166303,5.0
2025-12-28,297.75,,0.555556,,,,
2025-12-29,299.25,,0.416667,,,,
2025-12-30,300.0,,0.555556,,,,
2025-12-31,301.25,,0.555556,,,,
2026-01-01,301.0,,0.694445,,59.18450184501845,70.63127179882981,5.0
