yy-mm-dd,TP-ERA5_K,TP-EDA_K,PP-ERA5_mm,WM-ERA5_ms,WD-EDA_ms
2023-01-01,295.84253,295.1,1.9310961,2.2340019,0.555556
2023-01-02,294.6247,293.4,0.24327636,1.452583,0.555556
2023-01-03,294.54614,293.8,0.9751906,1.5968193,0.277778
2023-01-04,295.64395,295.45,0.0016941653,1.52204,0.555556
2023-01-05,297.62473,295.85,0.00085532677,1.8962823,0.555556
2023-01-06,298.0857,296.6,0.0004351138,2.140706,0.555556
2023-01-07,299.4329,298.35,0.25305948,2.425521,0.555556
2023-01-08,299.7327,298.9,0.17374754,1.8473225,0.555556
2023-01-09,298.90024,298.15,0.12997787,2.207697,0.555556
2023-01-10,299.9384,298.9,0.5409966,2.1741288,0.555556
2023-01-11,297.50357,296.15,0.50368905,1.6373959,0.555556
2023-01-12,292.5734,289.7,6.7865996,1.4882435,0.555556
2023-01-13,292.12405,292.65,0.04073005,1.6158055,0.555556
2023-01-14,295.52573,294.7,0.0,1.734543,0.555556
2023-01-15,296.8766,295.6,0.118235745,1.6436192,0.555556
2023-01-16,298.15692,298.7,0.062375773,2.093888,0.555556
2023-01-17,298.52658,297.65,0.11047224,1.531311,0.555556
2023-01-18,296.68283,298.05,0.86862594,1.7293724,0.555556
2023-01-19,297.96414,299.65,0.07442931,1.9228638,0.833334
2023-01-20,300.96802,303.15,1.0581741,2.759079,1.111112
2023-01-21,296.45676,297.7,5.049477,2.2860863,0.555556
2023-01-22,297.22897,297.9,0.120162964,1.6855149,0.555556
2023-01-23,297.34146,296.35,0.027875105,2.0030692,0.833334
2023-01-24,298.16626,297.1,0.21652381,1.6964253,0.555556
2023-01-25,295.66168,297.35,3.6376145,1.5935993,0.833334
2023-01-26,296.30038,297.25,0.1262923,1.7037182,0.555556
2023-01-27,295.6823,294.6,8.501943,1.4385123,0.277778
2023-01-28,294.33374,295.05,0.52918,1.5027825,0.277778
2023-01-29,294.85892,294.8,0.41515628,1.2829336,0.0
2023-01-30,295.2629,297.35,0.92194974,1.3244983,0.555556
2023-01-31,297.15433,298.45,1.3110688,1.1696745,0.277778
2023-02-01,296.9678,297.25,2.211978,1.565876,0.555556
2023-02-02,293.5692,294.15,6.9652076,1.3532094,0.555556
2023-02-03,293.26526,294.1,0.2176712,2.3144805,0.555556
2023-02-04,292.98083,294.85,0.08272628,1.6184378,0.555556
2023-02-05,295.691,295.0,0.0031838815,1.8750811,0.833334
2023-02-06,297.05933,296.4,0.0004351138,1.9441853,0.555556
2023-02-07,298.54587,298.4,0.2865096,1.9771513,0.555556
2023-02-08,297.234,296.45,1.3479986,1.427672,0.555556
2023-02-09,297.50858,298.3,0.55858797,1.2957284,0.833334
2023-02-10,297.12247,297.0,0.0008597969,1.762586,0.555556
2023-02-11,298.30984,297.5,0.00042766336,2.5533354,0.555556
2023-02-12,300.19763,301.0,1.0632077,2.8044634,1.111112
2023-02-13,298.3815,297.6,0.12201071,2.7177956,0.833334
2023-02-14,296.45932,296.85,0.6822149,1.5147214,0.555556
2023-02-15,297.5455,298.3,0.06529491,1.8346652,0.833334
2023-02-16,294.75122,293.1,8.451201,2.4894233,1.111112
2023-02-17,286.2334,282.25,0.0002682209,3.07426,0.833334
2023-02-18,285.66635,284.15,0.0008523464,1.8674726,0.833334
2023-02-19,289.189,289.45,0.00086800655,2.7233288,1.3888900000000002
2023-02-20,291.83548,292.5,0.0,2.4960053,0.833334
2023-02-21,294.14444,294.0,0.0008702277,2.2632883,0.833334
2023-02-22,293.4086,293.85,2.0059893,1.801713,0.833334
2023-02-23,294.35904,294.6,0.3705764,1.7883598,0.555556
2023-02-24,293.4131,294.6,2.4332256,1.1711284,0.555556
2023-02-25,294.60385,295.0,1.428167,1.80975,0.555556
2023-02-26,294.19193,294.05,1.5145936,1.5618912,0.555556
2023-02-27,295.478,295.55,0.068714224,1.8992872,0.833334
2023-02-28,296.83115,296.85,0.009055481,2.5569654,0.555556
2023-03-01,296.85004,296.55,3.2085478,1.3095583,0.555556
2023-03-02,296.19995,297.05,0.0,1.9351231,0.555556
2023-03-03,296.34586,296.5,0.0008523463,2.0046294,0.555556
2023-03-04,297.34067,298.0,0.0004351138,1.6271771,0.555556
2023-03-05,298.06067,298.1,0.008329749,2.5156689,0.833334
2023-03-06,296.79007,297.7,0.5683979,2.6279285,0.833334
2023-03-07,295.83292,294.8,0.011026859,1.9187466,0.555556
2023-03-08,296.4529,296.15,0.034923356,1.8518419,0.833334
2023-03-09,298.56918,298.15,6.116352e-07,2.2472596,0.555556
2023-03-10,298.7156,298.35,0.0004351138,2.0566235,0.833334
2023-03-11,299.31894,299.25,0.0008583068,2.811022,0.555556
2023-03-12,299.4424,299.6,0.0004368268,2.5133293,0.555556
2023-03-13,299.68295,299.75,0.07801255,2.267986,0.555556
2023-03-14,296.1674,297.1,4.1353054,1.2190273,0.555556
2023-03-15,296.7571,298.05,0.39397678,1.2816399,0.555556
2023-03-16,296.93216,298.15,0.10518171,1.4531089,0.277778
2023-03-17,297.03027,297.4,0.000852597,1.4009606,0.555556
2023-03-18,297.0928,297.3,0.0,1.6788212,0.555556
2023-03-19,297.34567,298.2,0.15639265,1.5102154,0.555556
2023-03-20,295.60318,294.4,0.42361832,1.5224948,0.277778
2023-03-21,294.84024,293.15,0.8000021,1.4732208,0.277778
2023-03-22,293.4149,292.2,2.515054,1.1654401,0.277778
2023-03-23,293.24942,293.55,4.0900536,1.1547191,0.277778
2023-03-24,292.40384,293.7,1.6898811,1.1656651,0.0
2023-03-25,292.90182,295.15,0.21575885,1.6020674,0.555556
2023-03-26,291.55276,292.3,0.016222397,1.5267125,0.555556
2023-03-27,291.964,293.8,0.09216865,2.7305496,1.111112
2023-03-28,295.04794,297.1,0.00036259493,2.8964665,1.666668
2023-03-29,293.15842,293.7,0.00971059,2.976514,1.111112
2023-03-30,290.89108,291.9,0.004693866,1.7223277,0.277778
2023-03-31,289.3778,290.1,0.7586181,2.1483812,0.555556
2023-04-01,288.39517,290.55,0.0008583068,1.8707403,0.555556
2023-04-02,289.66965,289.75,0.14926757,1.8051481,0.277778
2023-04-03,291.4595,294.05,0.58796006,1.2606525,0.277778
2023-04-04,289.94614,292.15,1.1566033,1.9200007,0.277778
2023-04-05,290.00058,293.25,0.14270842,1.6706095,0.555556
2023-04-06,291.35995,292.6,0.23429592,1.5208788,0.555556
2023-04-07,292.38242,294.6,0.35714054,1.1263347,0.555556
2023-04-08,292.56223,294.1,0.012082358,1.9742323,0.833334
2023-04-09,292.72836,292.9,0.00085234636,2.5423844,1.111112
2023-04-10,292.6056,292.65,0.006377697,2.1067894,0.555556
2023-04-11,293.74588,293.65,0.0008672476,2.4256692,0.833334
2023-04-12,290.64578,289.9,0.3556311,2.1835313,0.555556
2023-04-13,284.0403,284.8,1.157177,2.2453494,0.277778
2023-04-14,284.12436,287.1,0.15231718,1.5329279,0.277778
2023-04-15,284.97647,287.7,0.041705266,0.7580945,0.277778
2023-04-16,286.91833,288.55,0.089835376,0.87049466,0.277778
2023-04-17,286.7233,288.25,0.08864825,1.3881444,0.555556
2023-04-18,287.6814,287.15,0.13706833,1.3133233,0.555556
2023-04-19,288.33237,288.65,0.0008702277,1.982225,0.555556
2023-04-20,288.49866,288.45,0.0,1.9957633,0.555556
2023-04-21,288.10178,289.7,0.0,2.415307,0.833334
2023-04-22,288.70422,290.65,0.034103792,1.4169216,0.277778
2023-04-23,288.42297,289.55,0.49277395,1.0287141,0.277778
2023-04-24,287.59766,288.35,1.4089594,0.8294313,0.277778
2023-04-25,287.87418,289.8,0.021800943,1.2292608,0.277778
2023-04-26,289.08508,289.4,0.0,1.4961578,0.277778
2023-04-27,290.03784,290.05,0.0,2.2282124,0.833334
2023-04-28,291.0284,292.45,0.0008523463,3.6383848,1.3888900000000002
2023-04-29,292.51306,298.5,0.0008523463,3.4202366,2.5000020000000003
2023-04-30,291.8387,292.3,0.54537755,3.533892,1.3888900000000002
2023-05-01,284.63358,286.9,0.31739473,2.1104667,0.277778
2023-05-02,284.829,287.05,0.00042766324,1.270548,0.277778
2023-05-03,284.2867,285.55,0.0,1.1644393,0.277778
2023-05-04,284.54105,284.55,0.06695488,1.2708167,0.277778
2023-05-05,285.14346,286.05,1.7000387,1.2947704,0.277778
2023-05-06,286.2074,286.7,0.05588929,1.4452835,0.277778
2023-05-07,286.59793,287.25,0.0008583068,1.5349334,0.277778
2023-05-08,287.50992,286.55,0.0008583068,1.5426502,0.277778
2023-05-09,287.2594,287.3,0.0008583068,2.0097494,0.833334
2023-05-10,287.25418,287.4,0.0044008098,1.6028433,0.277778
2023-05-11,288.5472,289.05,0.010833144,1.1421479,0.277778
2023-05-12,288.31116,288.5,0.0008681183,1.784639,0.555556
2023-05-13,288.88522,288.05,0.0008583068,2.0230622,0.555556
2023-05-14,289.86,290.2,0.0,2.0840867,0.277778
2023-05-15,289.89047,290.2,0.0008598481,2.6980164,0.833334
2023-05-16,290.8002,291.85,0.0008821489,2.9814403,2.222224
2023-05-17,290.2178,292.55,0.18999974,2.0679147,1.3888900000000002
2023-05-18,287.44095,287.25,1.0944009,1.9404039,0.277778
2023-05-19,287.9243,292.35,0.29838085,1.1383771,0.555556
2023-05-20,285.10452,286.55,0.07264316,2.0731783,0.277778
2023-05-21,286.5433,289.15,0.069218375,1.6571765,0.555556
2023-05-22,287.74942,289.45,0.0033055742,1.7841231,0.555556
2023-05-23,288.33228,290.75,0.021919608,2.568765,1.3888900000000002
2023-05-24,289.4138,292.0,0.038720667,1.5485926,0.277778
2023-05-25,290.14465,292.4,0.27088076,1.1338454,0.277778
2023-05-26,289.95898,290.4,1.2554004,1.819829,0.277778
2023-05-27,283.54135,284.85,0.13303508,2.511586,0.555556
2023-05-28,282.28036,283.3,0.00521789,1.3610964,0.277778
2023-05-29,282.2992,283.95,0.04329284,1.9139276,0.833334
2023-05-30,284.3502,284.6,0.0008523463,1.581226,0.277778
2023-05-31,286.39413,287.2,0.0,1.9354626,0.833334
2023-06-01,286.3597,285.95,0.0008583068,2.1538925,1.111112
2023-06-02,289.10855,291.15,0.0029367704,2.9474647,1.9444460000000001
2023-06-03,288.04575,289.35,0.019987425,1.4750671,0.277778
2023-06-04,286.07864,286.35,0.81111985,2.3464057,0.277778
2023-06-05,286.3087,288.8,0.00111262,1.4383346,0.277778
2023-06-06,288.38828,288.6,0.009194016,2.3749714,1.9444460000000001
2023-06-07,286.80365,288.4,0.11243423,1.3687744,0.277778
2023-06-08,290.21237,292.75,0.012663503,2.615688,2.222224
2023-06-09,288.0623,290.65,0.0026375055,3.4944506,1.111112
2023-06-10,282.276,282.7,0.0017285346,1.9709902,0.277778
2023-06-11,281.3442,279.6,0.029693047,1.4500433,0.277778
2023-06-12,279.1365,277.65,0.0008583068,1.3011904,0.277778
2023-06-13,278.94727,287.7,0.0008762739,1.092109,0.277778
2023-06-14,278.8627,290.3,0.0008583068,1.9119028,0.277778
2023-06-15,279.4048,279.75,0.0008733911,1.7346736,0.277778
2023-06-16,280.03036,279.9,0.0008845486,1.795431,0.277778
2023-06-17,279.8341,278.0,0.00086311955,1.2894838,0.277778
2023-06-18,279.9646,280.5,0.00018874805,2.4575176,0.833334
2023-06-19,281.90256,283.8,0.16744931,1.5335289,0.0
2023-06-20,282.71744,282.3,0.11932353,1.0626901,0.277778
2023-06-21,282.55447,281.1,0.35115084,1.1221353,0.277778
2023-06-22,282.66223,273.6,0.000859797,2.1079016,1.111112
2023-06-23,285.759,287.65,0.0008821489,1.9994535,0.555556
2023-06-24,287.9294,289.35,0.0008597969,2.1965032,0.277778
2023-06-25,285.784,286.25,0.0008573134,1.7824129,0.277778
2023-06-26,286.6116,288.1,0.0007539988,2.6441119,0.555556
2023-06-27,284.58176,286.65,0.1763304,1.3129059,0.555556
2023-06-28,283.08838,282.65,0.018921992,2.0820487,0.277778
2023-06-29,281.33163,280.4,0.0008583068,1.9900879,0.555556
2023-06-30,282.2969,282.8,0.0008583068,1.9193292,0.833334
2023-07-01,283.09268,284.1,0.0008583068,2.2595627,0.833334
2023-07-02,289.16565,291.45,0.016022474,3.3544075,1.666668
2023-07-03,289.0088,289.55,0.00086128723,2.482025,0.555556
2023-07-04,290.3456,292.7,0.0021606686,2.2059546,0.833334
2023-07-05,287.20377,285.95,0.3163005,1.619361,0.277778
2023-07-06,284.79086,286.1,0.20448367,1.4145712,0.277778
2023-07-07,283.07373,285.25,0.16679864,1.5858564,0.277778
2023-07-08,283.835,288.0,0.0021706026,1.2699623,0.555556
2023-07-09,284.81406,285.3,0.07312,1.1728427,0.277778
2023-07-10,285.16324,285.1,1.0276288,1.1317452,0.0
2023-07-11,282.39883,282.9,0.82448125,1.351586,0.277778
2023-07-12,280.58176,280.15,0.69232905,2.1972396,0.555556
2023-07-13,278.42923,273.3,0.007390355,1.5369878,0.555556
2023-07-14,277.90207,270.7,0.0008583068,2.1608415,1.3888900000000002
2023-07-15,279.46786,279.75,0.0,1.8346595,0.555556
2023-07-16,280.15793,276.0,0.0149309635,1.2231733,0.277778
2023-07-17,278.79807,278.0,0.014459093,1.322503,0.277778
2023-07-18,278.14758,278.8216247558594,0.0008583068,1.9375767,1.111112
2023-07-19,279.1781,279.83685302734375,0.0008672476,2.7320497,0.833334
2023-07-20,282.77017,283.375732421875,0.00083830423,2.6835878,1.666668
2023-07-21,287.01047,287.55322265625,0.0008583068,3.1528914,2.222224
2023-07-22,288.48117,289.00213623046875,0.008728572,2.4003603,0.833334
2023-07-23,282.94754,283.55047607421875,0.0040769572,2.5781415,0.277778
2023-07-24,281.34204,281.96875,0.0015487275,1.5918584,0.555556
2023-07-25,280.76923,281.4044189453125,0.010697029,1.2245595,0.555556
2023-07-26,281.35046,279.4,0.00044107437,1.6811901,0.277778
2023-07-27,282.7554,283.0,0.0004261732,1.9231963,0.833334
2023-07-28,282.57645,283.1,0.0,1.6185493,0.277778
2023-07-29,285.1213,286.8,0.0008597969,2.9164722,1.666668
2023-07-30,287.6974,290.05,0.0,2.1272004,1.111112
2023-07-31,287.6082,288.65,0.0008523463,2.3511655,0.833334
2023-08-01,292.20874,295.25,0.0008523463,2.6608057,1.666668
2023-08-02,291.65298,292.35,0.002965331,2.2338574,0.833334
2023-08-03,286.49802,288.1,0.22742152,2.3921459,0.555556
2023-08-04,285.73776,285.65,0.0008583068,1.4189314,0.555556
2023-08-05,286.6912,290.0,0.0008583068,1.6707478,0.555556
2023-08-06,288.2126,288.1,0.0,2.5812454,0.833334
2023-08-07,284.3774,283.75,0.0008523463,2.7667415,0.555556
2023-08-08,281.4337,281.75,0.26305023,1.0299698,0.277778
2023-08-09,282.76968,282.8,0.0008583068,1.78333,0.277778
2023-08-10,287.23193,287.25,0.0,2.8833973,1.9444460000000001
2023-08-11,284.28918,282.35,0.0004261732,2.0003827,0.833334
2023-08-12,282.78577,281.25,0.0008583068,1.2956377,0.555556
2023-08-13,284.32944,284.1,0.00043511385,2.6741765,1.666668
2023-08-14,288.6747,289.75,0.0,2.4699183,0.833334
2023-08-15,290.694,291.8,0.0,3.1590774,2.222224
2023-08-16,291.88733,291.6,0.0,2.0228043,0.555556
2023-08-17,288.77676,286.95,0.10370215,1.7097925,0.555556
2023-08-18,284.52664,283.85,0.04767875,2.336164,0.555556
2023-08-19,284.2058,282.35,0.0,2.4098995,1.111112
2023-08-20,284.54654,284.2,0.0004351138,2.1125114,0.555556
2023-08-21,289.90915,292.15,0.00042766336,3.569054,2.5000020000000003
2023-08-22,286.4994,287.2,0.0022500753,2.4761693,0.833334
2023-08-23,283.01938,284.2,0.00085796986,1.8400941,0.555556
2023-08-24,284.68866,286.3,0.043787062,2.0548558,0.555556
2023-08-25,283.85837,282.95,0.036696594,1.250986,0.555556
2023-08-26,282.22195,282.1,0.08044516,1.7228241,0.555556
2023-08-27,283.15182,284.8,0.001748403,1.9685436,0.833334
2023-08-28,283.8747,283.65,0.0,3.1433246,1.3888900000000002
2023-08-29,285.72195,285.2,0.0017166139,1.829445,0.555556
2023-08-30,289.56592,290.0,0.00043362373,2.9773533,1.666668
2023-08-31,286.3514,284.7,0.0004351138,2.6884892,0.555556
2023-09-01,289.673,290.4,0.0008583068,1.8010632,0.555556
2023-09-02,285.89658,285.85,1.166155,2.55072,0.555556
2023-09-03,282.22708,283.2,1.626422,2.1540544,0.555556
2023-09-04,282.67416,283.0,0.11477371,2.2877007,0.555556
2023-09-05,282.41727,283.2,0.0,1.7923284,0.833334
2023-09-06,282.14508,285.15,0.05834798,1.8977729,0.555556
2023-09-07,285.04907,286.45,0.12121598,1.3706943,0.555556
2023-09-08,283.0898,283.2,0.08431574,0.99549085,0.277778
2023-09-09,285.65634,285.65,0.0017166137,2.2077243,0.833334
2023-09-10,290.33536,294.05,0.00085532677,2.5596216,1.3888900000000002
2023-09-11,292.61877,294.8,0.24113555,3.375864,1.666668
2023-09-12,284.66568,284.1,0.07114311,2.8904827,0.555556
2023-09-13,284.19043,284.6,0.02272725,1.4879729,0.833334
2023-09-14,286.6837,285.8,0.0008628145,2.8500683,1.666668
2023-09-15,291.56052,295.6,0.0004261732,3.662899,2.5000020000000003
2023-09-16,293.6526,295.1,0.0,2.65705,1.3888900000000002
2023-09-17,288.17114,290.15,0.0008597969,3.1258824,1.111112
2023-09-18,284.59814,285.05,0.0,3.178648,0.833334
2023-09-19,285.71158,284.75,0.0008583068,1.4210811,0.555556
2023-09-20,286.95486,286.8,0.0506714,1.4575764,0.555556
2023-09-21,290.77505,291.1,0.0030721228,2.0439837,0.833334
2023-09-22,290.32388,292.6,0.1674667,1.753294,0.555556
2023-09-23,290.71725,291.8,0.12073914,1.4708625,0.555556
2023-09-24,288.1335,290.2,0.17406915,1.729776,0.555556
2023-09-25,289.5605,290.9,0.051853556,1.7532816,0.555556
2023-09-26,286.46967,285.55,0.053254265,2.938205,0.833334
2023-09-27,286.5994,284.65,0.0,1.8529218,0.555556
2023-09-28,288.1312,286.6,0.0,2.5339243,0.833334
2023-09-29,287.5773,286.4,0.0008523463,2.4779596,0.555556
2023-09-30,287.50894,287.85,0.0008583068,1.6646601,0.555556
2023-10-01,289.38422,288.15,0.00044107437,2.7266607,0.833334
2023-10-02,291.1536,290.7,0.0,2.8679428,0.833334
2023-10-03,289.4437,287.8,0.13503431,1.6988449,0.833334
2023-10-04,286.23306,285.0,0.17263491,2.6152284,0.555556
2023-10-05,288.4066,286.7,0.00087022776,2.3525832,1.3888900000000002
2023-10-06,290.43832,288.55,0.1484255,2.0611777,0.555556
2023-10-07,290.3544,288.6,0.0243932,2.0328436,0.555556
2023-10-08,292.3674,290.1,0.0008583068,2.5843165,0.833334
2023-10-09,294.34915,292.35,0.0008523463,3.493332,1.3888900000000002
2023-10-10,296.7257,295.1,0.080913305,2.7440898,1.3888900000000002
2023-10-11,288.9904,287.3,0.5425562,5.033871,1.111112
2023-10-12,284.68716,283.85,0.0008523463,2.0861065,0.555556
2023-10-13,286.14258,286.05,0.0008672476,2.078058,0.833334
2023-10-14,288.349,287.7,0.00087072037,2.323407,0.833334
2023-10-15,292.38217,291.2,0.0008523463,2.3313541,0.833334
2023-10-16,294.83688,294.05,0.0008583068,2.5407717,0.833334
2023-10-17,290.6777,291.75,0.004025797,3.5734348,0.833334
2023-10-18,285.7222,287.9,0.29086074,1.8504025,0.277778
2023-10-19,289.0039,290.65,0.22334729,1.4694295,0.555556
2023-10-20,292.59378,291.8,0.0008702279,2.0974684,0.833334
2023-10-21,295.25305,298.75,0.07811343,2.4841592,0.833334
2023-10-22,293.33914,294.7,1.6910508,2.0841744,0.833334
2023-10-23,292.38974,291.8,1.2398263,1.9584271,0.555556
2023-10-24,288.61392,289.6,0.7812558,2.8074741,0.555556
2023-10-25,288.1296,290.2,0.12203058,1.7235379,0.555556
2023-10-26,289.61636,293.25,0.21194418,2.0003192,1.111112
2023-10-27,292.2246,294.8,0.63376623,1.8593403,1.666668
2023-10-28,293.671,295.05,0.51105124,2.6201763,1.111112
2023-10-29,298.31857,300.55,0.028893352,2.8478298,1.111112
2023-10-30,288.18845,289.0,0.492091,3.7287128,1.111112
2023-10-31,287.04294,288.65,0.18720825,2.2412398,0.833334
2023-11-01,281.08585,282.3,0.44875094,2.4418242,0.555556
2023-11-02,283.32462,284.9,2.2042046,3.2179353,0.833334
2023-11-03,285.67444,286.05,0.00019030024,2.2471638,0.555556
2023-11-04,289.44083,289.25,0.00087062654,2.5661986,0.833334
2023-11-05,290.39838,292.45,0.00086126535,2.4980447,0.833334
2023-11-06,293.61472,294.35,0.00087264995,3.1784008,1.111112
2023-11-07,298.27457,286.7,0.18166502,2.782973,1.666668
2023-11-08,294.92136,295.15,0.00086361985,3.3584168,0.555556
2023-11-09,292.7755,292.8,0.0008523463,2.3855689,0.555556
2023-11-10,293.85806,297.25,0.14092524,2.1040652,0.555556
2023-11-11,296.11935,297.1,0.08301736,2.4962294,0.833334
2023-11-12,291.50485,291.1,0.75603527,3.1758678,0.833334
2023-11-13,290.03714,290.25,0.023578605,2.3654783,0.833334
2023-11-14,291.5952,291.4,0.04497667,2.0065296,0.555556
2023-11-15,293.85107,294.7,0.87017214,1.4036404,0.833334
2023-11-16,291.71033,292.7,2.901512,2.1869047,0.833334
2023-11-17,295.34512,296.3,0.1432995,2.592048,1.3888900000000002
2023-11-18,292.72977,292.65,0.0004351138,2.7734177,1.111112
2023-11-19,292.64844,293.6,0.0008648073,2.5978477,0.833334
2023-11-20,297.36392,297.45,0.00043511394,3.3890684,1.3888900000000002
2023-11-21,297.45526,296.9,5.599936,1.6883544,0.555556
2023-11-22,292.1581,295.0,2.529105,2.6676643,0.833334
2023-11-23,292.91672,294.95,0.0008583068,1.924786,0.555556
2023-11-24,293.46408,295.05,0.13652444,2.1280992,0.555556
2023-11-25,294.06863,295.8,0.00091393787,2.3703914,0.833334
2023-11-26,295.18924,296.6,0.26886466,2.017745,0.833334
2023-11-27,295.62012,297.7,0.71075064,2.2183611,0.833334
2023-11-28,297.59964,299.55,0.13396144,2.3272746,1.111112
2023-11-29,294.02975,293.85,4.6036935,1.7542162,0.833334
2023-11-30,292.23642,294.55,1.0174116,1.5455393,0.277778
2023-12-01,295.78677,299.75,2.098282,1.836572,0.833334
2023-12-02,295.86093,297.6,0.0017285347,1.7311845,0.833334
2023-12-03,289.0217,288.35,0.29731295,3.680652,0.833334
2023-12-04,286.1362,287.15,0.22738427,2.1287446,0.555556
2023-12-05,287.23648,288.45,0.41302046,1.3028641,0.277778
2023-12-06,291.40463,294.75,0.27053058,1.5624701,0.555556
2023-12-07,293.75436,294.3,0.0038246312,1.8236347,0.555556
2023-12-08,293.35495,294.7,0.005853673,2.5921957,0.833334
2023-12-09,292.30286,293.8,0.42434037,2.2296755,0.555556
2023-12-10,293.76102,294.0,0.0008597969,1.7720274,0.555556
2023-12-11,294.47202,294.9,0.0008597969,3.4159355,0.833334
2023-12-12,297.17047,297.05,0.12482208,2.6507177,0.555556
2023-12-13,297.0919,297.65,0.72621304,1.8595196,0.277778
2023-12-14,296.38513,298.3,0.8395376,2.511239,0.833334
2023-12-15,297.38528,299.9,0.47646463,2.091813,0.555556
2023-12-16,299.66724,301.9,0.6353681,3.503287,1.3888900000000002
2023-12-17,299.4155,298.85,1.3949076,2.3877413,1.111112
2023-12-18,290.8727,290.65,1.603509,3.840162,1.111112
2023-12-19,285.60696,287.95,0.6036856,2.9255478,0.555556
2023-12-20,288.29434,291.55,0.4661133,1.3596748,0.277778
2023-12-21,292.62143,295.35,0.104650855,1.578756,0.555556
2023-12-22,294.23877,296.4,0.09370345,1.4750953,0.555556
2023-12-23,296.00156,299.3,0.061980035,1.4967302,0.833334
2023-12-24,296.30142,298.5,0.7177789,1.4109386,0.555556
2023-12-25,296.61456,297.6,1.1061728,2.6293209,0.833334
2023-12-26,296.02194,296.15,0.0008672476,1.9783059,0.833334
2023-12-27,296.74942,298.35,0.0061392784,3.0941162,1.3888900000000002
2023-12-28,299.06638,301.2,0.30760965,2.1993263,0.833334
2023-12-29,298.60873,298.0,0.030905008,2.2294862,0.555556
2023-12-30,294.76065,294.95,0.007184843,2.5140026,0.555556
2023-12-31,294.2046,297.15,0.75776875,2.8893044,0.833334
2024-01-01,294.9078,296.55,0.74529153,1.2037247,0.555556
2024-01-02,296.46964,296.5,1.0876954,1.3745428,0.277778
2024-01-03,296.57275,298.65,0.92393655,1.403163,0.555556
2024-01-04,297.44162,297.4,0.5188038,1.4990765,0.833334
2024-01-05,298.2926,298.6,0.008717179,2.1634417,0.555556
2024-01-06,297.8706,294.6,0.34043193,2.417084,0.277778
2024-01-07,294.06924,295.25,8.543637,1.3915478,0.555556
2024-01-08,294.26068,297.25,0.63652796,1.5174955,0.555556
2024-01-09,293.83694,295.4,0.22135675,1.1080059,0.277778
2024-01-10,294.73862,296.25,0.2976805,1.5969464,0.277778
2024-01-11,293.73596,293.7,1.0872557,2.1222918,0.277778
2024-01-12,293.62128,295.5,0.5560269,1.9863104,0.277778
2024-01-13,295.88602,299.15,0.48301306,2.7111442,0.833334
2024-01-14,295.7968,296.45,1.636597,2.3759766,0.555556
2024-01-15,295.53897,296.8,0.027199587,2.2581618,0.555556
2024-01-16,293.96152,295.25,5.8370285,3.2302487,0.555556
2024-01-17,293.34714,294.0,0.0004818042,2.1383793,0.555556
2024-01-18,294.66394,296.25,0.0005488594,1.4606031,0.555556
2024-01-19,296.08975,298.6,0.099261604,1.8438821,0.555556
2024-01-20,295.17032,295.4,0.040541094,1.8903222,0.555556
2024-01-21,293.88202,295.85,0.08277595,1.6993135,0.555556
2024-01-22,294.37308,294.0,0.0008761883,1.5945691,0.555556
2024-01-23,293.9384,293.95,0.0008583068,1.8188543,0.555556
2024-01-24,295.13242,295.3,9.934107e-05,1.7555947,0.555556
2024-01-25,296.26053,295.5,0.0008523463,2.3141153,0.833334
2024-01-26,295.78775,295.55,0.0,2.5200377,0.833334
2024-01-27,295.84366,296.15,0.0,2.1065447,0.555556
2024-01-28,296.43896,296.6,0.0004351138,2.103124,0.833334
2024-01-29,298.04907,298.85,0.07327398,1.5758928,0.555556
2024-01-30,299.85483,300.0,0.08911391,1.7807289,0.833334
2024-01-31,299.3594,302.1,0.23408034,1.7850876,0.833334
2024-02-01,300.17474,300.6,0.0008672476,2.3200624,0.833334
2024-02-02,299.76715,299.4,0.0008597969,2.2433307,0.833334
2024-02-03,300.94955,302.3,0.39879978,1.825436,0.555556
2024-02-04,297.8966,295.6,0.60614693,2.2385533,0.555556
2024-02-05,298.10214,299.3,2.8033357,2.2463324,0.833334
2024-02-06,299.38425,301.75,5.2472057,2.1914246,0.555556
2024-02-07,300.64767,301.1,0.86643296,2.1506736,0.555556
2024-02-08,299.71545,299.8,4.6135387,1.9859495,0.555556
2024-02-09,294.8279,294.95,8.265088,1.2979826,0.277778
2024-02-10,295.4142,299.1,0.16627212,1.1529008,0.555556
2024-02-11,296.77103,298.6,0.42662024,1.7603722,0.555556
2024-02-12,295.37912,294.25,3.636375,2.4928849,0.555556
2024-02-13,290.65637,290.65,0.25058228,2.659495,0.555556
2024-02-14,290.67538,291.7,0.00086164527,1.6521225,0.555556
2024-02-15,292.55716,294.55,0.0008597969,1.9486314,0.555556
2024-02-16,294.51553,296.35,0.0,1.9189867,0.555556
2024-02-17,294.85782,296.65,0.00637273,1.7717451,0.555556
2024-02-18,294.80792,296.75,0.18660724,1.4082149,0.555556
2024-02-19,294.37433,295.4,0.003317992,1.5829763,0.277778
2024-02-20,295.32565,296.05,0.006203984,1.4822798,0.555556
2024-02-21,296.37033,298.05,0.002970298,1.4843291,0.555556
2024-02-22,296.9567,298.5,2.7863064,1.9540821,0.833334
2024-02-23,290.92346,294.15,5.6295395,3.097113,0.555556
2024-02-24,291.19873,293.45,0.24321179,1.7430631,0.277778
2024-02-25,290.86194,291.65,1.3123355,1.7243938,0.277778
2024-02-26,293.12494,295.55,0.63346446,1.1851393,0.277778
2024-02-27,295.28586,297.5,0.41218847,1.2559906,0.555556
2024-02-28,295.43106,296.95,1.2010684,1.2673701,0.555556
2024-02-29,295.1569,298.0,0.62363344,1.2602273,0.555556
2024-03-01,295.89902,298.5,1.2684588,1.7967515,0.555556
2024-03-02,296.48654,298.75,2.0376742,1.5831642,0.555556
2024-03-03,292.08286,293.0,0.34353882,2.9501088,0.277778
2024-03-04,291.07748,293.65,0.004748504,1.2363945,0.277778
2024-03-05,292.35178,293.95,0.1597767,1.444301,0.555556
2024-03-06,291.80264,292.95,0.025932988,2.595066,0.833334
2024-03-07,293.52734,296.35,0.13374786,2.4090679,0.277778
2024-03-08,297.0596,298.2,0.086044274,2.3741977,1.111112
2024-03-09,295.69504,296.8,0.28749308,1.6009675,0.277778
2024-03-10,294.7765,297.8,0.68026036,1.8403859,0.277778
2024-03-11,297.991,301.5,0.26428702,2.3760345,0.833334
2024-03-12,300.58398,302.05,2.6028566,2.6259315,0.833334
2024-03-13,297.6947,298.0791931152344,0.8607085,1.8011894,0.5066605806350708
2024-03-14,296.26425,296.669921875,1.5476743,1.3331864,0.3189730644226074
2024-03-15,294.05276,294.4912109375,1.040379,1.4579407,0.36900442838668823
2024-03-16,294.53903,294.97027587890625,0.8902252,1.3807768,0.3380586504936218
2024-03-17,294.1217,294.5591125488281,0.8043237,2.032305,0.599346935749054
2024-03-18,295.96127,296.3714294433594,0.23818016,1.3232323,0.3149811029434204
2024-03-19,296.85342,297.2503662109375,0.49705988,1.4179071,0.3529493808746338
2024-03-20,298.59885,298.9699401855469,1.4859438,2.5593402,0.8107086420059204
2024-03-21,290.03998,290.537841796875,1.941068,3.453406,1.1692640781402588
2024-03-22,289.38602,289.8935852050781,0.0008616344,1.676437,0.45662999153137207
2024-03-23,290.76877,291.255859375,0.0008523463,2.65568,0.8493447303771973
2024-03-24,292.49222,292.9537658691406,0.0008523463,1.5736338,0.4154018759727478
2024-03-25,293.93784,294.3779602050781,0.24240713,1.4785594,0.3772733211517334
2024-03-26,294.12598,294.5633239746094,0.3223767,1.7798725,0.49811166524887085
2024-03-27,294.61658,295.0466613769531,1.875172,0.93946487,0.16107535362243652
2024-03-28,293.89197,294.3327941894531,2.2312899,1.2844158,0.29941415786743164
2024-03-29,294.88834,295.31439208984375,0.0,2.0735953,0.6159060001373291
2024-03-30,296.3573,296.7615966796875,0.017325083,1.9195881,0.5541430711746216
2024-03-31,292.77908,293.23638916015625,0.10197113,1.9680983,0.5735975503921509
2024-04-01,288.70715,289.2247619628906,0.43631345,2.2498982,0.6866103410720825
2024-04-02,288.95288,289.46685791015625,0.0028746824,1.9410647,0.5627560615539551
2024-04-03,291.29166,291.77099609375,0.6470978,2.1840403,0.6601987481117249
2024-04-04,289.61337,294.85,0.07236997,1.7689728,0.555556
2024-04-05,290.92676,291.3,0.0008940697,1.3965801,0.277778
2024-04-06,290.20395,289.4,4.134327,1.0612111,0.277778
2024-04-07,289.28183,291.05,0.06167777,1.3855586,0.277778
2024-04-08,289.94156,292.75,0.0008602947,1.7771273,0.555556
2024-04-09,289.7444,292.25,0.22369623,2.1696374,0.555556
2024-04-10,287.02588,286.35,0.6432682,2.6054544,0.555556
2024-04-11,282.302,282.9,0.38044155,1.8231934,0.277778
2024-04-12,283.41193,285.2,0.27529833,1.6726265,0.277778
2024-04-13,284.70065,286.25,0.3807873,2.5239217,0.0
2024-04-14,287.273,288.15,0.59335417,1.4895731,0.277778
2024-04-15,288.34088,289.45,1.8384681,1.4667042,0.555556
2024-04-16,288.3174,290.1,0.01992037,1.473481,0.555556
2024-04-17,288.76947,288.9,0.0004261732,2.5276823,0.833334
2024-04-18,289.63278,290.2,0.0,2.3451993,0.833334
2024-04-19,291.12756,293.9,0.0008523463,3.0894613,1.9444460000000001
2024-04-20,290.56772,291.8,0.0,1.723114,0.555556
2024-04-21,291.22177,294.8,0.09806951,1.2918712,0.277778
2024-04-22,292.01694,292.85,0.095273055,1.1372664,0.277778
2024-04-23,288.526,290.3,0.70328516,1.7746719,0.555556
2024-04-24,284.66586,284.8,0.31476715,0.9971531,0.277778
2024-04-25,288.06543,287.65,0.024994215,1.6396618,0.277778
2024-04-26,290.2145,290.35,0.13242166,1.2684695,0.277778
2024-04-27,286.94138,289.5,0.594796,2.2934666,0.277778
2024-04-28,285.7597,287.6,0.00253506,1.9000559,0.555556
2024-04-29,288.02908,291.1,0.0008583068,2.1325026,0.833334
2024-04-30,291.05173,292.0,0.0064174333,2.0251856,0.555556
2024-05-01,286.0496,287.8,0.58434904,2.178139,0.555556
2024-05-02,282.8315,284.95,0.2644857,2.2765627,0.277778
2024-05-03,282.77283,284.45,0.003496806,1.262449,0.277778
2024-05-04,284.756,286.2,0.0008523463,2.266207,0.833334
2024-05-05,288.23016,287.25,0.0008702277,2.0465076,0.555556
2024-05-06,286.6299,289.95,0.086680055,1.3177253,0.277778
2024-05-07,287.56433,286.85,0.060757,0.9835906,0.277778
2024-05-08,286.05792,282.9,0.63957274,2.5906923,0.833334
2024-05-09,282.48264,282.1,0.0008603092,2.1855066,0.555556
2024-05-10,282.64484,283.3,0.0008583068,1.6401247,0.277778
2024-05-11,282.41724,282.65,9.934107e-05,1.4930258,0.277778
2024-05-12,280.66843,280.25,0.31090775,1.8828646,0.277778
2024-05-13,278.9075,280.45,0.11892244,2.2091966,0.277778
2024-05-14,279.7492,280.2,0.019131228,1.2750114,0.555556
2024-05-15,279.39658,280.25,0.0008583068,2.3423507,0.555556
2024-05-16,280.42297,280.75,0.0008742006,1.4212141,0.277778
2024-05-17,281.462,282.0869445800781,0.413542,1.3042158,0.30735474824905396
2024-05-18,280.34213,280.983642578125,0.18179666,1.1380177,0.2407027781009674
2024-05-19,280.48514,281.1245422363281,0.0016768657,1.5063472,0.3884173035621643
2024-05-20,282.2341,286.6,0.0,3.2506552,1.666668
2024-05-21,282.051,282.9,0.0008523463,1.7481915,0.277778
2024-05-22,281.77344,282.85,0.059217215,1.1221906,0.277778
2024-05-23,281.6278,280.95,0.58664876,1.7819384,0.555556
2024-05-24,278.42715,280.05,0.15025121,1.7781314,0.277778
2024-05-25,277.86166,279.4,0.20560622,1.5761844,0.277778
2024-05-26,275.53503,276.6,0.025471052,1.2719702,0.277778
2024-05-27,278.4762,277.75,0.031841297,0.8966152,0.277778
2024-05-28,278.58337,279.15,0.0,1.7777458,0.555556
2024-05-29,281.91232,283.65,0.0008583068,2.5477118,1.111112
2024-05-30,282.4943,283.25,0.0008597969,1.7486452,0.277778
2024-05-31,282.3423,281.0,0.0,1.9779515,0.277778
2024-06-01,284.90674,285.48065185546875,0.0008583068,2.1053953,0.6286590099334717
2024-06-02,282.37357,282.9849853515625,0.04376471,2.6591718,0.8507450819015503
2024-06-03,278.9751,282.9,0.0008672476,1.6446673,0.833334
2024-06-04,280.71887,281.3548278808594,0.0,2.1184902,0.633910596370697
2024-06-05,283.79626,285.9,0.0,1.9314729,0.833334
2024-06-06,286.94556,288.1,0.0008523463,1.9381701,0.277778
2024-06-07,288.17325,287.85,0.00091393787,1.8161955,0.277778
2024-06-08,289.35822,290.75,0.0,2.1537285,0.277778
2024-06-09,289.34262,291.75,0.0,2.445854,0.555556
2024-06-10,285.30655,284.2,0.0008523463,1.5660352,0.277778
2024-06-11,286.17807,286.5,0.0008702277,1.6993303,0.555556
2024-06-12,288.7942,290.9,0.0008523463,2.5901575,1.666668
2024-06-13,292.46524,295.9,0.017533699,3.0676758,1.666668
2024-06-14,287.48026,288.3,0.29803813,3.0334606,0.555556
2024-06-15,284.28787,284.25,0.03818671,1.7064384,0.277778
2024-06-16,284.4716,286.15,0.0008583068,1.4065504,0.277778
2024-06-17,283.56116,284.3,0.0004351138,1.8564653,0.555556
2024-06-18,285.5852,286.6,0.0008523463,2.2692847,0.555556
2024-06-19,282.4169,282.5,0.37061176,1.9981036,0.277778
2024-06-20,282.2129,284.75,0.0034719706,1.6969229,0.277778
2024-06-21,286.70474,288.05,0.0037544717,2.1109536,0.277778
2024-06-22,285.09756,289.55,0.1801451,1.3579389,0.277778
2024-06-23,280.98026,283.05,0.9031445,2.5791223,0.555556
2024-06-24,278.16058,281.0,0.028759241,1.5281311,0.277778
2024-06-25,277.72986,278.6,0.13204913,1.3004051,0.555556
2024-06-26,278.73404,280.45,0.0008522766,1.8945459,0.277778
2024-06-27,285.51166,285.85,0.0,3.5362263,1.3888900000000002
2024-06-28,282.28247,280.1,0.0008612872,2.498327,0.555556
2024-06-29,279.98953,278.1,0.0008583068,1.3193636,0.555556
2024-06-30,280.8005,281.95,0.0008583068,2.516435,1.3888900000000002
2024-07-01,282.9946,282.1,0.0008523463,1.752101,0.277778
2024-07-02,283.48328,284.6,0.0,1.7582173,0.277778
2024-07-03,281.97598,281.9,0.0,2.0497491,0.277778
2024-07-04,280.36343,270.8,0.0008583068,1.5532564,0.0
2024-07-05,279.3153,280.9,0.0008562811,1.219983,0.555556
2024-07-06,278.44736,279.9,0.0008622421,1.718759,0.277778
2024-07-07,276.8812,276.1,0.0,1.4290804,0.277778
2024-07-08,276.40744,282.7,0.0,1.151244,0.277778
2024-07-09,275.53958,275.75,0.0008583068,1.3719763,0.277778
2024-07-10,275.8892,270.9,0.00038805106,1.0995755,0.277778
2024-07-11,275.84085,276.5490417480469,0.0008523463,1.6101007,0.0
2024-07-12,276.9833,276.6,0.0008583068,1.5352015,0.555556
2024-07-13,276.69153,287.4,0.0,1.6276388,0.277778
2024-07-14,276.51144,288.3,0.0008583068,1.6171718,0.277778
2024-07-15,277.7305,291.0,0.0004261732,2.2267957,0.555556
2024-07-16,281.3295,280.6,0.0024959445,2.0000803,1.111112
2024-07-17,281.31308,281.9402160644531,0.0,2.250076,0.6866816878318787
2024-07-18,284.2195,284.8036193847656,0.0008523463,2.3967688,0.7455111742019653
2024-07-19,282.03,282.4,0.24876001,2.4741294,0.277778
2024-07-20,279.94467,279.85,0.24991235,1.4570875,0.277778
2024-07-21,280.1644,280.65,0.14196433,1.127729,0.277778
2024-07-22,283.04858,284.05,0.025623789,1.3217846,0.555556
2024-07-23,284.6592,285.65,0.008719663,2.7218163,0.833334
2024-07-24,286.4641,286.75,0.008955598,2.068342,0.555556
2024-07-25,285.27866,284.9,0.00085830706,2.3543718,0.555556
2024-07-26,285.1448,285.0,0.0,1.9026127,0.555556
2024-07-27,284.3369,284.9192810058594,0.0,1.5423284,0.40284717082977295
2024-07-28,281.7372,282.3580627441406,0.0008583068,1.9992565,0.5860931873321533
2024-07-29,280.86636,278.1,0.0008612899,1.8104458,0.0
2024-07-30,281.43082,281.9,0.0008583068,2.9613867,1.666668
2024-07-31,284.70193,287.5,0.0008523463,2.8593972,1.666668
2024-08-01,288.82895,290.5,0.00086016755,2.8847492,0.833334
2024-08-02,293.63602,294.2,0.14867385,3.3418534,2.222224
2024-08-03,288.48108,289.0020446777344,0.49613416,3.0963,1.0260504484176636
2024-08-04,284.0805,284.6666564941406,0.2160718,1.5254952,0.396096408367157
2024-08-05,284.24405,284.75,0.0,1.7353363,0.555556
2024-08-06,284.11374,283.0,6.953875e-05,2.402531,0.555556
2024-08-07,280.65475,280.0,0.0027020772,2.0920565,0.277778
2024-08-08,278.68024,279.5,0.0,2.1112154,0.555556
2024-08-09,278.8356,278.5,0.0,1.2820061,0.277778
2024-08-10,281.84805,283.0,0.0,2.549353,0.833334
2024-08-11,283.60654,282.0,0.0008583068,2.0262415,0.277778
2024-08-12,283.76385,282.0,0.0008583068,1.7570066,0.555556
2024-08-13,284.58603,288.0,0.0,3.3159893,1.9444460000000001
2024-08-14,286.26932,285.5,0.0,2.2233303,0.833334
2024-08-15,286.71005,285.5,0.0,1.692767,0.277778
2024-08-16,287.62802,284.5,0.0008583068,1.5731292,0.277778
2024-08-17,285.30344,285.0,0.041222822,1.4390278,0.277778
2024-08-18,285.21683,285.5,0.015263757,1.3982182,0.555556
2024-08-19,282.10806,283.5,0.04810095,2.1203814,0.277778
2024-08-20,280.57584,282.0,0.3619641,1.9033552,0.277778
2024-08-21,281.56027,281.5,0.17690627,1.4146194,0.555556
2024-08-22,280.54922,280.5,0.07626911,1.6806116,0.555556
2024-08-23,278.8954,279.0,0.27004382,1.1654239,0.277778
2024-08-24,278.911,279.5,0.31111637,1.2762544,0.277778
2024-08-25,280.02487,278.5,0.0015298525,1.7949085,0.555556
2024-08-26,281.7375,282.5,0.0,2.8995914,0.833334
2024-08-27,282.96957,282.5,0.0,2.0004156,0.555556
2024-08-28,283.57837,283.0,0.0008583068,1.9660813,0.555556
2024-08-29,284.09772,286.0,0.0008523463,2.0021513,0.277778
2024-08-30,283.37277,285.5,0.81925094,2.331413,0.555556
2024-08-31,282.6334,283.5,0.31101704,1.8168267,0.0
2024-09-01,283.25217,284.0,0.0008523463,1.7080766,0.0
2024-09-02,289.25192,294.5,0.0008583068,3.4397843,1.9444460000000001
2024-09-03,286.56985,287.0,0.00062088174,3.358441,0.555556
2024-09-04,286.20712,287.5,0.0004351138,1.4471005,0.277778
2024-09-05,286.95346,284.5,0.0,2.8663216,1.3888900000000002
2024-09-06,289.3021,291.0,0.0,2.4762762,1.111112
2024-09-07,288.2206,287.0,0.0,1.7605644,0.277778
2024-09-08,289.45493,289.0,0.0008523463,1.6794485,0.555556
2024-09-09,291.2373,290.0,0.0008523463,1.2244236,0.555556
2024-09-10,292.8142,295.5,0.08843342,2.4853203,1.9444460000000001
2024-09-11,286.74356,286.5,0.54841983,3.2400138,0.833334
2024-09-12,286.0883,285.0,0.00043511394,1.7352881,0.0
2024-09-13,286.94153,286.0,0.120833516,1.7730266,0.555556
2024-09-14,286.53513,285.5,0.0004351138,2.1174638,0.555556
2024-09-15,287.48727,286.0,0.029700996,2.204348,0.833334
2024-09-16,289.0121,287.0,0.0004261732,2.6236975,0.833334
2024-09-17,290.13553,290.0,0.45684478,2.9935951,1.111112
2024-09-18,292.4702,292.5,0.0008583068,2.6487808,0.833334
2024-09-19,296.14456,296.0,0.058352947,3.5868676,1.666668
2024-09-20,290.68185,288.0,0.0,2.0878613,0.555556
2024-09-21,293.0631,293.0,0.006362796,2.9422,0.833334
2024-09-22,295.38132,295.5,0.011213619,2.90228,1.111112
2024-09-23,289.93857,289.0,0.002346312,2.1790483,0.555556
2024-09-24,289.4849,288.0,0.0008523463,1.9725302,0.277778
2024-09-25,289.3085,288.0,0.147596,2.2373812,0.833334
2024-09-26,286.8446,287.0,0.011595587,2.8236535,0.555556
2024-09-27,288.18936,280.0,0.0008662028,2.722585,0.0
2024-09-28,292.4923,292.953857421875,0.0,2.481808,0.7796152234077454
2024-09-29,295.4329,295.85089111328125,0.0004351138,2.908665,0.9508016109466553
2024-09-30,299.5547,296.0,0.0008583068,2.9687183,0.277778
2024-10-01,291.957,291.5,0.0,3.1738174,1.111112
2024-10-02,288.49365,286.5,0.0008523463,2.1921098,0.277778
2024-10-03,288.88437,286.5,0.00085579883,2.0096157,0.555556
2024-10-04,290.36227,289.0,0.0004351138,3.061753,0.833334
2024-10-05,293.3615,292.0,0.0004351138,1.8717709,0.555556
2024-10-06,294.75903,294.5,0.0008583068,1.7466879,0.555556
2024-10-07,290.38577,291.0,2.589335,1.6093334,0.0
2024-10-08,288.08154,288.5,0.4734931,3.1079292,0.277778
2024-10-09,285.69547,286.5,1.0295808,2.475401,0.0
2024-10-10,288.30722,290.5,0.45869747,1.1293983,0.277778
2024-10-11,290.9099,291.0,4.9670536e-05,1.9468111,0.277778
2024-10-12,289.9802,291.0,0.051148236,2.1776507,0.277778
2024-10-13,289.7553,288.0,2.0331144,1.4736751,0.277778
2024-10-14,290.13284,291.0,5.8819857,1.4146085,0.277778
2024-10-15,291.1177,292.5,0.5601148,1.6706654,0.277778
2024-10-16,291.567,292.5,0.024785599,2.5167534,0.555556
2024-10-17,291.13107,292.5,3.690218,2.0467236,0.277778
2024-10-18,290.91458,292.0,0.03517419,1.5251259,0.277778
2024-10-19,291.5867,294.5,0.0008583068,2.7836492,0.833334
2024-10-20,293.85873,296.5,0.00087723293,3.5667884,1.111112
2024-10-21,294.06613,295.5,0.07471442,1.8978363,0.555556
2024-10-22,291.87646,291.5,2.3178852,1.799565,0.0
2024-10-23,292.55502,291.0,4.33968,1.1284676,0.277778
2024-10-24,290.9646,291.44879150390625,0.080379345,2.841467,0.9238525629043579
2024-10-25,288.59485,287.5,0.061907377,2.7641985,0.833334
2024-10-26,288.43713,287.5,3.5634002e-06,1.7733911,0.277778
2024-10-27,290.4169,290.5,0.0,2.723214,0.833334
2024-10-28,293.05203,293.5,0.0,2.0523102,0.555556
2024-10-29,294.93912,294.5,0.0,2.3232121,0.555556
2024-10-30,295.66052,295.5,0.0,2.3715706,0.555556
2024-10-31,293.99887,294.5,3.8882692,1.1837754,0.277778
2024-11-01,295.42932,296.5,0.23648764,2.226304,0.555556
2024-11-02,291.27353,294.0,0.7363458,3.595006,0.833334
2024-11-03,289.71957,293.5,0.043655932,2.006875,0.555556
2024-11-04,293.1573,293.5,1.2540817,2.0768085,0.555556
2024-11-05,291.13208,291.0,0.07224331,1.965869,0.555556
2024-11-06,291.0353,291.5,2.3094018,1.3155425,0.277778
2024-11-07,291.31802,294.0,0.1596262,2.1955178,0.833334
2024-11-08,292.08804,292.5555725097656,0.14652808,1.6327649,0.4391157627105713
2024-11-09,293.42267,293.8704528808594,0.017816821,2.8630438,0.93250572681427
2024-11-10,296.31326,296.7182312011719,0.9904703,2.490673,0.7831704616546631
2024-11-11,290.2883,290.7825012207031,2.7841206,3.1586182,1.0510425567626953
2024-11-12,291.4678,291.94451904296875,0.0,1.664626,0.45189332962036133
2024-11-13,293.93173,297.0,0.0008642674,1.9629024,0.277778
2024-11-14,296.40292,295.5,0.00048677129,2.5463827,0.555556
2024-11-15,297.27087,297.6616516113281,0.0004351138,3.694624,1.26600182056427
2024-11-16,297.0704,297.4641418457031,0.377971,2.2700157,0.6946782469749451
2024-11-17,290.18588,290.6816101074219,0.3964007,2.930714,0.959644079208374
2024-11-18,288.27023,291.0,0.24796402,2.250304,0.555556
2024-11-19,289.57764,290.5,1.3608387,1.5782236,0.277778
2024-11-20,290.80957,292.5,0.35730502,1.7842598,0.555556
2024-11-21,291.73087,294.0,0.9334733,1.6166722,0.555556
2024-11-22,293.8773,295.0,0.12054791,1.9072062,0.555556
2024-11-23,294.3909,295.0,0.0027219455,2.258179,0.555556
2024-11-24,296.8822,300.5,0.16179185,2.7784119,0.555556
2024-11-25,294.81375,294.0,3.594339,2.3694518,0.555556
2024-11-26,295.24304,296.5,3.3358982,1.0918714,0.277778
2024-11-27,294.56662,295.0,1.5802085,1.1270579,0.277778
2024-11-28,293.8046,294.5,1.3483093,1.5553217,0.555556
2024-11-29,290.72482,287.5,3.2650306,2.0706851,0.0
2024-11-30,289.03476,287.5,0.75722235,1.3494738,0.0
2024-12-01,292.7735,293.5,0.7163237,2.787145,0.555556
2024-12-02,290.42322,290.0,0.0005364418,1.9141321,0.277778
2024-12-03,290.17752,290.5,0.0005364418,2.0444949,0.555556
2024-12-04,291.965,292.0,0.00085830706,2.897802,0.833334
2024-12-05,294.76932,295.0,0.062947474,2.9293747,0.833334
2024-12-06,293.49396,295.0,1.0215143,3.0986614,0.555556
2024-12-07,289.3502,289.0,0.013987851,2.8772728,0.277778
2024-12-08,287.78613,288.0,0.1996408,1.7897104,0.277778
2024-12-09,291.03622,291.5,0.020191073,1.5123256,0.277778
2024-12-10,293.54178,293.5,0.0008523463,2.3532543,0.555556
2024-12-11,294.89505,289.0,0.0,2.7034633,0.0
2024-12-12,296.7263,297.1251220703125,2.4987955,2.4246979,0.7567118406295776
2024-12-13,293.95264,294.3925476074219,4.2227407,2.8976936,0.9464015960693359
2024-12-14,294.52075,294.9522705078125,0.003397465,1.6416613,0.4426835775375366
2024-12-15,295.4849,295.9021301269531,0.19096334,1.6990867,0.46571338176727295
2024-12-16,294.9164,295.3420715332031,0.1258552,1.7299281,0.47808200120925903
2024-12-17,294.87753,295.3037414550781,0.0914683,2.4685297,0.774290144443512
2024-12-18,292.06763,292.53546142578125,4.267452,1.3477372,0.3248084783554077
2024-12-19,294.40036,294.8336486816406,0.0008583068,1.7770325,0.4969726800918579
2024-12-20,296.10873,296.5167236328125,0.10933479,2.2571304,0.689510703086853
2024-12-21,290.68616,291.1744689941406,2.357935,2.1584337,0.6499294638633728
2024-12-22,292.85693,293.3130798339844,0.0031874953,1.5704628,0.41413021087646484
2024-12-23,295.04224,295.46600341796875,2.1651983,2.6462808,0.845575213432312
2024-12-24,293.69644,294.1401672363281,0.3388524,3.0518544,1.0082261562347412
2024-12-25,292.79614,293.2532043457031,0.0,1.8185617,0.5136275291442871
2024-12-26,293.92972,294.3699645996094,0.024795532,1.366095,0.33217066526412964
2024-12-27,295.17834,295.60009765625,0.12788177,1.3919865,0.3425542116165161
2024-12-28,294.46912,294.9013977050781,3.7731926,1.2486129,0.2850557565689087
2024-12-29,295.56787,295.9838562011719,0.068843365,1.8679463,0.53343266248703
2024-12-30,295.71616,296.12994384765625,1.8542806,1.5939261,0.4235398769378662
2024-12-31,297.46545,297.85333251953125,1.8479129,1.9163675,0.5528514981269836
2025-01-01,295.9429,296.35333251953125,1.6910658,1.1053299,0.22759369015693665
2025-01-02,296.5502,296.95166015625,0.62067807,1.2354218,0.27976563572883606
2025-01-03,296.71878,297.11773681640625,0.8343632,1.0936155,0.2228957712650299
2025-01-04,297.7283,298.1123046875,0.034317374,2.0080345,0.5896134972572327
2025-01-05,297.988,298.3681640625,0.08355578,1.9343252,0.5600532293319702
2025-01-06,297.5571,297.9436340332031,0.30212817,1.8353995,0.5203801393508911
2025-01-07,296.55948,296.9607849121094,1.27355,1.496036,0.3842821717262268
2025-01-08,298.10583,298.4842224121094,1.5881509,1.4741821,0.3755178451538086
2025-01-09,295.43332,295.851318359375,2.0744948,1.2700405,0.2936490774154663
2025-01-10,295.47858,295.8959045410156,2.1292267,1.3642718,0.3314394950866699
2025-01-11,296.33676,296.7413635253906,0.05177657,1.6778322,0.45718950033187866
2025-01-12,297.35767,297.7471618652344,0.01857678,1.6625524,0.4510616660118103
2025-01-13,297.41602,297.80462646484375,0.018532077,1.509778,0.3897932171821594
2025-01-14,298.429,298.8026123046875,0.0008523463,1.7497793,0.4860430955886841
2025-01-15,299.4788,299.83685302734375,0.0008523464,1.7300726,0.4781399369239807
2025-01-16,299.06244,299.4266662597656,0.11012951,1.6253815,0.43615472316741943
2025-01-17,297.57956,297.96575927734375,1.1803111,1.5996104,0.4258195161819458
2025-01-18,295.10825,295.5310363769531,1.1109486,1.5800022,0.4179558753967285
2025-01-19,293.69186,294.1356506347656,0.94018877,2.4210563,0.755251407623291
2025-01-20,293.46,293.9071960449219,0.0,1.7626051,0.4911867380142212
2025-01-21,295.72864,296.1422424316406,0.0008597969,1.6512536,0.44653046131134033
2025-01-22,297.26193,297.65283203125,0.5165239,1.9478048,0.5654590725898743
2025-01-23,296.93747,297.33319091796875,0.22280402,2.5718632,0.8157309293746948
2025-01-24,298.22983,298.60638427734375,2.037836,1.6832737,0.45937174558639526
2025-01-25,296.6379,297.0380554199219,2.33531,1.4754652,0.37603241205215454
2025-01-26,296.96225,297.35760498046875,1.0324517,2.245162,0.6847109198570251
2025-01-27,296.65048,297.0504455566406,0.30910972,1.7938433,0.5037145018577576
2025-01-28,293.72577,294.1690368652344,6.93184,1.3898973,0.34171634912490845
2025-01-29,295.04233,295.4660949707031,0.06465709,1.3683792,0.3330867886543274
2025-01-30,296.22983,296.6360168457031,0.005289912,1.706275,0.4685961604118347
2025-01-31,297.1079,297.5010986328125,0.0008523463,1.9720259,0.5751726627349854
2025-02-01,297.79758,298.1805419921875,0.008235375,1.7340069,0.4797177314758301
2025-02-02,298.22946,298.60601806640625,0.000858851,2.454954,0.7688456773757935
2025-02-03,299.77557,300.1292419433594,0.08289019,2.2062173,0.66909259557724
2025-02-04,297.7827,298.1658935546875,0.09777645,1.9139744,0.5518917441368103
2025-02-05,296.80557,297.2032470703125,0.42345127,1.5343488,0.399647057056427
2025-02-06,296.54813,296.9496154785156,0.00088537735,1.6135093,0.43139350414276123
2025-02-07,298.38934,298.7635498046875,0.3601114,1.7234291,0.4754756689071655
2025-02-08,301.24463,301.5765380859375,0.0052402415,2.1038725,0.6280483603477478
2025-02-09,302.81873,303.1273193359375,0.00069538754,2.3178043,0.7138433456420898
2025-02-10,302.47302,302.7867431640625,0.0008627772,2.8786476,0.9387633800506592
2025-02-11,300.04498,300.3946533203125,0.30381978,2.3211248,0.7151749730110168
2025-02-12,292.39737,292.8603210449219,0.9179662,2.2035272,0.6680137515068054
2025-02-13,293.166,293.6175537109375,0.03572802,1.5510088,0.40632838010787964
2025-02-14,297.3453,297.7349853515625,0.13524294,2.0440123,0.6040420532226562
2025-02-15,295.17505,295.59686279296875,6.313359,1.3167512,0.31238192319869995
2025-02-16,295.05383,295.4774475097656,5.738953,1.6247501,0.4359015226364136
2025-02-17,294.85617,295.28271484375,0.18669665,1.6476113,0.44506973028182983
2025-02-18,293.31232,293.76171875,0.012328227,2.090764,0.6227912902832031
2025-02-19,294.9957,295.420166015625,0.0,2.829563,0.9190785884857178
2025-02-20,296.48743,296.8898010253906,0.0008583068,2.6243913,0.836796760559082
2025-02-21,298.02856,298.4081115722656,0.00043014676,2.0703506,0.6146047711372375
2025-02-22,300.1963,300.5437316894531,0.0022451084,2.5762365,0.8174847364425659
2025-02-23,301.09235,301.426513671875,0.0008523463,2.5380318,0.8021631240844727
2025-02-24,301.15442,301.4876708984375,0.06528199,2.2786953,0.6981590986251831
2025-02-25,297.9791,298.359375,2.94211,1.5463787,0.4044715166091919
2025-02-26,296.61984,297.020263671875,1.7080741,1.0203458,0.1935117542743683
2025-02-27,295.76328,296.1763610839844,2.4679701,1.9007988,0.5466078519821167
2025-02-28,296.3876,296.79144287109375,1.6266884,1.9515718,0.5669698119163513
2025-03-01,295.13904,295.5613708496094,1.2855778,1.4545072,0.36762744188308716
2025-03-02,294.82993,295.2568664550781,1.7071664,1.8708175,0.5345841646194458
2025-03-03,296.64914,297.04913330078125,1.6667694,2.0018878,0.5871484875679016
2025-03-04,297.76645,298.1498718261719,0.61719614,2.2452452,0.6847442984580994
2025-03-05,299.32455,299.6849060058594,0.06669263,2.2955983,0.7049378752708435
2025-03-06,299.86493,300.21728515625,0.08897483,2.4575682,0.7698941230773926
2025-03-07,299.29617,299.6569519042969,1.4743805,2.7655942,0.8934246301651001
2025-03-08,292.3211,292.7851867675781,7.3766985,3.129451,1.039345383644104
2025-03-09,289.0921,289.60400390625,0.0004276632,1.8964719,0.5448725819587708
2025-03-10,290.42252,290.91473388671875,0.0008523463,2.196559,0.6652191877365112
2025-03-11,292.0242,292.49267578125,1.0835925,1.4302149,0.35788530111312866
2025-03-12,285.41125,285.9776916503906,2.717076,2.4050531,0.7488335371017456
2025-03-13,286.118,286.6739807128906,0.11085967,1.3409362,0.3220810294151306
2025-03-14,287.52856,288.0636291503906,0.029213376,1.9932075,0.5836673378944397
2025-03-15,290.14197,290.6383361816406,0.06837149,1.9570618,0.5691714882850647
2025-03-16,292.24496,292.7101745605469,1.290685,1.4546455,0.36768293380737305
2025-03-17,293.13635,293.58837890625,0.042458374,1.6225859,0.43503355979919434
2025-03-18,294.29813,294.7329406738281,0.004023314,1.6485125,0.4454311728477478
2025-03-19,295.3431,295.7624206542969,0.0,2.6108396,0.8313620090484619
2025-03-20,294.8661,295.29248046875,0.0004351138,2.592138,0.8238619565963745
2025-03-21,293.83057,294.2723083496094,2.7838547,1.2691542,0.29329365491867065
2025-03-22,293.10962,293.56201171875,0.089238085,1.4251727,0.35586315393447876
2025-03-23,291.6864,292.1598815917969,3.0624075,1.4183232,0.3531162142753601
2025-03-24,288.04092,288.56842041015625,2.7348697,1.747481,0.48512136936187744
2025-03-25,287.27234,287.81121826171875,1.8644407,2.3886013,0.7422357201576233
2025-03-26,290.81992,291.3062438964844,1.2087623,1.5891548,0.42162638902664185
2025-03-27,291.9194,293.0,0.8264233,1.0397197,0.0
2025-03-28,292.2318,292.5,0.51388735,1.209247,0.277778
2025-03-29,291.70895,293.0,0.20688276,1.69203,0.277778
2025-03-30,294.70593,294.5,0.92473626,3.0453103,1.3888900000000002
2025-03-31,286.34232,286.0,5.537331,3.3222954,0.555556
2025-04-01,285.76508,286.3262634277344,0.0004351138,1.288896,0.301210880279541
2025-04-02,286.66586,287.2137145996094,0.0004276632,1.443508,0.3632163405418396
2025-04-03,288.083,288.60986328125,0.013423959,2.214262,0.6723188161849976
2025-04-04,282.28204,282.0,0.016738972,2.1468022,0.277778
2025-04-05,282.56567,284.0,0.000868536,1.6973352,0.277778
2025-04-06,283.7853,284.0,0.019262234,1.3506562,0.277778
2025-04-07,285.96292,284.0,0.10752678,1.9262768,0.0
2025-04-08,286.3603,286.91265869140625,0.33597586,2.2765589,0.6973022818565369
2025-04-09,287.54532,289.0,0.041343894,1.5207773,0.277778
2025-04-10,288.26706,287.0,0.18172711,1.5489111,0.0
2025-04-11,289.059,291.5,0.05882482,1.7540689,0.277778
2025-04-12,288.49063,289.0,4.2202673,1.5251198,0.277778
2025-04-13,288.0414,288.0,0.04838407,1.4564247,0.277778
2025-04-14,287.88254,289.5,0.012477239,2.0595043,0.0
2025-04-15,288.77637,290.0,1.067405,1.2042896,0.277778
2025-04-16,290.29218,292.5,0.056083005,1.82161,0.555556
2025-04-17,291.47073,292.5,0.03267328,1.6304795,0.277778
2025-04-18,289.12015,287.5,0.83814067,1.8397526,0.277778
2025-04-19,285.17935,285.0,0.23710231,1.4314402,0.277778
2025-04-20,285.23758,285.5,0.16338378,1.4572188,0.277778
2025-04-21,286.7233,283.5,0.0008523463,2.0203238,0.555556
2025-04-22,288.37936,288.9018249511719,0.00085234636,2.0308847,0.5987773537635803
2025-04-23,289.47702,294.5,0.28696656,1.4640903,0.833334
2025-04-24,290.2418,290.7366638183594,0.43057588,1.1786584,0.25700128078460693
2025-04-25,290.6938,291.1819763183594,0.0112988055,2.1380334,0.6417481899261475
2025-04-26,286.958,287.50152587890625,0.4130751,2.771375,0.8957428932189941
2025-04-27,287.56296,288.0975341796875,0.23392837,1.1778085,0.25666046142578125
2025-04-28,288.15875,288.68450927734375,0.0008672476,1.506761,0.388583242893219
2025-04-29,287.9114,288.4408264160156,0.0,2.2559965,0.6890559792518616
2025-04-30,288.4247,292.5,0.0,2.704315,1.111112
2025-05-01,289.08463,290.0,0.0008597969,2.3526735,0.833334
2025-05-02,289.34103,290.0,0.0043988223,1.5260159,0.277778
2025-05-03,290.84253,291.5,0.016480684,2.2932184,0.555556
2025-05-04,292.12607,295.0,0.19288063,1.8157349,0.833334
2025-05-05,289.73398,290.5,2.4380014,1.2898871,0.0
2025-05-06,290.72705,289.0,0.37835413,1.2677989,0.0
2025-05-07,289.6368,291.5,0.43100616,1.3279786,0.277778
2025-05-08,289.38806,290.0,0.20365913,1.4266154,0.277778
2025-05-09,288.76627,290.0,0.10576099,0.9642241,0.277778
2025-05-10,289.29306,289.0,0.0008583068,1.558238,0.277778
2025-05-11,288.56082,288.5,0.0008583068,2.8245418,0.555556
2025-05-12,288.5426,288.5,0.0008571272,2.791804,0.555556
2025-05-13,288.14005,288.0,0.0008583068,2.5039103,0.833334
2025-05-14,289.14844,292.0,0.009606282,1.4281961,0.0
2025-05-15,291.94272,293.0,0.30952197,2.0815506,0.833334
2025-05-16,292.7949,294.0,0.520736,1.8902072,0.555556
2025-05-17,293.23456,294.5,1.3863332,2.457954,1.3888900000000002
2025-05-18,285.9235,285.5,0.7514432,3.1469848,0.555556
2025-05-19,283.921,284.0,0.0008596797,0.8015143,0.277778
2025-05-20,283.24808,279.5,0.0008523463,1.4679217,0.0
2025-05-21,283.97952,284.5671691894531,0.01690785,1.1130725,0.23069879412651062
2025-05-22,284.64618,284.0,0.20124018,1.0925828,0.277778
2025-05-23,285.0117,285.5,0.0,2.0940917,0.555556
2025-05-24,286.85745,288.5,0.055412453,1.1689653,0.277778
2025-05-25,285.04233,286.0,0.009755294,1.4048771,0.277778
2025-05-26,286.0331,285.5,0.01780068,1.2525746,0.555556
2025-05-27,283.204,280.5,0.8407683,3.412309,1.111112
2025-05-28,278.81165,278.0,0.0,1.8561205,0.277778
2025-05-29,279.39642,280.0,0.0,1.4904026,0.277778
2025-05-30,281.02066,282.0,0.0,1.5667018,0.277778
2025-05-31,281.5024,281.0,0.0008583068,1.6340634,0.277778
2025-06-01,281.81888,280.5,0.0004276632,1.9279228,0.277778
2025-06-02,282.5131,283.5,0.0,1.7371083,0.555556
2025-06-03,284.08057,284.0,0.0008583068,1.7330114,0.555556
2025-06-04,284.11795,284.5,0.0008583068,2.0512407,0.277778
2025-06-05,284.51318,283.5,0.0,1.7838236,0.277778
2025-06-06,283.8406,284.0,0.0,1.875213,0.277778
2025-06-07,283.39624,284.5,0.13512373,1.3539699,0.277778
2025-06-08,283.21683,284.0,0.020911297,1.1870718,0.277778
2025-06-09,283.1304,282.0,0.0008523463,1.6066123,0.277778
2025-06-10,282.49173,282.5,0.0008523463,2.2015812,0.555556
2025-06-11,282.28348,282.5,0.0,2.8779442,0.555556
2025-06-12,281.87735,282.5,0.0008583068,2.9277775,0.833334
2025-06-13,282.9537,286.0,0.0049451985,1.5651245,0.277778
2025-06-14,282.54507,281.5,0.1353547,2.3210654,0.277778
2025-06-15,281.77148,281.0,0.00086873415,2.6411242,0.833334
2025-06-16,284.02634,285.5,0.0008519566,2.1995296,1.111112
2025-06-17,281.6549,281.5,9.934107e-05,2.245304,0.555556
2025-06-18,280.90628,281.5,0.0008583068,1.763023,0.277778
2025-06-19,280.86136,281.0,0.0,1.6472692,0.277778
2025-06-20,281.87378,282.0,0.00042713864,1.9510494,0.277778
2025-06-21,281.2746,282.0,0.00085830694,1.7425834,0.277778
2025-06-22,282.19107,281.5,0.31715134,2.4284475,0.555556
2025-06-23,277.66586,277.5,0.009139379,2.1773498,0.277778
2025-06-24,279.5193,278.5,0.000862822,2.5299826,0.833334
2025-06-25,280.23288,281.0,0.0008597969,3.2883835,1.111112
2025-06-26,279.7964,281.0,0.0,1.7204872,0.277778
2025-06-27,278.97678,279.5,0.0,1.8703079,0.277778
2025-06-28,279.04276,279.5,0.0017287763,2.0814764,0.555556
2025-06-29,274.7642,273.0,0.08761883,2.9056263,0.277778
2025-06-30,274.65863,275.38433837890625,0.018676123,1.1402049,0.277778
2025-07-01,274.25192,275.0,4.5324367e-05,2.218491,0.833334
2025-07-02,276.62314,278.0,0.0008523463,2.2848797,1.111112
2025-07-03,279.78378,281.5,0.0004276632,2.8372002,1.3888900000000002
2025-07-04,281.84097,283.5,0.0004261732,2.1412237,0.833334
2025-07-05,281.42575,282.0,0.0004351138,1.5983578,0.277778
2025-07-06,283.9384,286.0,0.16108651,1.8472238,0.555556
2025-07-07,284.93015,286.5,0.0697126,1.6224629,0.277778
2025-07-08,285.5366,285.5,0.0035886962,2.0978835,0.277778
2025-07-09,287.91,290.5,0.18327719,1.7398056,0.555556
2025-07-10,284.4496,285.0,1.1035005,1.1796967,0.0
2025-07-11,282.96243,284.0,0.79181045,0.9628136,0.0
2025-07-12,283.6979,284.0,0.21659327,2.0366156,0.833334
2025-07-13,284.1611,284.0,0.0063478947,1.7141405,0.555556
2025-07-14,284.82632,286.0,0.032529235,2.6564705,1.111112
2025-07-15,288.85654,290.5,0.0012355546,2.5090868,0.833334
2025-07-16,283.54648,282.0,0.5131513,3.8142688,1.111112
2025-07-17,280.2534,281.0,0.0008523463,1.5848335,0.277778
2025-07-18,282.81003,284.0,0.00086966367,2.4426157,0.833334
2025-07-19,284.62894,285.0,0.0008583068,2.450447,0.833334
2025-07-20,284.668,286.0,0.0004261732,1.7855682,0.277778
2025-07-21,284.71484,284.0,0.0,1.4406347,0.277778
2025-07-22,283.16614,281.5,0.11717776,1.6272141,0.277778
2025-07-23,279.10953,279.0,0.2513776,1.3404446,0.277778
2025-07-24,279.746,282.0,0.05993247,1.6256346,0.555556
2025-07-25,283.381,283.0,0.006725391,1.6723498,0.555556
2025-07-26,280.6818,280.5,0.31020245,2.0854764,0.277778
2025-07-27,277.95786,279.0,0.19241497,2.579426,0.555556
2025-07-28,278.9509,281.0,0.08223454,1.4561296,0.277778
2025-07-29,280.24606,281.5,0.002508362,2.5470731,1.666668
2025-07-30,283.6116,286.5,0.0,3.7028172,2.222224
2025-07-31,286.36435,290.0,0.0008553266,3.1305554,1.9444460000000001
2025-08-01,288.0595,290.5,0.075151525,1.7364248,0.833334
2025-08-02,284.5537,283.5,0.75062615,1.5747811,0.277778
2025-08-03,283.04944,284.0,0.015536943,1.5201778,0.277778
2025-08-04,281.36276,283.0,0.001485149,1.5703543,0.277778
2025-08-05,282.2233,282.0,0.0008523464,1.5117737,0.277778
2025-08-06,282.11978,283.0,0.0008583068,1.8097647,0.555556
2025-08-07,281.80444,282.5,0.021447739,2.3580382,0.277778
2025-08-08,279.8225,279.5,0.0,1.5373234,0.277778
2025-08-09,281.0942,281.5,0.00085140456,2.218479,0.277778
2025-08-10,282.64816,285.0,0.0008583068,2.0334563,1.111112
2025-08-11,284.1639,285.0,0.0,1.8736426,0.277778
2025-08-12,287.2074,289.5,0.0008628952,2.6861126,1.111112
2025-08-13,284.9594,284.5,0.0,3.0418403,0.555556
2025-08-14,281.5115,281.0,0.0006680687,1.5176986,0.277778
2025-08-15,280.58615,284.0,0.0024338563,1.4299301,0.277778
2025-08-16,283.12698,284.0,0.45548752,0.9898984,0.277778
2025-08-17,283.11865,281.5,0.0018291175,1.4397197,0.277778
2025-08-18,282.8662,283.5,0.49047667,1.5416737,0.277778
2025-08-19,282.17636,282.5,2.062296,2.6426694,0.0
2025-08-20,285.53265,284.0,0.0008523463,2.4636767,0.833334
2025-08-21,286.74805,286.0,0.0008597969,3.5056858,1.111112
2025-08-22,283.411,284.5,0.058626134,3.683795,0.833334
2025-08-23,281.22293,280.5,0.010003646,2.0454986,0.277778
2025-08-24,281.30762,282.5,0.0,2.4553223,0.555556
2025-08-25,285.10724,285.0,0.0,2.1424525,0.277778
2025-08-26,287.13696,285.5,0.0008523463,1.98934,0.277778
2025-08-27,286.452,285.0,0.0,2.3783607,0.555556
2025-08-28,286.30032,286.0,0.0008583068,2.6686127,0.555556
2025-08-29,286.50113,286.5,0.00085979694,2.673045,0.555556
2025-08-30,285.72693,288.0,3.8493981,2.0824919,0.277778
2025-08-31,284.60077,283.0,6.2972627,2.4368682,0.555556
2025-09-01,282.71298,284.5,0.0065832087,1.3890597,0.277778
2025-09-02,284.70163,285.0,0.0004306436,1.8353529,0.555556
2025-09-03,283.40234,283.5,0.0004261732,2.0321617,0.555556
2025-09-04,281.2175,282.5,0.011626882,1.6760694,0.277778
2025-09-05,280.16122,280.5,0.0024437904,1.4254662,0.277778
2025-09-06,280.68564,281.0,0.0008583068,2.1039143,0.555556
2025-09-07,281.5253,282.5,0.0004261732,2.4021113,0.833334
2025-09-08,285.01758,286.5,0.014518698,1.6177931,0.555556
2025-09-09,286.91644,287.0,0.00085830706,2.3392756,0.555556
2025-09-10,289.20328,291.5,0.00085532654,4.0356617,1.666668
2025-09-11,286.60373,286.5,0.0,1.7862873,0.555556
2025-09-12,286.27917,285.5,0.0008523463,2.2218316,0.555556
2025-09-13,288.9795,290.0,0.0008523463,2.5331376,1.111112
2025-09-14,287.85098,289.5,0.037968155,2.107017,0.277778
2025-09-15,289.6431,290.5,0.032247353,1.3982135,0.277778
2025-09-16,289.46677,289.0,0.0047286353,2.1598477,0.277778
2025-09-17,289.15848,290.0,0.9132524,1.3111827,0.0
2025-09-18,291.8915,294.5,0.07274002,1.419747,0.555556
2025-09-19,294.9421,296.0,1.043573,2.0620282,0.833334
2025-09-20,292.7412,294.0,5.4045744,1.4841791,0.833334
2025-09-21,286.60608,285.0,1.0493397,3.1142006,0.555556
2025-09-22,285.30176,284.0,0.0008672476,1.4025793,0.555556
2025-09-23,287.38254,286.5,0.0,2.9269898,1.111112
2025-09-24,287.5801,287.0,0.0,1.9702605,0.555556
2025-09-25,287.01544,288.5,0.0,2.9989765,0.833334
2025-09-26,288.9583,290.5,0.019093355,3.169131,0.833334
2025-09-27,287.97473,287.0,4.2036376,3.232091,0.833334
2025-09-28,287.99982,287.0,0.00086784555,2.165023,0.555556
2025-09-29,290.2524,290.0,0.00085634564,2.1915135,0.555556
2025-09-30,288.93872,289.5,0.043754775,2.5563028,0.277778
2025-10-01,288.13724,290.0,0.22681554,1.4503065,0.277778
2025-10-02,289.51822,288.5,0.01314034,1.8698438,0.555556
2025-10-03,292.17966,292.5,0.0008523463,3.0111637,1.111112
2025-10-04,295.68808,296.0,0.06463627,2.815139,1.111112
2025-10-05,291.4714,289.5,1.1846671,3.3541336,1.111112
2025-10-06,285.83618,283.5,0.0008672476,1.9699966,0.555556
2025-10-07,287.83194,286.0,0.0,2.3518496,0.555556
2025-10-08,288.9907,287.5,0.0008523464,2.570794,0.555556
2025-10-09,291.5214,290.0,0.0008702279,2.9399192,1.3888900000000002
2025-10-10,293.57394,291.0,0.0,3.1701415,1.111112
2025-10-11,294.3574,294.5,0.0004351138,2.8966875,1.111112
2025-10-12,289.82816,291.0,0.0004261732,2.6072915,0.555556
2025-10-13,291.47266,288.5,0.0004276632,1.695705,0.277778
2025-10-14,292.65332,289.5,0.00085830706,3.0099895,0.833334
2025-10-15,293.73026,293.0,0.07108847,2.4132805,0.833334
2025-10-16,293.6116,293.0,0.14437486,2.1217234,0.277778
2025-10-17,290.187,288.5,1.1377978,2.3036973,0.277778
2025-10-18,288.42932,288.5,0.09474655,2.1822128,0.555556
2025-10-19,289.49048,288.0,0.0,3.2282038,0.833334
2025-10-20,291.0515,290.0,0.0017166137,3.1451225,0.833334
2025-10-21,293.9695,292.5,0.0,3.1868064,1.111112
2025-10-22,295.4515,294.0,0.0900029,2.1945689,0.555556
2025-10-23,297.13174,298.0,0.96656877,2.4451542,0.833334
2025-10-24,293.5527,292.5,1.6183952,1.9848614,0.555556
2025-10-25,288.18204,287.5,0.4005842,3.8501766,1.111112
2025-10-26,289.16373,287.5,0.0008500386,2.0049725,0.555556
2025-10-27,285.07233,283.5,0.2763669,2.7341626,0.555556
2025-10-28,278.7297,277.0,1.0126854,2.7299426,0.277778
2025-10-29,283.12247,284.5,0.0010679165,1.8369528,0.277778
2025-10-30,285.72995,287.5,0.011131167,1.7988831,0.833334
2025-10-31,289.8634,291.0,0.0,3.0523007,1.111112
2025-11-01,290.5175,291.0,1.3928363,1.290382,0.277778
2025-11-02,291.1687,291.5,1.9045944,1.4726378,0.277778
2025-11-03,294.14255,292.5,0.028317174,2.26958,0.555556
2025-11-04,293.01602,293.0,0.20634134,2.4944737,0.833334
2025-11-05,290.9165,293.5,0.041663647,2.1868377,0.555556
2025-11-06,288.8735,291.5,0.2574573,2.8924487,0.833334
2025-11-07,285.62695,286.0,2.552867,2.4349515,0.555556
2025-11-08,286.07578,286.0,0.003799796,1.8569708,0.555556
2025-11-09,287.82797,288.0,0.0035886962,1.8986812,0.555556
2025-11-10,290.40906,290.0,0.0008593003,2.3922732,0.555556
2025-11-11,293.70505,295.5,0.13207395,2.4153407,1.111112
2025-11-12,289.73828,291.0,2.3041592,2.7554634,0.555556
2025-11-13,290.71066,291.0,0.022898117,1.697728,0.277778
2025-11-14,292.14243,291.5,0.06495805,2.195595,0.555556
2025-11-15,294.56625,296.5,0.39838254,3.0852497,1.111112
2025-11-16,292.80798,291.0,3.3041909,3.206648,1.111112
2025-11-17,291.23093,290.5,0.0004276632,1.1147352,0.555556
2025-11-18,295.5416,293.0,0.0008523463,2.1137393,0.555556
2025-11-19,296.3967,294.5,0.0008583068,1.8908304,0.555556
2025-11-20,296.94778,298.5,0.6223172,2.6780891,1.3888900000000002
2025-11-21,292.7556,294.0,0.33920878,3.434635,0.555556
2025-11-22,291.19543,291.0,0.04015366,1.7302231,0.555556
2025-11-23,292.07462,292.5,0.03267328,1.9008433,0.555556
2025-11-24,294.2761,293.5,0.0,2.2699964,0.833334
2025-11-25,296.66983,296.0,0.00044107437,2.203354,0.555556
2025-11-26,296.61597,295.5,0.0,2.2327507,0.833334
2025-11-27,297.017,297.0,0.77136856,1.7312317,0.555556
2025-11-28,297.36087,297.5,1.2920101,1.974455,0.277778
2025-11-29,296.31937,297.5,5.273476,2.0627432,0.833334
2025-11-30,293.95206,296.0,2.4139533,1.4001888,0.555556
2025-12-01,291.69122,291.5,2.2877183,1.7386619,0.277778
2025-12-02,292.30728,292.0,0.15127163,1.3064822,0.277778
2025-12-03,294.32867,294.0,0.0008523463,1.8815955,0.277778
2025-12-04,297.23953,297.5,0.0,2.4989233,0.555556
2025-12-05,298.7199,298.5,0.097314514,2.2307937,0.833334
2025-12-06,296.2088,296.0,0.5852878,2.067282,0.277778
2025-12-07,289.93616,291.0,2.2265117,2.5761163,0.0
2025-12-08,291.40414,293.0,0.008240342,2.7227771,0.555556
2025-12-09,292.3494,292.0,0.0,1.8331863,0.277778
2025-12-10,295.28333,295.0,0.4089872,1.4608755,0.277778
2025-12-11,294.75943,294.0,4.5513906,1.5790471,0.277778
2025-12-12,295.8706,295.0,0.008717179,1.521432,0.555556
2025-12-13,297.82956,297.0,0.22493552,2.7826574,0.833334
2025-12-14,293.14246,291.0,2.214715,2.1119196,0.555556
2025-12-15,290.7051,290.5,1.4624349,2.584605,0.555556
2025-12-16,293.34814,293.0,0.03598134,1.493548,0.555556
2025-12-17,295.40536,294.0,0.0004276632,3.6700075,1.111112
2025-12-18,296.20285,294.5,0.00086853985,2.1149518,0.555556
2025-12-19,297.4279,297.0,0.001857678,3.007845,0.833334
2025-12-20,297.07315,298.0,2.7798662,1.9163738,0.555556
2025-12-21,295.37433,296.0,1.2506605,1.4383024,0.555556
2025-12-22,294.36435,294.0,1.4723862,1.9042426,0.555556
2025-12-23,295.93582,298.0,1.5835544,1.562707,0.555556
2025-12-24,297.05588,297.5,2.9812157,1.7020725,0.555556
2025-12-25,295.5452,296.5,2.949434,1.9865259,0.555556
2025-12-26,296.71133,295.0,0.0004276632,2.3315003,0.555556
2025-12-27,297.01562,297.5,0.23865949,2.6466892,0.555556
2025-12-28,296.4497,296.5,0.2392404,1.8575903,0.277778
2025-12-29,296.73862,297.5,0.45989454,1.4203864,0.277778
2025-12-30,298.53946,298.5,0.0436306,1.4756981,0.555556
2025-12-31,298.54837,300.5,0.62498176,1.2891004,0.277778
2026-01-01,299.15543,300.0,2.9486196,1.1962737,0.555556
